msgver_id,ref_num_code,cndn_code,msg_data_element_name,data_format,data_element_code,data_element_chk_ind,fixed_val,ignore_record_ind,sort_seq_num,msgver_id,msg_id,msg_typ,msg_ver,rmk,msg_std_code,def_msg_ind,cre_datt_bu,cre_by,mod_datt_bu,mod_by,txn_id,ver_id,eix_id,par_fmtr_ind
80,1,M,Standard Message Identification,,,,,N,1,80,38,FSA,14,FSA Message 14,CargoIMP,Y,01-FEB-14 11.45.52.0000000 AM,SYSTEM,29-JAN-15 11.20.39.4570000 AM,NISHI,1.30E+17,,10,B
80,1.1,M,Standard Message Identifier,aaa,101,,FSA,N,2,80,38,FSA,14,FSA Message 14,CargoIMP,Y,01-FEB-14 11.45.52.0000000 AM,SYSTEM,29-JAN-15 11.20.39.4570000 AM,NISHI,1.30E+17,,10,B
80,1.2,M,Separator,Slant,,,,N,3,80,38,FSA,14,FSA Message 14,CargoIMP,Y,01-FEB-14 11.45.52.0000000 AM,SYSTEM,29-JAN-15 11.20.39.4570000 AM,NISHI,1.30E+17,,10,B
80,1.3,M,Message Type Version Number,n[...3],124,,,N,4,80,38,FSA,14,FSA Message 14,CargoIMP,Y,01-FEB-14 11.45.52.0000000 AM,SYSTEM,29-JAN-15 11.20.39.4570000 AM,NISHI,1.30E+17,,10,B
80,1.4,M,Separator,CRLF,,,,N,5,80,38,FSA,14,FSA Message 14,CargoIMP,Y,01-FEB-14 11.45.52.0000000 AM,SYSTEM,29-JAN-15 11.20.39.4570000 AM,NISHI,1.30E+17,,10,B
80,2,M,Consignment Detail,,,,,N,6,80,38,FSA,14,FSA Message 14,CargoIMP,Y,01-FEB-14 11.45.52.0000000 AM,SYSTEM,29-JAN-15 11.20.39.4570000 AM,NISHI,1.30E+17,,10,B
80,2.1,M,AWB Identification,,,,,N,7,80,38,FSA,14,FSA Message 14,CargoIMP,Y,01-FEB-14 11.45.52.0000000 AM,SYSTEM,29-JAN-15 11.20.39.4570000 AM,NISHI,1.30E+17,,10,B
80,2.1.1,M,Airline Prefix,nnn,112,,,N,8,80,38,FSA,14,FSA Message 14,CargoIMP,Y,01-FEB-14 11.45.52.0000000 AM,SYSTEM,29-JAN-15 11.20.39.4570000 AM,NISHI,1.30E+17,,10,B
80,2.1.2,M,Separator,Hyphen,,,,N,9,80,38,FSA,14,FSA Message 14,CargoIMP,Y,01-FEB-14 11.45.52.0000000 AM,SYSTEM,29-JAN-15 11.20.39.4570000 AM,NISHI,1.30E+17,,10,B
80,2.1.3,M,AWB Serial Number,n[8],113,,,N,10,80,38,FSA,14,FSA Message 14,CargoIMP,Y,01-FEB-14 11.45.52.0000000 AM,SYSTEM,29-JAN-15 11.20.39.4570000 AM,NISHI,1.30E+17,,10,B
80,2.2,O,AWB Origin and Destination,,,,,N,11,80,38,FSA,14,FSA Message 14,CargoIMP,Y,01-FEB-14 11.45.52.0000000 AM,SYSTEM,29-JAN-15 11.20.39.4570000 AM,NISHI,1.30E+17,,10,B
80,2.2.1,M,AWB Origin,aaa,313,,,N,12,80,38,FSA,14,FSA Message 14,CargoIMP,Y,01-FEB-14 11.45.52.0000000 AM,SYSTEM,29-JAN-15 11.20.39.4570000 AM,NISHI,1.30E+17,,10,B
80,2.2.2,M,AWB Destination,aaa,313,,,N,13,80,38,FSA,14,FSA Message 14,CargoIMP,Y,01-FEB-14 11.45.52.0000000 AM,SYSTEM,29-JAN-15 11.20.39.4570000 AM,NISHI,1.30E+17,,10,B
80,2.3,O,Consignment Quantity Detail ,,,,,N,14,80,38,FSA,14,FSA Message 14,CargoIMP,Y,01-FEB-14 11.45.52.0000000 AM,SYSTEM,29-JAN-15 11.20.39.4570000 AM,NISHI,1.30E+17,,10,B
80,2.3.1,M,Separator,Slant,,,,N,15,80,38,FSA,14,FSA Message 14,CargoIMP,Y,01-FEB-14 11.45.52.0000000 AM,SYSTEM,29-JAN-15 11.20.39.4570000 AM,NISHI,1.30E+17,,10,B
80,2.3.2,M,Shipment Desc Code ,a,703,Y,,N,16,80,38,FSA,14,FSA Message 14,CargoIMP,Y,01-FEB-14 11.45.52.0000000 AM,SYSTEM,29-JAN-15 11.20.39.4570000 AM,NISHI,1.30E+17,,10,B
80,2.3.3,M,Number of Pieces,n[...4],,,,N,17,80,38,FSA,14,FSA Message 14,CargoIMP,Y,01-FEB-14 11.45.52.0000000 AM,SYSTEM,29-JAN-15 11.20.39.4570000 AM,NISHI,1.30E+17,,10,B
80,2.3.4,O,Weight Code,a,601,Y,,N,18,80,38,FSA,14,FSA Message 14,CargoIMP,Y,01-FEB-14 11.45.52.0000000 AM,SYSTEM,29-JAN-15 11.20.39.4570000 AM,NISHI,1.30E+17,,10,B
80,2.3.5,O,Weight,n[...7]p,600,,,N,19,80,38,FSA,14,FSA Message 14,CargoIMP,Y,01-FEB-14 11.45.52.0000000 AM,SYSTEM,29-JAN-15 11.20.39.4570000 AM,NISHI,1.30E+17,,10,B
80,2.4,O,Total Consignment Pieces,,,,,N,20,80,38,FSA,14,FSA Message 14,CargoIMP,Y,01-FEB-14 11.45.52.0000000 AM,SYSTEM,29-JAN-15 11.20.39.4570000 AM,NISHI,1.30E+17,,10,B
80,2.4.1,M,Shipment Description Code ,a,703,,T,N,21,80,38,FSA,14,FSA Message 14,CargoIMP,Y,01-FEB-14 11.45.52.0000000 AM,SYSTEM,29-JAN-15 11.20.39.4570000 AM,NISHI,1.30E+17,,10,B
80,2.4.2,M,Number of Pieces,n[...4],701,,,N,22,80,38,FSA,14,FSA Message 14,CargoIMP,Y,01-FEB-14 11.45.52.0000000 AM,SYSTEM,29-JAN-15 11.20.39.4570000 AM,NISHI,1.30E+17,,10,B
80,2.5,M,Separator,CRLF,,,,N,23,80,38,FSA,14,FSA Message 14,CargoIMP,Y,01-FEB-14 11.45.52.0000000 AM,SYSTEM,29-JAN-15 11.20.39.4570000 AM,NISHI,1.30E+17,,10,B
80,3,O,Status Details RCS,,,,,N,24,80,38,FSA,14,FSA Message 14,CargoIMP,Y,01-FEB-14 11.45.52.0000000 AM,SYSTEM,29-JAN-15 11.20.39.4570000 AM,NISHI,1.30E+17,,10,B
80,3.1,M,Status Code RCS,aaa,400,,RCS,N,25,80,38,FSA,14,FSA Message 14,CargoIMP,Y,01-FEB-14 11.45.52.0000000 AM,SYSTEM,29-JAN-15 11.20.39.4570000 AM,NISHI,1.30E+17,,10,B
80,3.2,M,Separator,Slant,,,,N,26,80,38,FSA,14,FSA Message 14,CargoIMP,Y,01-FEB-14 11.45.52.0000000 AM,SYSTEM,29-JAN-15 11.20.39.4570000 AM,NISHI,1.30E+17,,10,B
80,3.3,M,Movement Detail RCS,,,,,N,27,80,38,FSA,14,FSA Message 14,CargoIMP,Y,01-FEB-14 11.45.52.0000000 AM,SYSTEM,29-JAN-15 11.20.39.4570000 AM,NISHI,1.30E+17,,10,B
80,3.3.1,M,Day of Receipt,nn,202,,,N,28,80,38,FSA,14,FSA Message 14,CargoIMP,Y,01-FEB-14 11.45.52.0000000 AM,SYSTEM,29-JAN-15 11.20.39.4570000 AM,NISHI,1.30E+17,,10,B
80,3.3.2,M,Month of Receipt,aaa,201,,,N,29,80,38,FSA,14,FSA Message 14,CargoIMP,Y,01-FEB-14 11.45.52.0000000 AM,SYSTEM,29-JAN-15 11.20.39.4570000 AM,NISHI,1.30E+17,,10,B
80,3.3.3,O,Actual Time,nnnn,203,,,N,30,80,38,FSA,14,FSA Message 14,CargoIMP,Y,01-FEB-14 11.45.52.0000000 AM,SYSTEM,29-JAN-15 11.20.39.4570000 AM,NISHI,1.30E+17,,10,B
80,3.3.4,M,Separator,Slant,,,,N,31,80,38,FSA,14,FSA Message 14,CargoIMP,Y,01-FEB-14 11.45.52.0000000 AM,SYSTEM,29-JAN-15 11.20.39.4570000 AM,NISHI,1.30E+17,,10,B
80,3.3.5,M,Airport Code of Receipt,aaa,313,,,N,32,80,38,FSA,14,FSA Message 14,CargoIMP,Y,01-FEB-14 11.45.52.0000000 AM,SYSTEM,29-JAN-15 11.20.39.4570000 AM,NISHI,1.30E+17,,10,B
80,3.4,M,Status Quantity Detail RCS,,,,,N,33,80,38,FSA,14,FSA Message 14,CargoIMP,Y,01-FEB-14 11.45.52.0000000 AM,SYSTEM,29-JAN-15 11.20.39.4570000 AM,NISHI,1.30E+17,,10,B
80,3.4.1,M,Separator,Slant,,,,N,34,80,38,FSA,14,FSA Message 14,CargoIMP,Y,01-FEB-14 11.45.52.0000000 AM,SYSTEM,29-JAN-15 11.20.39.4570000 AM,NISHI,1.30E+17,,10,B
80,3.4.2,M,Shipment Desc Code ,a,703,Y,,N,35,80,38,FSA,14,FSA Message 14,CargoIMP,Y,01-FEB-14 11.45.52.0000000 AM,SYSTEM,29-JAN-15 11.20.39.4570000 AM,NISHI,1.30E+17,,10,B
80,3.4.3,M,Number of Pieces ,n[...4],701,,,N,36,80,38,FSA,14,FSA Message 14,CargoIMP,Y,01-FEB-14 11.45.52.0000000 AM,SYSTEM,29-JAN-15 11.20.39.4570000 AM,NISHI,1.30E+17,,10,B
80,3.4.4,O,Weight Code ,a,601,Y,,N,37,80,38,FSA,14,FSA Message 14,CargoIMP,Y,01-FEB-14 11.45.52.0000000 AM,SYSTEM,29-JAN-15 11.20.39.4570000 AM,NISHI,1.30E+17,,10,B
80,3.4.5,O,Weight ,n[...7]p,600,,,N,38,80,38,FSA,14,FSA Message 14,CargoIMP,Y,01-FEB-14 11.45.52.0000000 AM,SYSTEM,29-JAN-15 11.20.39.4570000 AM,NISHI,1.30E+17,,10,B
80,3.5,O,Received from Detail RCS,,,,,N,39,80,38,FSA,14,FSA Message 14,CargoIMP,Y,01-FEB-14 11.45.52.0000000 AM,SYSTEM,29-JAN-15 11.20.39.4570000 AM,NISHI,1.30E+17,,10,B
80,3.5.1,M,Separator,Slant,,,,N,40,80,38,FSA,14,FSA Message 14,CargoIMP,Y,01-FEB-14 11.45.52.0000000 AM,SYSTEM,29-JAN-15 11.20.39.4570000 AM,NISHI,1.30E+17,,10,B
80,3.5.2,M,Name,t[...35],300,,,N,41,80,38,FSA,14,FSA Message 14,CargoIMP,Y,01-FEB-14 11.45.52.0000000 AM,SYSTEM,29-JAN-15 11.20.39.4570000 AM,NISHI,1.30E+17,,10,B
80,3.6,M,Separator,CRLF,,,,N,42,80,38,FSA,14,FSA Message 14,CargoIMP,Y,01-FEB-14 11.45.52.0000000 AM,SYSTEM,29-JAN-15 11.20.39.4570000 AM,NISHI,1.30E+17,,10,B
80,3.8,O,Volume Detail RCS,,,,,N,43,80,38,FSA,14,FSA Message 14,CargoIMP,Y,01-FEB-14 11.45.52.0000000 AM,SYSTEM,29-JAN-15 11.20.39.4570000 AM,NISHI,1.30E+17,,10,B
80,3.8.1,M,Separator,Slant,,,,N,44,80,38,FSA,14,FSA Message 14,CargoIMP,Y,01-FEB-14 11.45.52.0000000 AM,SYSTEM,29-JAN-15 11.20.39.4570000 AM,NISHI,1.30E+17,,10,B
80,3.8.2,M,Volume Code,aa,604,Y,,N,45,80,38,FSA,14,FSA Message 14,CargoIMP,Y,01-FEB-14 11.45.52.0000000 AM,SYSTEM,29-JAN-15 11.20.39.4570000 AM,NISHI,1.30E+17,,10,B
80,3.8.3,M,Volume Amount,n[...9]p,500,,,N,46,80,38,FSA,14,FSA Message 14,CargoIMP,Y,01-FEB-14 11.45.52.0000000 AM,SYSTEM,29-JAN-15 11.20.39.4570000 AM,NISHI,1.30E+17,,10,B
80,3.9,O,Density Group RCS,,,,,N,47,80,38,FSA,14,FSA Message 14,CargoIMP,Y,01-FEB-14 11.45.52.0000000 AM,SYSTEM,29-JAN-15 11.20.39.4570000 AM,NISHI,1.30E+17,,10,B
80,3.9.1,M,Separator,Slant,,,,N,48,80,38,FSA,14,FSA Message 14,CargoIMP,Y,01-FEB-14 11.45.52.0000000 AM,SYSTEM,29-JAN-15 11.20.39.4570000 AM,NISHI,1.30E+17,,10,B
80,3.9.2,M,Density Indicator DG,aa,603,,DG,N,49,80,38,FSA,14,FSA Message 14,CargoIMP,Y,01-FEB-14 11.45.52.0000000 AM,SYSTEM,29-JAN-15 11.20.39.4570000 AM,NISHI,1.30E+17,,10,B
80,3.9.3,M,Density Group,n[...2],602,,,N,50,80,38,FSA,14,FSA Message 14,CargoIMP,Y,01-FEB-14 11.45.52.0000000 AM,SYSTEM,29-JAN-15 11.20.39.4570000 AM,NISHI,1.30E+17,,10,B
80,3.1,O,Separator,CRLF,,,,N,51,80,38,FSA,14,FSA Message 14,CargoIMP,Y,01-FEB-14 11.45.52.0000000 AM,SYSTEM,29-JAN-15 11.20.39.4570000 AM,NISHI,1.30E+17,,10,B
80,4,O,Status Details RCT,,,,,N,52,80,38,FSA,14,FSA Message 14,CargoIMP,Y,01-FEB-14 11.45.52.0000000 AM,SYSTEM,29-JAN-15 11.20.39.4570000 AM,NISHI,1.30E+17,,10,B
80,4.1,M,Status Code RCT,aaa,400,,RCT,N,53,80,38,FSA,14,FSA Message 14,CargoIMP,Y,01-FEB-14 11.45.52.0000000 AM,SYSTEM,29-JAN-15 11.20.39.4570000 AM,NISHI,1.30E+17,,10,B
80,4.2,M,Separator,Slant,,,,N,54,80,38,FSA,14,FSA Message 14,CargoIMP,Y,01-FEB-14 11.45.52.0000000 AM,SYSTEM,29-JAN-15 11.20.39.4570000 AM,NISHI,1.30E+17,,10,B
80,4.3,M,Movement Detail RCT,,,,,N,55,80,38,FSA,14,FSA Message 14,CargoIMP,Y,01-FEB-14 11.45.52.0000000 AM,SYSTEM,29-JAN-15 11.20.39.4570000 AM,NISHI,1.30E+17,,10,B
80,4.3.1,M,Carrier Code ,mm,312,,,N,56,80,38,FSA,14,FSA Message 14,CargoIMP,Y,01-FEB-14 11.45.52.0000000 AM,SYSTEM,29-JAN-15 11.20.39.4570000 AM,NISHI,1.30E+17,,10,B
80,4.3.2,M,Separator,Slant,,,,N,57,80,38,FSA,14,FSA Message 14,CargoIMP,Y,01-FEB-14 11.45.52.0000000 AM,SYSTEM,29-JAN-15 11.20.39.4570000 AM,NISHI,1.30E+17,,10,B
80,4.3.3,M,Day of Transfer,nn,202,,,N,58,80,38,FSA,14,FSA Message 14,CargoIMP,Y,01-FEB-14 11.45.52.0000000 AM,SYSTEM,29-JAN-15 11.20.39.4570000 AM,NISHI,1.30E+17,,10,B
80,4.3.4,M,Month of Transfer,aaa,201,,,N,59,80,38,FSA,14,FSA Message 14,CargoIMP,Y,01-FEB-14 11.45.52.0000000 AM,SYSTEM,29-JAN-15 11.20.39.4570000 AM,NISHI,1.30E+17,,10,B
80,4.3.5,O,Actual Time ,nnnn,203,,,N,60,80,38,FSA,14,FSA Message 14,CargoIMP,Y,01-FEB-14 11.45.52.0000000 AM,SYSTEM,29-JAN-15 11.20.39.4570000 AM,NISHI,1.30E+17,,10,B
80,4.3.6,M,Separator,Slant,,,,N,61,80,38,FSA,14,FSA Message 14,CargoIMP,Y,01-FEB-14 11.45.52.0000000 AM,SYSTEM,29-JAN-15 11.20.39.4570000 AM,NISHI,1.30E+17,,10,B
80,4.3.7,M,Airport Code of Transfer,aaa,313,,,N,62,80,38,FSA,14,FSA Message 14,CargoIMP,Y,01-FEB-14 11.45.52.0000000 AM,SYSTEM,29-JAN-15 11.20.39.4570000 AM,NISHI,1.30E+17,,10,B
80,4.4,M,Quantity Detail RCT,,,,,N,63,80,38,FSA,14,FSA Message 14,CargoIMP,Y,01-FEB-14 11.45.52.0000000 AM,SYSTEM,29-JAN-15 11.20.39.4570000 AM,NISHI,1.30E+17,,10,B
80,4.4.1,M,Separator,Slant,,,,N,64,80,38,FSA,14,FSA Message 14,CargoIMP,Y,01-FEB-14 11.45.52.0000000 AM,SYSTEM,29-JAN-15 11.20.39.4570000 AM,NISHI,1.30E+17,,10,B
80,4.4.2,M,Shipment Description Code,a,703,Y,,N,65,80,38,FSA,14,FSA Message 14,CargoIMP,Y,01-FEB-14 11.45.52.0000000 AM,SYSTEM,29-JAN-15 11.20.39.4570000 AM,NISHI,1.30E+17,,10,B
80,4.4.3,M,Number of Pieces,n[...4],701,,,N,66,80,38,FSA,14,FSA Message 14,CargoIMP,Y,01-FEB-14 11.45.52.0000000 AM,SYSTEM,29-JAN-15 11.20.39.4570000 AM,NISHI,1.30E+17,,10,B
80,4.4.4,O,Weight Code,a,601,Y,,N,67,80,38,FSA,14,FSA Message 14,CargoIMP,Y,01-FEB-14 11.45.52.0000000 AM,SYSTEM,29-JAN-15 11.20.39.4570000 AM,NISHI,1.30E+17,,10,B
80,4.4.5,O,Weight,n[...7]p,600,,,N,68,80,38,FSA,14,FSA Message 14,CargoIMP,Y,01-FEB-14 11.45.52.0000000 AM,SYSTEM,29-JAN-15 11.20.39.4570000 AM,NISHI,1.30E+17,,10,B
80,4.5,O,Separator,CRLF,,,,N,69,80,38,FSA,14,FSA Message 14,CargoIMP,Y,01-FEB-14 11.45.52.0000000 AM,SYSTEM,29-JAN-15 11.20.39.4570000 AM,NISHI,1.30E+17,,10,B
80,4.6,O,Received from Detail RCT,,,,,N,70,80,38,FSA,14,FSA Message 14,CargoIMP,Y,01-FEB-14 11.45.52.0000000 AM,SYSTEM,29-JAN-15 11.20.39.4570000 AM,NISHI,1.30E+17,,10,B
80,4.6.1,M,Separator,Slant,,,,N,71,80,38,FSA,14,FSA Message 14,CargoIMP,Y,01-FEB-14 11.45.52.0000000 AM,SYSTEM,29-JAN-15 11.20.39.4570000 AM,NISHI,1.30E+17,,10,B
80,4.6.2,M,Carrier Code,mm,312,,,N,72,80,38,FSA,14,FSA Message 14,CargoIMP,Y,01-FEB-14 11.45.52.0000000 AM,SYSTEM,29-JAN-15 11.20.39.4570000 AM,NISHI,1.30E+17,,10,B
80,4.6.3,O,Separator,Slant,,,,N,73,80,38,FSA,14,FSA Message 14,CargoIMP,Y,01-FEB-14 11.45.52.0000000 AM,SYSTEM,29-JAN-15 11.20.39.4570000 AM,NISHI,1.30E+17,,10,B
80,4.6.4,O,Name,t[...35],300,,,N,74,80,38,FSA,14,FSA Message 14,CargoIMP,Y,01-FEB-14 11.45.52.0000000 AM,SYSTEM,29-JAN-15 11.20.39.4570000 AM,NISHI,1.30E+17,,10,B
80,4.7,M,Separator,CRLF,,,,N,75,80,38,FSA,14,FSA Message 14,CargoIMP,Y,01-FEB-14 11.45.52.0000000 AM,SYSTEM,29-JAN-15 11.20.39.4570000 AM,NISHI,1.30E+17,,10,B
80,5,O,Status Details RCF,,,,,N,76,80,38,FSA,14,FSA Message 14,CargoIMP,Y,01-FEB-14 11.45.52.0000000 AM,SYSTEM,29-JAN-15 11.20.39.4570000 AM,NISHI,1.30E+17,,10,B
80,5.1,M,Status Code RCF,aaa,400,,RCF,N,77,80,38,FSA,14,FSA Message 14,CargoIMP,Y,01-FEB-14 11.45.52.0000000 AM,SYSTEM,29-JAN-15 11.20.39.4570000 AM,NISHI,1.30E+17,,10,B
80,5.2,M,Separator,Slant,,,,N,78,80,38,FSA,14,FSA Message 14,CargoIMP,Y,01-FEB-14 11.45.52.0000000 AM,SYSTEM,29-JAN-15 11.20.39.4570000 AM,NISHI,1.30E+17,,10,B
80,5.3,M,Movement Detail RCF,,,,,N,79,80,38,FSA,14,FSA Message 14,CargoIMP,Y,01-FEB-14 11.45.52.0000000 AM,SYSTEM,29-JAN-15 11.20.39.4570000 AM,NISHI,1.30E+17,,10,B
80,5.3.1,O,Carrier Code,mm,312,,,N,80,80,38,FSA,14,FSA Message 14,CargoIMP,Y,01-FEB-14 11.45.52.0000000 AM,SYSTEM,29-JAN-15 11.20.39.4570000 AM,NISHI,1.30E+17,,10,B
80,5.3.2,O,Flight Number,nnn(n)(a),800,,,N,81,80,38,FSA,14,FSA Message 14,CargoIMP,Y,01-FEB-14 11.45.52.0000000 AM,SYSTEM,29-JAN-15 11.20.39.4570000 AM,NISHI,1.30E+17,,10,B
80,5.3.3,M,Separator,Slant,,,,N,82,80,38,FSA,14,FSA Message 14,CargoIMP,Y,01-FEB-14 11.45.52.0000000 AM,SYSTEM,29-JAN-15 11.20.39.4570000 AM,NISHI,1.30E+17,,10,B
80,5.3.4,M,Day of Scheduled Arrival,nn,202,,,N,83,80,38,FSA,14,FSA Message 14,CargoIMP,Y,01-FEB-14 11.45.52.0000000 AM,SYSTEM,29-JAN-15 11.20.39.4570000 AM,NISHI,1.30E+17,,10,B
80,5.3.5,M,Month of Scheduled Arrival,aaa,201,,,N,84,80,38,FSA,14,FSA Message 14,CargoIMP,Y,01-FEB-14 11.45.52.0000000 AM,SYSTEM,29-JAN-15 11.20.39.4570000 AM,NISHI,1.30E+17,,10,B
80,5.3.6,O,Actual Time,nnnn,203,,,N,85,80,38,FSA,14,FSA Message 14,CargoIMP,Y,01-FEB-14 11.45.52.0000000 AM,SYSTEM,29-JAN-15 11.20.39.4570000 AM,NISHI,1.30E+17,,10,B
80,5.3.7,O,Separator,Hyphen,,,,N,86,80,38,FSA,14,FSA Message 14,CargoIMP,Y,01-FEB-14 11.45.52.0000000 AM,SYSTEM,29-JAN-15 11.20.39.4570000 AM,NISHI,1.30E+17,,10,B
80,5.3.8,O,Day Change Indicator,a,205,,,N,87,80,38,FSA,14,FSA Message 14,CargoIMP,Y,01-FEB-14 11.45.52.0000000 AM,SYSTEM,29-JAN-15 11.20.39.4570000 AM,NISHI,1.30E+17,,10,B
80,5.3.9,M,Separator,Slant,,,,N,88,80,38,FSA,14,FSA Message 14,CargoIMP,Y,01-FEB-14 11.45.52.0000000 AM,SYSTEM,29-JAN-15 11.20.39.4570000 AM,NISHI,1.30E+17,,10,B
80,5.3.10,M,Airport Code of Arrival,aaa,313,,,N,89,80,38,FSA,14,FSA Message 14,CargoIMP,Y,01-FEB-14 11.45.52.0000000 AM,SYSTEM,29-JAN-15 11.20.39.4570000 AM,NISHI,1.30E+17,,10,B
80,5.4,M,Quantity Detail RCF,,,,,N,90,80,38,FSA,14,FSA Message 14,CargoIMP,Y,01-FEB-14 11.45.52.0000000 AM,SYSTEM,29-JAN-15 11.20.39.4570000 AM,NISHI,1.30E+17,,10,B
80,5.4.1,M,Separator,Slant,,,,N,91,80,38,FSA,14,FSA Message 14,CargoIMP,Y,01-FEB-14 11.45.52.0000000 AM,SYSTEM,29-JAN-15 11.20.39.4570000 AM,NISHI,1.30E+17,,10,B
80,5.4.2,M,Shipment Description Code,a,703,Y,,N,92,80,38,FSA,14,FSA Message 14,CargoIMP,Y,01-FEB-14 11.45.52.0000000 AM,SYSTEM,29-JAN-15 11.20.39.4570000 AM,NISHI,1.30E+17,,10,B
80,5.4.3,M,Number of Pieces,n[...4],701,,,N,93,80,38,FSA,14,FSA Message 14,CargoIMP,Y,01-FEB-14 11.45.52.0000000 AM,SYSTEM,29-JAN-15 11.20.39.4570000 AM,NISHI,1.30E+17,,10,B
80,5.4.4,O,Weight Code,a,601,Y,,N,94,80,38,FSA,14,FSA Message 14,CargoIMP,Y,01-FEB-14 11.45.52.0000000 AM,SYSTEM,29-JAN-15 11.20.39.4570000 AM,NISHI,1.30E+17,,10,B
80,5.4.5,O,Weight,n[...7]p,600,,,N,95,80,38,FSA,14,FSA Message 14,CargoIMP,Y,01-FEB-14 11.45.52.0000000 AM,SYSTEM,29-JAN-15 11.20.39.4570000 AM,NISHI,1.30E+17,,10,B
80,5.5,O,Separator,Slant,,,,N,96,80,38,FSA,14,FSA Message 14,CargoIMP,Y,01-FEB-14 11.45.52.0000000 AM,SYSTEM,29-JAN-15 11.20.39.4570000 AM,NISHI,1.30E+17,,10,B
80,5.6,O,Time of Departure Information RCF,,,,,N,97,80,38,FSA,14,FSA Message 14,CargoIMP,Y,01-FEB-14 11.45.52.0000000 AM,SYSTEM,29-JAN-15 11.20.39.4570000 AM,NISHI,1.30E+17,,10,B
80,5.6.1,M,Type of Time Indicator,a,206,,,N,98,80,38,FSA,14,FSA Message 14,CargoIMP,Y,01-FEB-14 11.45.52.0000000 AM,SYSTEM,29-JAN-15 11.20.39.4570000 AM,NISHI,1.30E+17,,10,B
80,5.6.2,M,Time,nnnn,203,,,N,99,80,38,FSA,14,FSA Message 14,CargoIMP,Y,01-FEB-14 11.45.52.0000000 AM,SYSTEM,29-JAN-15 11.20.39.4570000 AM,NISHI,1.30E+17,,10,B
80,5.6.3,O,Separator,Hyphen,,,,N,100,80,38,FSA,14,FSA Message 14,CargoIMP,Y,01-FEB-14 11.45.52.0000000 AM,SYSTEM,29-JAN-15 11.20.39.4570000 AM,NISHI,1.30E+17,,10,B
80,5.6.4,O,Day Change Indicator,a,205,,,N,101,80,38,FSA,14,FSA Message 14,CargoIMP,Y,01-FEB-14 11.45.52.0000000 AM,SYSTEM,29-JAN-15 11.20.39.4570000 AM,NISHI,1.30E+17,,10,B
80,5.7,O,Separator,Slant,,,,N,102,80,38,FSA,14,FSA Message 14,CargoIMP,Y,01-FEB-14 11.45.52.0000000 AM,SYSTEM,29-JAN-15 11.20.39.4570000 AM,NISHI,1.30E+17,,10,B
80,5.8,O,Time of Arrival Information RCF,,,,,N,103,80,38,FSA,14,FSA Message 14,CargoIMP,Y,01-FEB-14 11.45.52.0000000 AM,SYSTEM,29-JAN-15 11.20.39.4570000 AM,NISHI,1.30E+17,,10,B
80,5.8.1,M,Type of Time Indicator,a,206,,,N,104,80,38,FSA,14,FSA Message 14,CargoIMP,Y,01-FEB-14 11.45.52.0000000 AM,SYSTEM,29-JAN-15 11.20.39.4570000 AM,NISHI,1.30E+17,,10,B
80,5.8.2,M,Time,nnnn,203,,,N,105,80,38,FSA,14,FSA Message 14,CargoIMP,Y,01-FEB-14 11.45.52.0000000 AM,SYSTEM,29-JAN-15 11.20.39.4570000 AM,NISHI,1.30E+17,,10,B
80,5.8.3,O,Separator,Hyphen,,,,N,106,80,38,FSA,14,FSA Message 14,CargoIMP,Y,01-FEB-14 11.45.52.0000000 AM,SYSTEM,29-JAN-15 11.20.39.4570000 AM,NISHI,1.30E+17,,10,B
80,5.8.4,M,Day Change Indicator,a,205,,,N,107,80,38,FSA,14,FSA Message 14,CargoIMP,Y,01-FEB-14 11.45.52.0000000 AM,SYSTEM,29-JAN-15 11.20.39.4570000 AM,NISHI,1.30E+17,,10,B
80,5.9,M,Separator,CRLF,,,,N,108,80,38,FSA,14,FSA Message 14,CargoIMP,Y,01-FEB-14 11.45.52.0000000 AM,SYSTEM,29-JAN-15 11.20.39.4570000 AM,NISHI,1.30E+17,,10,B
80,6,O,Status Details BKD,,,,,N,109,80,38,FSA,14,FSA Message 14,CargoIMP,Y,01-FEB-14 11.45.52.0000000 AM,SYSTEM,29-JAN-15 11.20.39.4570000 AM,NISHI,1.30E+17,,10,B
80,6.1,M,Status Code BKD,aaa,400,,BKD,N,110,80,38,FSA,14,FSA Message 14,CargoIMP,Y,01-FEB-14 11.45.52.0000000 AM,SYSTEM,29-JAN-15 11.20.39.4570000 AM,NISHI,1.30E+17,,10,B
80,6.2,M,Separator,Slant,,,,N,111,80,38,FSA,14,FSA Message 14,CargoIMP,Y,01-FEB-14 11.45.52.0000000 AM,SYSTEM,29-JAN-15 11.20.39.4570000 AM,NISHI,1.30E+17,,10,B
80,6.3,M,Movement Detail BKD,,,,,N,112,80,38,FSA,14,FSA Message 14,CargoIMP,Y,01-FEB-14 11.45.52.0000000 AM,SYSTEM,29-JAN-15 11.20.39.4570000 AM,NISHI,1.30E+17,,10,B
80,6.3.1,O,Carrier Code,mm,312,,,N,113,80,38,FSA,14,FSA Message 14,CargoIMP,Y,01-FEB-14 11.45.52.0000000 AM,SYSTEM,29-JAN-15 11.20.39.4570000 AM,NISHI,1.30E+17,,10,B
80,6.3.2,O,Flight Number,nnn(n)(a),800,,,N,114,80,38,FSA,14,FSA Message 14,CargoIMP,Y,01-FEB-14 11.45.52.0000000 AM,SYSTEM,29-JAN-15 11.20.39.4570000 AM,NISHI,1.30E+17,,10,B
80,6.3.3,M,Separator,Slant,,,,N,115,80,38,FSA,14,FSA Message 14,CargoIMP,Y,01-FEB-14 11.45.52.0000000 AM,SYSTEM,29-JAN-15 11.20.39.4570000 AM,NISHI,1.30E+17,,10,B
80,6.3.4,O,Day of Scheduled Departure,nn,202,,,N,116,80,38,FSA,14,FSA Message 14,CargoIMP,Y,01-FEB-14 11.45.52.0000000 AM,SYSTEM,29-JAN-15 11.20.39.4570000 AM,NISHI,1.30E+17,,10,B
80,6.3.5,O,Month of Scheduled Departure,aaa,201,,,N,117,80,38,FSA,14,FSA Message 14,CargoIMP,Y,01-FEB-14 11.45.52.0000000 AM,SYSTEM,29-JAN-15 11.20.39.4570000 AM,NISHI,1.30E+17,,10,B
80,6.3.6,M,Separator,Slant,,,,N,118,80,38,FSA,14,FSA Message 14,CargoIMP,Y,01-FEB-14 11.45.52.0000000 AM,SYSTEM,29-JAN-15 11.20.39.4570000 AM,NISHI,1.30E+17,,10,B
80,6.3.7,M,Airport Code of Departure,aaa,313,,,N,119,80,38,FSA,14,FSA Message 14,CargoIMP,Y,01-FEB-14 11.45.52.0000000 AM,SYSTEM,29-JAN-15 11.20.39.4570000 AM,NISHI,1.30E+17,,10,B
80,6.3.8,M,Airport Code of Arrival,aaa,313,,,N,120,80,38,FSA,14,FSA Message 14,CargoIMP,Y,01-FEB-14 11.45.52.0000000 AM,SYSTEM,29-JAN-15 11.20.39.4570000 AM,NISHI,1.30E+17,,10,B
80,6.4,M,Quantity Detail BKD,,,,,N,121,80,38,FSA,14,FSA Message 14,CargoIMP,Y,01-FEB-14 11.45.52.0000000 AM,SYSTEM,29-JAN-15 11.20.39.4570000 AM,NISHI,1.30E+17,,10,B
80,6.4.1,M,Separator,Slant,,,,N,122,80,38,FSA,14,FSA Message 14,CargoIMP,Y,01-FEB-14 11.45.52.0000000 AM,SYSTEM,29-JAN-15 11.20.39.4570000 AM,NISHI,1.30E+17,,10,B
80,6.4.2,M,Shipment Description Code,a,703,Y,,N,123,80,38,FSA,14,FSA Message 14,CargoIMP,Y,01-FEB-14 11.45.52.0000000 AM,SYSTEM,29-JAN-15 11.20.39.4570000 AM,NISHI,1.30E+17,,10,B
80,6.4.3,M,Number of Pieces,n[...4],701,,,N,124,80,38,FSA,14,FSA Message 14,CargoIMP,Y,01-FEB-14 11.45.52.0000000 AM,SYSTEM,29-JAN-15 11.20.39.4570000 AM,NISHI,1.30E+17,,10,B
80,6.4.4,O,Weight Code,a,601,Y,,N,125,80,38,FSA,14,FSA Message 14,CargoIMP,Y,01-FEB-14 11.45.52.0000000 AM,SYSTEM,29-JAN-15 11.20.39.4570000 AM,NISHI,1.30E+17,,10,B
80,6.4.5,O,Weight,n[...7]p,600,,,N,126,80,38,FSA,14,FSA Message 14,CargoIMP,Y,01-FEB-14 11.45.52.0000000 AM,SYSTEM,29-JAN-15 11.20.39.4570000 AM,NISHI,1.30E+17,,10,B
80,6.5,O,Separator,Slant,,,,N,127,80,38,FSA,14,FSA Message 14,CargoIMP,Y,01-FEB-14 11.45.52.0000000 AM,SYSTEM,29-JAN-15 11.20.39.4570000 AM,NISHI,1.30E+17,,10,B
80,6.6,O,Time of Departure Information BKD,,,,,N,128,80,38,FSA,14,FSA Message 14,CargoIMP,Y,01-FEB-14 11.45.52.0000000 AM,SYSTEM,29-JAN-15 11.20.39.4570000 AM,NISHI,1.30E+17,,10,B
80,6.6.1,M,Type of Time Indicator,a,206,,,N,129,80,38,FSA,14,FSA Message 14,CargoIMP,Y,01-FEB-14 11.45.52.0000000 AM,SYSTEM,29-JAN-15 11.20.39.4570000 AM,NISHI,1.30E+17,,10,B
80,6.6.2,M,Time,nnnn,203,,,N,130,80,38,FSA,14,FSA Message 14,CargoIMP,Y,01-FEB-14 11.45.52.0000000 AM,SYSTEM,29-JAN-15 11.20.39.4570000 AM,NISHI,1.30E+17,,10,B
80,6.6.3,O,Separator,Hyphen,,,,N,131,80,38,FSA,14,FSA Message 14,CargoIMP,Y,01-FEB-14 11.45.52.0000000 AM,SYSTEM,29-JAN-15 11.20.39.4570000 AM,NISHI,1.30E+17,,10,B
80,6.6.4,O,Day Change Indicator,a,205,,,N,132,80,38,FSA,14,FSA Message 14,CargoIMP,Y,01-FEB-14 11.45.52.0000000 AM,SYSTEM,29-JAN-15 11.20.39.4570000 AM,NISHI,1.30E+17,,10,B
80,6.7,O,Separator,Slant,,,,N,133,80,38,FSA,14,FSA Message 14,CargoIMP,Y,01-FEB-14 11.45.52.0000000 AM,SYSTEM,29-JAN-15 11.20.39.4570000 AM,NISHI,1.30E+17,,10,B
80,6.8,O,Time of Arrival Information BKD,,,,,N,134,80,38,FSA,14,FSA Message 14,CargoIMP,Y,01-FEB-14 11.45.52.0000000 AM,SYSTEM,29-JAN-15 11.20.39.4570000 AM,NISHI,1.30E+17,,10,B
80,6.8.1,M,Type of Time Indicator,a,206,,,N,135,80,38,FSA,14,FSA Message 14,CargoIMP,Y,01-FEB-14 11.45.52.0000000 AM,SYSTEM,29-JAN-15 11.20.39.4570000 AM,NISHI,1.30E+17,,10,B
80,6.8.2,M,Time,nnnn,203,,,N,136,80,38,FSA,14,FSA Message 14,CargoIMP,Y,01-FEB-14 11.45.52.0000000 AM,SYSTEM,29-JAN-15 11.20.39.4570000 AM,NISHI,1.30E+17,,10,B
80,6.8.3,O,Separator,Hyphen,,,,N,137,80,38,FSA,14,FSA Message 14,CargoIMP,Y,01-FEB-14 11.45.52.0000000 AM,SYSTEM,29-JAN-15 11.20.39.4570000 AM,NISHI,1.30E+17,,10,B
80,6.8.4,O,Day Change Indicator,a,205,,,N,138,80,38,FSA,14,FSA Message 14,CargoIMP,Y,01-FEB-14 11.45.52.0000000 AM,SYSTEM,29-JAN-15 11.20.39.4570000 AM,NISHI,1.30E+17,,10,B
80,6.1,O,Volume Detail BKD,,,,,N,139,80,38,FSA,14,FSA Message 14,CargoIMP,Y,01-FEB-14 11.45.52.0000000 AM,SYSTEM,29-JAN-15 11.20.39.4570000 AM,NISHI,1.30E+17,,10,B
80,6.10.1,M,Separator,Slant,,,,N,140,80,38,FSA,14,FSA Message 14,CargoIMP,Y,01-FEB-14 11.45.52.0000000 AM,SYSTEM,29-JAN-15 11.20.39.4570000 AM,NISHI,1.30E+17,,10,B
80,6.10.2,M,Volume Code,aa,604,Y,,N,141,80,38,FSA,14,FSA Message 14,CargoIMP,Y,01-FEB-14 11.45.52.0000000 AM,SYSTEM,29-JAN-15 11.20.39.4570000 AM,NISHI,1.30E+17,,10,B
80,6.10.3,M,Volume Amount,n[...9]p,500,,,N,142,80,38,FSA,14,FSA Message 14,CargoIMP,Y,01-FEB-14 11.45.52.0000000 AM,SYSTEM,29-JAN-15 11.20.39.4570000 AM,NISHI,1.30E+17,,10,B
80,6.11,O,Density Group BKD,,,,,N,143,80,38,FSA,14,FSA Message 14,CargoIMP,Y,01-FEB-14 11.45.52.0000000 AM,SYSTEM,29-JAN-15 11.20.39.4570000 AM,NISHI,1.30E+17,,10,B
80,6.11.1,M,Separator,Slant,,,,N,144,80,38,FSA,14,FSA Message 14,CargoIMP,Y,01-FEB-14 11.45.52.0000000 AM,SYSTEM,29-JAN-15 11.20.39.4570000 AM,NISHI,1.30E+17,,10,B
80,6.11.2,M,Density Indicator DG,aa,603,,DG,N,145,80,38,FSA,14,FSA Message 14,CargoIMP,Y,01-FEB-14 11.45.52.0000000 AM,SYSTEM,29-JAN-15 11.20.39.4570000 AM,NISHI,1.30E+17,,10,B
80,6.11.3,M,Density Group,n[...2],602,,,N,146,80,38,FSA,14,FSA Message 14,CargoIMP,Y,01-FEB-14 11.45.52.0000000 AM,SYSTEM,29-JAN-15 11.20.39.4570000 AM,NISHI,1.30E+17,,10,B
80,6.12,M,Separator,CRLF,,,,N,147,80,38,FSA,14,FSA Message 14,CargoIMP,Y,01-FEB-14 11.45.52.0000000 AM,SYSTEM,29-JAN-15 11.20.39.4570000 AM,NISHI,1.30E+17,,10,B
80,7,O,Status Details MAN,,,,,N,148,80,38,FSA,14,FSA Message 14,CargoIMP,Y,01-FEB-14 11.45.52.0000000 AM,SYSTEM,29-JAN-15 11.20.39.4570000 AM,NISHI,1.30E+17,,10,B
80,7.1,M,Status Code MAN,aaa,400,,MAN,N,149,80,38,FSA,14,FSA Message 14,CargoIMP,Y,01-FEB-14 11.45.52.0000000 AM,SYSTEM,29-JAN-15 11.20.39.4570000 AM,NISHI,1.30E+17,,10,B
80,7.2,M,Separator,Slant,,,,N,150,80,38,FSA,14,FSA Message 14,CargoIMP,Y,01-FEB-14 11.45.52.0000000 AM,SYSTEM,29-JAN-15 11.20.39.4570000 AM,NISHI,1.30E+17,,10,B
80,7.3,M,Movement Detail MAN,,,,,N,151,80,38,FSA,14,FSA Message 14,CargoIMP,Y,01-FEB-14 11.45.52.0000000 AM,SYSTEM,29-JAN-15 11.20.39.4570000 AM,NISHI,1.30E+17,,10,B
80,7.3.1,O,Carrier Code,mm,312,,,N,152,80,38,FSA,14,FSA Message 14,CargoIMP,Y,01-FEB-14 11.45.52.0000000 AM,SYSTEM,29-JAN-15 11.20.39.4570000 AM,NISHI,1.30E+17,,10,B
80,7.3.2,O,Flight Number,nnn(n)(a),800,,,N,153,80,38,FSA,14,FSA Message 14,CargoIMP,Y,01-FEB-14 11.45.52.0000000 AM,SYSTEM,29-JAN-15 11.20.39.4570000 AM,NISHI,1.30E+17,,10,B
80,7.3.3,M,Separator,Slant,,,,N,154,80,38,FSA,14,FSA Message 14,CargoIMP,Y,01-FEB-14 11.45.52.0000000 AM,SYSTEM,29-JAN-15 11.20.39.4570000 AM,NISHI,1.30E+17,,10,B
80,7.3.4,O,Day of Scheduled Departure,nn,202,,,N,155,80,38,FSA,14,FSA Message 14,CargoIMP,Y,01-FEB-14 11.45.52.0000000 AM,SYSTEM,29-JAN-15 11.20.39.4570000 AM,NISHI,1.30E+17,,10,B
80,7.3.5,O,Month of Scheduled Departure,aaa,201,,,N,156,80,38,FSA,14,FSA Message 14,CargoIMP,Y,01-FEB-14 11.45.52.0000000 AM,SYSTEM,29-JAN-15 11.20.39.4570000 AM,NISHI,1.30E+17,,10,B
80,7.3.6,M,Separator,Slant,,,,N,157,80,38,FSA,14,FSA Message 14,CargoIMP,Y,01-FEB-14 11.45.52.0000000 AM,SYSTEM,29-JAN-15 11.20.39.4570000 AM,NISHI,1.30E+17,,10,B
80,7.3.7,M,Airport Code of Departure,aaa,313,,,N,158,80,38,FSA,14,FSA Message 14,CargoIMP,Y,01-FEB-14 11.45.52.0000000 AM,SYSTEM,29-JAN-15 11.20.39.4570000 AM,NISHI,1.30E+17,,10,B
80,7.3.8,M,Airport Code of Arrival,aaa,313,,,N,159,80,38,FSA,14,FSA Message 14,CargoIMP,Y,01-FEB-14 11.45.52.0000000 AM,SYSTEM,29-JAN-15 11.20.39.4570000 AM,NISHI,1.30E+17,,10,B
80,7.4,M,Quantity Detail MAN,,,,,N,160,80,38,FSA,14,FSA Message 14,CargoIMP,Y,01-FEB-14 11.45.52.0000000 AM,SYSTEM,29-JAN-15 11.20.39.4570000 AM,NISHI,1.30E+17,,10,B
80,7.4.1,M,Separator,Slant,,,,N,161,80,38,FSA,14,FSA Message 14,CargoIMP,Y,01-FEB-14 11.45.52.0000000 AM,SYSTEM,29-JAN-15 11.20.39.4570000 AM,NISHI,1.30E+17,,10,B
80,7.4.2,M,Shipment Description Code,a,703,Y,,N,162,80,38,FSA,14,FSA Message 14,CargoIMP,Y,01-FEB-14 11.45.52.0000000 AM,SYSTEM,29-JAN-15 11.20.39.4570000 AM,NISHI,1.30E+17,,10,B
80,7.4.3,M,Number of Pieces,n[...4],701,,,N,163,80,38,FSA,14,FSA Message 14,CargoIMP,Y,01-FEB-14 11.45.52.0000000 AM,SYSTEM,29-JAN-15 11.20.39.4570000 AM,NISHI,1.30E+17,,10,B
80,7.4.4,O,Weight Code,a,601,Y,,N,164,80,38,FSA,14,FSA Message 14,CargoIMP,Y,01-FEB-14 11.45.52.0000000 AM,SYSTEM,29-JAN-15 11.20.39.4570000 AM,NISHI,1.30E+17,,10,B
80,7.4.5,O,Weight,n[...7]p,600,,,N,165,80,38,FSA,14,FSA Message 14,CargoIMP,Y,01-FEB-14 11.45.52.0000000 AM,SYSTEM,29-JAN-15 11.20.39.4570000 AM,NISHI,1.30E+17,,10,B
80,7.6,O,Time of Departure Information MAN,,,,,N,166,80,38,FSA,14,FSA Message 14,CargoIMP,Y,01-FEB-14 11.45.52.0000000 AM,SYSTEM,29-JAN-15 11.20.39.4570000 AM,NISHI,1.30E+17,,10,B
80,7.6.1,M,Separator,Slant,,,,N,167,80,38,FSA,14,FSA Message 14,CargoIMP,Y,01-FEB-14 11.45.52.0000000 AM,SYSTEM,29-JAN-15 11.20.39.4570000 AM,NISHI,1.30E+17,,10,B
80,7.6.2,M,Type of Time Indicator,a,206,,,N,168,80,38,FSA,14,FSA Message 14,CargoIMP,Y,01-FEB-14 11.45.52.0000000 AM,SYSTEM,29-JAN-15 11.20.39.4570000 AM,NISHI,1.30E+17,,10,B
80,7.6.3,M,Time,nnnn,203,,,N,169,80,38,FSA,14,FSA Message 14,CargoIMP,Y,01-FEB-14 11.45.52.0000000 AM,SYSTEM,29-JAN-15 11.20.39.4570000 AM,NISHI,1.30E+17,,10,B
80,7.6.4,O,Separator,Hyphen,,,,N,170,80,38,FSA,14,FSA Message 14,CargoIMP,Y,01-FEB-14 11.45.52.0000000 AM,SYSTEM,29-JAN-15 11.20.39.4570000 AM,NISHI,1.30E+17,,10,B
80,7.6.5,O,Day Change Indicator,a,205,,,N,171,80,38,FSA,14,FSA Message 14,CargoIMP,Y,01-FEB-14 11.45.52.0000000 AM,SYSTEM,29-JAN-15 11.20.39.4570000 AM,NISHI,1.30E+17,,10,B
80,7.8,O,Time of Arrival Information MAN,,,,,N,172,80,38,FSA,14,FSA Message 14,CargoIMP,Y,01-FEB-14 11.45.52.0000000 AM,SYSTEM,29-JAN-15 11.20.39.4570000 AM,NISHI,1.30E+17,,10,B
80,7.8.1,M,Separator,Slant,,,,N,173,80,38,FSA,14,FSA Message 14,CargoIMP,Y,01-FEB-14 11.45.52.0000000 AM,SYSTEM,29-JAN-15 11.20.39.4570000 AM,NISHI,1.30E+17,,10,B
80,7.8.2,M,Type of Time Indicator,a,206,,,N,174,80,38,FSA,14,FSA Message 14,CargoIMP,Y,01-FEB-14 11.45.52.0000000 AM,SYSTEM,29-JAN-15 11.20.39.4570000 AM,NISHI,1.30E+17,,10,B
80,7.8.3,M,Time,nnnn,203,,,N,175,80,38,FSA,14,FSA Message 14,CargoIMP,Y,01-FEB-14 11.45.52.0000000 AM,SYSTEM,29-JAN-15 11.20.39.4570000 AM,NISHI,1.30E+17,,10,B
80,7.8.4,O,Separator,Hyphen,,,,N,176,80,38,FSA,14,FSA Message 14,CargoIMP,Y,01-FEB-14 11.45.52.0000000 AM,SYSTEM,29-JAN-15 11.20.39.4570000 AM,NISHI,1.30E+17,,10,B
80,7.8.5,O,Day Change Indicator,a,205,,,N,177,80,38,FSA,14,FSA Message 14,CargoIMP,Y,01-FEB-14 11.45.52.0000000 AM,SYSTEM,29-JAN-15 11.20.39.4570000 AM,NISHI,1.30E+17,,10,B
80,7.9,M,Separator,CRLF,,,,N,178,80,38,FSA,14,FSA Message 14,CargoIMP,Y,01-FEB-14 11.45.52.0000000 AM,SYSTEM,29-JAN-15 11.20.39.4570000 AM,NISHI,1.30E+17,,10,B
80,8,O,Status Details DEP,,,,,N,179,80,38,FSA,14,FSA Message 14,CargoIMP,Y,01-FEB-14 11.45.52.0000000 AM,SYSTEM,29-JAN-15 11.20.39.4570000 AM,NISHI,1.30E+17,,10,B
80,8.1,M,Status Code DEP,aaa,400,,DEP,N,180,80,38,FSA,14,FSA Message 14,CargoIMP,Y,01-FEB-14 11.45.52.0000000 AM,SYSTEM,29-JAN-15 11.20.39.4570000 AM,NISHI,1.30E+17,,10,B
80,8.2,M,Separator,Slant,,,,N,181,80,38,FSA,14,FSA Message 14,CargoIMP,Y,01-FEB-14 11.45.52.0000000 AM,SYSTEM,29-JAN-15 11.20.39.4570000 AM,NISHI,1.30E+17,,10,B
80,8.3,M,Movement Detail DEP,,,,,N,182,80,38,FSA,14,FSA Message 14,CargoIMP,Y,01-FEB-14 11.45.52.0000000 AM,SYSTEM,29-JAN-15 11.20.39.4570000 AM,NISHI,1.30E+17,,10,B
80,8.3.1,O,Carrier Code ,mm,312,,,N,183,80,38,FSA,14,FSA Message 14,CargoIMP,Y,01-FEB-14 11.45.52.0000000 AM,SYSTEM,29-JAN-15 11.20.39.4570000 AM,NISHI,1.30E+17,,10,B
80,8.3.2,O,Flight Number,nnn(n)(a),800,,,N,184,80,38,FSA,14,FSA Message 14,CargoIMP,Y,01-FEB-14 11.45.52.0000000 AM,SYSTEM,29-JAN-15 11.20.39.4570000 AM,NISHI,1.30E+17,,10,B
80,8.3.3,M,Separator,Slant,,,,N,185,80,38,FSA,14,FSA Message 14,CargoIMP,Y,01-FEB-14 11.45.52.0000000 AM,SYSTEM,29-JAN-15 11.20.39.4570000 AM,NISHI,1.30E+17,,10,B
80,8.3.4,O,Day of Scheduled Departure,nn,202,,,N,186,80,38,FSA,14,FSA Message 14,CargoIMP,Y,01-FEB-14 11.45.52.0000000 AM,SYSTEM,29-JAN-15 11.20.39.4570000 AM,NISHI,1.30E+17,,10,B
80,8.3.5,O,Month of Scheduled Departure,aaa,201,,,N,187,80,38,FSA,14,FSA Message 14,CargoIMP,Y,01-FEB-14 11.45.52.0000000 AM,SYSTEM,29-JAN-15 11.20.39.4570000 AM,NISHI,1.30E+17,,10,B
80,8.3.6,M,Separator,Slant,,,,N,188,80,38,FSA,14,FSA Message 14,CargoIMP,Y,01-FEB-14 11.45.52.0000000 AM,SYSTEM,29-JAN-15 11.20.39.4570000 AM,NISHI,1.30E+17,,10,B
80,8.3.7,M,Airport Code of Departure,aaa,313,,,N,189,80,38,FSA,14,FSA Message 14,CargoIMP,Y,01-FEB-14 11.45.52.0000000 AM,SYSTEM,29-JAN-15 11.20.39.4570000 AM,NISHI,1.30E+17,,10,B
80,8.3.8,M,Airport Code of Arrival,aaa,313,,,N,190,80,38,FSA,14,FSA Message 14,CargoIMP,Y,01-FEB-14 11.45.52.0000000 AM,SYSTEM,29-JAN-15 11.20.39.4570000 AM,NISHI,1.30E+17,,10,B
80,8.4,M,Quantity Detail DEP,,,,,N,191,80,38,FSA,14,FSA Message 14,CargoIMP,Y,01-FEB-14 11.45.52.0000000 AM,SYSTEM,29-JAN-15 11.20.39.4570000 AM,NISHI,1.30E+17,,10,B
80,8.4.1,M,Separator,Slant,,,,N,192,80,38,FSA,14,FSA Message 14,CargoIMP,Y,01-FEB-14 11.45.52.0000000 AM,SYSTEM,29-JAN-15 11.20.39.4570000 AM,NISHI,1.30E+17,,10,B
80,8.4.2,M,Shipment Description Code,a,703,Y,,N,193,80,38,FSA,14,FSA Message 14,CargoIMP,Y,01-FEB-14 11.45.52.0000000 AM,SYSTEM,29-JAN-15 11.20.39.4570000 AM,NISHI,1.30E+17,,10,B
80,8.4.3,M,Number of Pieces,n[...4],704,,,N,194,80,38,FSA,14,FSA Message 14,CargoIMP,Y,01-FEB-14 11.45.52.0000000 AM,SYSTEM,29-JAN-15 11.20.39.4570000 AM,NISHI,1.30E+17,,10,B
80,8.4.4,O,Weight Code,a,601,Y,,N,195,80,38,FSA,14,FSA Message 14,CargoIMP,Y,01-FEB-14 11.45.52.0000000 AM,SYSTEM,29-JAN-15 11.20.39.4570000 AM,NISHI,1.30E+17,,10,B
80,8.4.5,O,Weight,n[...7]p,600,,,N,196,80,38,FSA,14,FSA Message 14,CargoIMP,Y,01-FEB-14 11.45.52.0000000 AM,SYSTEM,29-JAN-15 11.20.39.4570000 AM,NISHI,1.30E+17,,10,B
80,8.6,O,Time of Departure Information DEP,,,,,N,197,80,38,FSA,14,FSA Message 14,CargoIMP,Y,01-FEB-14 11.45.52.0000000 AM,SYSTEM,29-JAN-15 11.20.39.4570000 AM,NISHI,1.30E+17,,10,B
80,8.6.1,M,Separator,Slant,,,,N,198,80,38,FSA,14,FSA Message 14,CargoIMP,Y,01-FEB-14 11.45.52.0000000 AM,SYSTEM,29-JAN-15 11.20.39.4570000 AM,NISHI,1.30E+17,,10,B
80,8.6.2,M,Type of Time Indicator,a,206,,,N,199,80,38,FSA,14,FSA Message 14,CargoIMP,Y,01-FEB-14 11.45.52.0000000 AM,SYSTEM,29-JAN-15 11.20.39.4570000 AM,NISHI,1.30E+17,,10,B
80,8.6.3,M,Time,nnnn,203,,,N,200,80,38,FSA,14,FSA Message 14,CargoIMP,Y,01-FEB-14 11.45.52.0000000 AM,SYSTEM,29-JAN-15 11.20.39.4570000 AM,NISHI,1.30E+17,,10,B
80,8.6.4,O,Separator,Hyphen,,,,N,201,80,38,FSA,14,FSA Message 14,CargoIMP,Y,01-FEB-14 11.45.52.0000000 AM,SYSTEM,29-JAN-15 11.20.39.4570000 AM,NISHI,1.30E+17,,10,B
80,8.6.5,O,Day Change Indicator,a,205,,,N,202,80,38,FSA,14,FSA Message 14,CargoIMP,Y,01-FEB-14 11.45.52.0000000 AM,SYSTEM,29-JAN-15 11.20.39.4570000 AM,NISHI,1.30E+17,,10,B
80,8.8,O,Time of Arrival Information DEP,,,,,N,203,80,38,FSA,14,FSA Message 14,CargoIMP,Y,01-FEB-14 11.45.52.0000000 AM,SYSTEM,29-JAN-15 11.20.39.4570000 AM,NISHI,1.30E+17,,10,B
80,8.8.1,M,Separator,Slant,,,,N,204,80,38,FSA,14,FSA Message 14,CargoIMP,Y,01-FEB-14 11.45.52.0000000 AM,SYSTEM,29-JAN-15 11.20.39.4570000 AM,NISHI,1.30E+17,,10,B
80,8.8.2,M,Type of Time Indicator,a,206,,,N,205,80,38,FSA,14,FSA Message 14,CargoIMP,Y,01-FEB-14 11.45.52.0000000 AM,SYSTEM,29-JAN-15 11.20.39.4570000 AM,NISHI,1.30E+17,,10,B
80,8.8.3,M,Time,nnnn,203,,,N,206,80,38,FSA,14,FSA Message 14,CargoIMP,Y,01-FEB-14 11.45.52.0000000 AM,SYSTEM,29-JAN-15 11.20.39.4570000 AM,NISHI,1.30E+17,,10,B
80,8.8.4,O,Separator,Hyphen,,,,N,207,80,38,FSA,14,FSA Message 14,CargoIMP,Y,01-FEB-14 11.45.52.0000000 AM,SYSTEM,29-JAN-15 11.20.39.4570000 AM,NISHI,1.30E+17,,10,B
80,8.8.5,O,Day Change Indicator,a,205,,,N,208,80,38,FSA,14,FSA Message 14,CargoIMP,Y,01-FEB-14 11.45.52.0000000 AM,SYSTEM,29-JAN-15 11.20.39.4570000 AM,NISHI,1.30E+17,,10,B
80,8.9,M,Separator,CRLF,,,,N,209,80,38,FSA,14,FSA Message 14,CargoIMP,Y,01-FEB-14 11.45.52.0000000 AM,SYSTEM,29-JAN-15 11.20.39.4570000 AM,NISHI,1.30E+17,,10,B
80,9,O,Status Details PRE,,,,,N,210,80,38,FSA,14,FSA Message 14,CargoIMP,Y,01-FEB-14 11.45.52.0000000 AM,SYSTEM,29-JAN-15 11.20.39.4570000 AM,NISHI,1.30E+17,,10,B
80,9.1,M,Status Code PRE,aaa,400,,PRE,N,211,80,38,FSA,14,FSA Message 14,CargoIMP,Y,01-FEB-14 11.45.52.0000000 AM,SYSTEM,29-JAN-15 11.20.39.4570000 AM,NISHI,1.30E+17,,10,B
80,9.2,M,Separator,Slant,,,,N,212,80,38,FSA,14,FSA Message 14,CargoIMP,Y,01-FEB-14 11.45.52.0000000 AM,SYSTEM,29-JAN-15 11.20.39.4570000 AM,NISHI,1.30E+17,,10,B
80,9.3,M,Movement Detail PRE,,,,,N,213,80,38,FSA,14,FSA Message 14,CargoIMP,Y,01-FEB-14 11.45.52.0000000 AM,SYSTEM,29-JAN-15 11.20.39.4570000 AM,NISHI,1.30E+17,,10,B
80,9.3.1,O,Carrier Code,mm,312,,,N,214,80,38,FSA,14,FSA Message 14,CargoIMP,Y,01-FEB-14 11.45.52.0000000 AM,SYSTEM,29-JAN-15 11.20.39.4570000 AM,NISHI,1.30E+17,,10,B
80,9.3.2,O,Flight Number,nnn(n)(a),800,,,N,215,80,38,FSA,14,FSA Message 14,CargoIMP,Y,01-FEB-14 11.45.52.0000000 AM,SYSTEM,29-JAN-15 11.20.39.4570000 AM,NISHI,1.30E+17,,10,B
80,9.3.3,M,Separator,Slant,,,,N,216,80,38,FSA,14,FSA Message 14,CargoIMP,Y,01-FEB-14 11.45.52.0000000 AM,SYSTEM,29-JAN-15 11.20.39.4570000 AM,NISHI,1.30E+17,,10,B
80,9.3.4,O,Day of Scheduled Departure,nn,202,,,N,217,80,38,FSA,14,FSA Message 14,CargoIMP,Y,01-FEB-14 11.45.52.0000000 AM,SYSTEM,29-JAN-15 11.20.39.4570000 AM,NISHI,1.30E+17,,10,B
80,9.3.5,O,Month of Scheduled Departure,aaa,201,,,N,218,80,38,FSA,14,FSA Message 14,CargoIMP,Y,01-FEB-14 11.45.52.0000000 AM,SYSTEM,29-JAN-15 11.20.39.4570000 AM,NISHI,1.30E+17,,10,B
80,9.3.6,M,Separator,Slant,,,,N,219,80,38,FSA,14,FSA Message 14,CargoIMP,Y,01-FEB-14 11.45.52.0000000 AM,SYSTEM,29-JAN-15 11.20.39.4570000 AM,NISHI,1.30E+17,,10,B
80,9.3.7,M,Airport Code of Departure,aaa,313,,,N,220,80,38,FSA,14,FSA Message 14,CargoIMP,Y,01-FEB-14 11.45.52.0000000 AM,SYSTEM,29-JAN-15 11.20.39.4570000 AM,NISHI,1.30E+17,,10,B
80,9.3.8,M,Airport Code of Arrival,aaa,313,,,N,221,80,38,FSA,14,FSA Message 14,CargoIMP,Y,01-FEB-14 11.45.52.0000000 AM,SYSTEM,29-JAN-15 11.20.39.4570000 AM,NISHI,1.30E+17,,10,B
80,9.4,M,Quantity Detail PRE,,,,,N,222,80,38,FSA,14,FSA Message 14,CargoIMP,Y,01-FEB-14 11.45.52.0000000 AM,SYSTEM,29-JAN-15 11.20.39.4570000 AM,NISHI,1.30E+17,,10,B
80,9.4.1,M,Separator,Slant,,,,N,223,80,38,FSA,14,FSA Message 14,CargoIMP,Y,01-FEB-14 11.45.52.0000000 AM,SYSTEM,29-JAN-15 11.20.39.4570000 AM,NISHI,1.30E+17,,10,B
80,9.4.2,M,Shipment Description Code,a,703,Y,,N,224,80,38,FSA,14,FSA Message 14,CargoIMP,Y,01-FEB-14 11.45.52.0000000 AM,SYSTEM,29-JAN-15 11.20.39.4570000 AM,NISHI,1.30E+17,,10,B
80,9.4.3,M,Number of Pieces,n[...4],701,,,N,225,80,38,FSA,14,FSA Message 14,CargoIMP,Y,01-FEB-14 11.45.52.0000000 AM,SYSTEM,29-JAN-15 11.20.39.4570000 AM,NISHI,1.30E+17,,10,B
80,9.4.4,O,Weight Code,a,601,Y,,N,226,80,38,FSA,14,FSA Message 14,CargoIMP,Y,01-FEB-14 11.45.52.0000000 AM,SYSTEM,29-JAN-15 11.20.39.4570000 AM,NISHI,1.30E+17,,10,B
80,9.4.5,O,Weight,n[...7]p,600,,,N,227,80,38,FSA,14,FSA Message 14,CargoIMP,Y,01-FEB-14 11.45.52.0000000 AM,SYSTEM,29-JAN-15 11.20.39.4570000 AM,NISHI,1.30E+17,,10,B
80,9.6,O,Time of Departure Information PRE,,,,,N,228,80,38,FSA,14,FSA Message 14,CargoIMP,Y,01-FEB-14 11.45.52.0000000 AM,SYSTEM,29-JAN-15 11.20.39.4570000 AM,NISHI,1.30E+17,,10,B
80,9.6.1,M,Seprator,Slant,,,,N,229,80,38,FSA,14,FSA Message 14,CargoIMP,Y,01-FEB-14 11.45.52.0000000 AM,SYSTEM,29-JAN-15 11.20.39.4570000 AM,NISHI,1.30E+17,,10,B
80,9.6.2,M,Type of Time Indicator,a,206,,,N,230,80,38,FSA,14,FSA Message 14,CargoIMP,Y,01-FEB-14 11.45.52.0000000 AM,SYSTEM,29-JAN-15 11.20.39.4570000 AM,NISHI,1.30E+17,,10,B
80,9.6.3,M,Time,nnnn,203,,,N,231,80,38,FSA,14,FSA Message 14,CargoIMP,Y,01-FEB-14 11.45.52.0000000 AM,SYSTEM,29-JAN-15 11.20.39.4570000 AM,NISHI,1.30E+17,,10,B
80,9.6.4,O,Separator,Hyphen,,,,N,232,80,38,FSA,14,FSA Message 14,CargoIMP,Y,01-FEB-14 11.45.52.0000000 AM,SYSTEM,29-JAN-15 11.20.39.4570000 AM,NISHI,1.30E+17,,10,B
80,9.6.5,O,Day Change Indicator,a,205,,,N,233,80,38,FSA,14,FSA Message 14,CargoIMP,Y,01-FEB-14 11.45.52.0000000 AM,SYSTEM,29-JAN-15 11.20.39.4570000 AM,NISHI,1.30E+17,,10,B
80,9.7,O,Time of Arrival Information PRE,,,,,N,234,80,38,FSA,14,FSA Message 14,CargoIMP,Y,01-FEB-14 11.45.52.0000000 AM,SYSTEM,29-JAN-15 11.20.39.4570000 AM,NISHI,1.30E+17,,10,B
80,9.7.1,M,Separator,Slant,,,,N,235,80,38,FSA,14,FSA Message 14,CargoIMP,Y,01-FEB-14 11.45.52.0000000 AM,SYSTEM,29-JAN-15 11.20.39.4570000 AM,NISHI,1.30E+17,,10,B
80,9.7.2,M,Type of Time Indicator,a,206,,,N,236,80,38,FSA,14,FSA Message 14,CargoIMP,Y,01-FEB-14 11.45.52.0000000 AM,SYSTEM,29-JAN-15 11.20.39.4570000 AM,NISHI,1.30E+17,,10,B
80,9.7.3,M,Time,nnnn,203,,,N,237,80,38,FSA,14,FSA Message 14,CargoIMP,Y,01-FEB-14 11.45.52.0000000 AM,SYSTEM,29-JAN-15 11.20.39.4570000 AM,NISHI,1.30E+17,,10,B
80,9.7.4,O,Separator,Hyphen,,,,N,238,80,38,FSA,14,FSA Message 14,CargoIMP,Y,01-FEB-14 11.45.52.0000000 AM,SYSTEM,29-JAN-15 11.20.39.4570000 AM,NISHI,1.30E+17,,10,B
80,9.7.5,O,Day Change Indicator,a,205,,,N,239,80,38,FSA,14,FSA Message 14,CargoIMP,Y,01-FEB-14 11.45.52.0000000 AM,SYSTEM,29-JAN-15 11.20.39.4570000 AM,NISHI,1.30E+17,,10,B
80,9.8,M,Separator,CRLF,,,,N,240,80,38,FSA,14,FSA Message 14,CargoIMP,Y,01-FEB-14 11.45.52.0000000 AM,SYSTEM,29-JAN-15 11.20.39.4570000 AM,NISHI,1.30E+17,,10,B
80,10,O,Status Details TRM,,,,,N,241,80,38,FSA,14,FSA Message 14,CargoIMP,Y,01-FEB-14 11.45.52.0000000 AM,SYSTEM,29-JAN-15 11.20.39.4570000 AM,NISHI,1.30E+17,,10,B
80,10.1,M,Status Code TRM,aaa,400,,TRM,N,242,80,38,FSA,14,FSA Message 14,CargoIMP,Y,01-FEB-14 11.45.52.0000000 AM,SYSTEM,29-JAN-15 11.20.39.4570000 AM,NISHI,1.30E+17,,10,B
80,10.2,M,Separator,Slant,,,,N,243,80,38,FSA,14,FSA Message 14,CargoIMP,Y,01-FEB-14 11.45.52.0000000 AM,SYSTEM,29-JAN-15 11.20.39.4570000 AM,NISHI,1.30E+17,,10,B
80,10.3,M,Movement Detail,,,,,N,244,80,38,FSA,14,FSA Message 14,CargoIMP,Y,01-FEB-14 11.45.52.0000000 AM,SYSTEM,29-JAN-15 11.20.39.4570000 AM,NISHI,1.30E+17,,10,B
80,10.3.1,M,Carrier Code Receiving Carrier,mm,312,,,N,245,80,38,FSA,14,FSA Message 14,CargoIMP,Y,01-FEB-14 11.45.52.0000000 AM,SYSTEM,29-JAN-15 11.20.39.4570000 AM,NISHI,1.30E+17,,10,B
80,10.3.2,M,Separator,Slant,,,,N,246,80,38,FSA,14,FSA Message 14,CargoIMP,Y,01-FEB-14 11.45.52.0000000 AM,SYSTEM,29-JAN-15 11.20.39.4570000 AM,NISHI,1.30E+17,,10,B
80,10.3.3,M,Airport Code of Transfer,aaa,313,,,N,247,80,38,FSA,14,FSA Message 14,CargoIMP,Y,01-FEB-14 11.45.52.0000000 AM,SYSTEM,29-JAN-15 11.20.39.4570000 AM,NISHI,1.30E+17,,10,B
80,10.4,M,Quantity Detail TRM,,,,,N,248,80,38,FSA,14,FSA Message 14,CargoIMP,Y,01-FEB-14 11.45.52.0000000 AM,SYSTEM,29-JAN-15 11.20.39.4570000 AM,NISHI,1.30E+17,,10,B
80,10.4.1,M,Separator,Slant,,,,N,249,80,38,FSA,14,FSA Message 14,CargoIMP,Y,01-FEB-14 11.45.52.0000000 AM,SYSTEM,29-JAN-15 11.20.39.4570000 AM,NISHI,1.30E+17,,10,B
80,10.4.2,M,Shipment Description Code,a,703,Y,,N,250,80,38,FSA,14,FSA Message 14,CargoIMP,Y,01-FEB-14 11.45.52.0000000 AM,SYSTEM,29-JAN-15 11.20.39.4570000 AM,NISHI,1.30E+17,,10,B
80,10.4.3,M,Number of Pieces,n[...4],701,,,N,251,80,38,FSA,14,FSA Message 14,CargoIMP,Y,01-FEB-14 11.45.52.0000000 AM,SYSTEM,29-JAN-15 11.20.39.4570000 AM,NISHI,1.30E+17,,10,B
80,10.4.4,O,Weight Code,a,601,Y,,N,252,80,38,FSA,14,FSA Message 14,CargoIMP,Y,01-FEB-14 11.45.52.0000000 AM,SYSTEM,29-JAN-15 11.20.39.4570000 AM,NISHI,1.30E+17,,10,B
80,10.4.5,O,Weight,n[...7]p,600,,,N,253,80,38,FSA,14,FSA Message 14,CargoIMP,Y,01-FEB-14 11.45.52.0000000 AM,SYSTEM,29-JAN-15 11.20.39.4570000 AM,NISHI,1.30E+17,,10,B
80,10.5,M,Separator,CRLF,,,,N,254,80,38,FSA,14,FSA Message 14,CargoIMP,Y,01-FEB-14 11.45.52.0000000 AM,SYSTEM,29-JAN-15 11.20.39.4570000 AM,NISHI,1.30E+17,,10,B
80,11,O,Status Details TFD,,,,,N,255,80,38,FSA,14,FSA Message 14,CargoIMP,Y,01-FEB-14 11.45.52.0000000 AM,SYSTEM,29-JAN-15 11.20.39.4570000 AM,NISHI,1.30E+17,,10,B
80,11.1,M,Status Code TFD,aaa,400,,TFD,N,256,80,38,FSA,14,FSA Message 14,CargoIMP,Y,01-FEB-14 11.45.52.0000000 AM,SYSTEM,29-JAN-15 11.20.39.4570000 AM,NISHI,1.30E+17,,10,B
80,11.2,M,Separator,Slant,,,,N,257,80,38,FSA,14,FSA Message 14,CargoIMP,Y,01-FEB-14 11.45.52.0000000 AM,SYSTEM,29-JAN-15 11.20.39.4570000 AM,NISHI,1.30E+17,,10,B
80,11.3,M,Movement Detail,,,,,N,258,80,38,FSA,14,FSA Message 14,CargoIMP,Y,01-FEB-14 11.45.52.0000000 AM,SYSTEM,29-JAN-15 11.20.39.4570000 AM,NISHI,1.30E+17,,10,B
80,11.3.1,M,Carrier Code Receiving Carrier,mm,312,,,N,259,80,38,FSA,14,FSA Message 14,CargoIMP,Y,01-FEB-14 11.45.52.0000000 AM,SYSTEM,29-JAN-15 11.20.39.4570000 AM,NISHI,1.30E+17,,10,B
80,11.3.2,M,Separator,Slant,,,,N,260,80,38,FSA,14,FSA Message 14,CargoIMP,Y,01-FEB-14 11.45.52.0000000 AM,SYSTEM,29-JAN-15 11.20.39.4570000 AM,NISHI,1.30E+17,,10,B
80,11.3.3,M,Day of Transfer,nn,202,,,N,261,80,38,FSA,14,FSA Message 14,CargoIMP,Y,01-FEB-14 11.45.52.0000000 AM,SYSTEM,29-JAN-15 11.20.39.4570000 AM,NISHI,1.30E+17,,10,B
80,11.3.4,M,Month of Transfer,aaa,201,,,N,262,80,38,FSA,14,FSA Message 14,CargoIMP,Y,01-FEB-14 11.45.52.0000000 AM,SYSTEM,29-JAN-15 11.20.39.4570000 AM,NISHI,1.30E+17,,10,B
80,11.3.5,O,Actual Time ,nnnn,203,,,N,263,80,38,FSA,14,FSA Message 14,CargoIMP,Y,01-FEB-14 11.45.52.0000000 AM,SYSTEM,29-JAN-15 11.20.39.4570000 AM,NISHI,1.30E+17,,10,B
80,11.3.6,M,Separator,Slant,,,,N,264,80,38,FSA,14,FSA Message 14,CargoIMP,Y,01-FEB-14 11.45.52.0000000 AM,SYSTEM,29-JAN-15 11.20.39.4570000 AM,NISHI,1.30E+17,,10,B
80,11.3.7,M,Airport Code of Transfer,aaa,313,,,N,265,80,38,FSA,14,FSA Message 14,CargoIMP,Y,01-FEB-14 11.45.52.0000000 AM,SYSTEM,29-JAN-15 11.20.39.4570000 AM,NISHI,1.30E+17,,10,B
80,11.4,M,Quantity Detail TFD,,,,,N,266,80,38,FSA,14,FSA Message 14,CargoIMP,Y,01-FEB-14 11.45.52.0000000 AM,SYSTEM,29-JAN-15 11.20.39.4570000 AM,NISHI,1.30E+17,,10,B
80,11.4.1,M,Separator,Slant,,,,N,267,80,38,FSA,14,FSA Message 14,CargoIMP,Y,01-FEB-14 11.45.52.0000000 AM,SYSTEM,29-JAN-15 11.20.39.4570000 AM,NISHI,1.30E+17,,10,B
80,11.4.2,M,Shipment Description Code,a,703,Y,,N,268,80,38,FSA,14,FSA Message 14,CargoIMP,Y,01-FEB-14 11.45.52.0000000 AM,SYSTEM,29-JAN-15 11.20.39.4570000 AM,NISHI,1.30E+17,,10,B
80,11.4.3,M,Number of Pieces,n[...4],701,,,N,269,80,38,FSA,14,FSA Message 14,CargoIMP,Y,01-FEB-14 11.45.52.0000000 AM,SYSTEM,29-JAN-15 11.20.39.4570000 AM,NISHI,1.30E+17,,10,B
80,11.4.4,O,Weight Code,a,601,Y,,N,270,80,38,FSA,14,FSA Message 14,CargoIMP,Y,01-FEB-14 11.45.52.0000000 AM,SYSTEM,29-JAN-15 11.20.39.4570000 AM,NISHI,1.30E+17,,10,B
80,11.4.5,O,Weight,n[...7]p,600,,,N,271,80,38,FSA,14,FSA Message 14,CargoIMP,Y,01-FEB-14 11.45.52.0000000 AM,SYSTEM,29-JAN-15 11.20.39.4570000 AM,NISHI,1.30E+17,,10,B
80,11.5,O,Transfer Reference TFD,,,,,N,272,80,38,FSA,14,FSA Message 14,CargoIMP,Y,01-FEB-14 11.45.52.0000000 AM,SYSTEM,29-JAN-15 11.20.39.4570000 AM,NISHI,1.30E+17,,10,B
80,11.5.1,M,Separator,Slant,,,,N,273,80,38,FSA,14,FSA Message 14,CargoIMP,Y,01-FEB-14 11.45.52.0000000 AM,SYSTEM,29-JAN-15 11.20.39.4570000 AM,NISHI,1.30E+17,,10,B
80,11.5.2,M,Transfer Manifest Number,n[6],118,,,N,274,80,38,FSA,14,FSA Message 14,CargoIMP,Y,01-FEB-14 11.45.52.0000000 AM,SYSTEM,29-JAN-15 11.20.39.4570000 AM,NISHI,1.30E+17,,10,B
80,11.6,M,Separator,CRLF,,,,N,275,80,38,FSA,14,FSA Message 14,CargoIMP,Y,01-FEB-14 11.45.52.0000000 AM,SYSTEM,29-JAN-15 11.20.39.4570000 AM,NISHI,1.30E+17,,10,B
80,11.7,O,Transferred from Detail,,,,,N,276,80,38,FSA,14,FSA Message 14,CargoIMP,Y,01-FEB-14 11.45.52.0000000 AM,SYSTEM,29-JAN-15 11.20.39.4570000 AM,NISHI,1.30E+17,,10,B
80,11.7.1,M,Separator,Slant,,,,N,277,80,38,FSA,14,FSA Message 14,CargoIMP,Y,01-FEB-14 11.45.52.0000000 AM,SYSTEM,29-JAN-15 11.20.39.4570000 AM,NISHI,1.30E+17,,10,B
80,11.7.2,M,Carrier Code Transferring Carrier,mm,312,,,N,278,80,38,FSA,14,FSA Message 14,CargoIMP,Y,01-FEB-14 11.45.52.0000000 AM,SYSTEM,29-JAN-15 11.20.39.4570000 AM,NISHI,1.30E+17,,10,B
80,11.7.3,O,Separator,Slant,,,,N,279,80,38,FSA,14,FSA Message 14,CargoIMP,Y,01-FEB-14 11.45.52.0000000 AM,SYSTEM,29-JAN-15 11.20.39.4570000 AM,NISHI,1.30E+17,,10,B
80,11.7.4,O,Name,t[...35],300,,,N,280,80,38,FSA,14,FSA Message 14,CargoIMP,Y,01-FEB-14 11.45.52.0000000 AM,SYSTEM,29-JAN-15 11.20.39.4570000 AM,NISHI,1.30E+17,,10,B
80,11.8,M,Separator,CRLF,,,,N,281,80,38,FSA,14,FSA Message 14,CargoIMP,Y,01-FEB-14 11.45.52.0000000 AM,SYSTEM,29-JAN-15 11.20.39.4570000 AM,NISHI,1.30E+17,,10,B
80,12,O,Status Details NFD,,,,,N,282,80,38,FSA,14,FSA Message 14,CargoIMP,Y,01-FEB-14 11.45.52.0000000 AM,SYSTEM,29-JAN-15 11.20.39.4570000 AM,NISHI,1.30E+17,,10,B
80,12.1,M,Status Code NFD,aaa,400,,NFD,N,283,80,38,FSA,14,FSA Message 14,CargoIMP,Y,01-FEB-14 11.45.52.0000000 AM,SYSTEM,29-JAN-15 11.20.39.4570000 AM,NISHI,1.30E+17,,10,B
80,12.2,M,Separator,Slant,,,,N,284,80,38,FSA,14,FSA Message 14,CargoIMP,Y,01-FEB-14 11.45.52.0000000 AM,SYSTEM,29-JAN-15 11.20.39.4570000 AM,NISHI,1.30E+17,,10,B
80,12.3,M,Movement Detail,,,,,N,285,80,38,FSA,14,FSA Message 14,CargoIMP,Y,01-FEB-14 11.45.52.0000000 AM,SYSTEM,29-JAN-15 11.20.39.4570000 AM,NISHI,1.30E+17,,10,B
80,12.3.1,M,Day of Notification,nn,202,,,N,286,80,38,FSA,14,FSA Message 14,CargoIMP,Y,01-FEB-14 11.45.52.0000000 AM,SYSTEM,29-JAN-15 11.20.39.4570000 AM,NISHI,1.30E+17,,10,B
80,12.3.2,M,Month of Notification,aaa,201,,,N,287,80,38,FSA,14,FSA Message 14,CargoIMP,Y,01-FEB-14 11.45.52.0000000 AM,SYSTEM,29-JAN-15 11.20.39.4570000 AM,NISHI,1.30E+17,,10,B
80,12.3.3,O,Actual Time,nnnn,203,,,N,288,80,38,FSA,14,FSA Message 14,CargoIMP,Y,01-FEB-14 11.45.52.0000000 AM,SYSTEM,29-JAN-15 11.20.39.4570000 AM,NISHI,1.30E+17,,10,B
80,12.3.4,M,Separator,Slant,,,,N,289,80,38,FSA,14,FSA Message 14,CargoIMP,Y,01-FEB-14 11.45.52.0000000 AM,SYSTEM,29-JAN-15 11.20.39.4570000 AM,NISHI,1.30E+17,,10,B
80,12.3.5,M,Airport Code of Notification,aaa,313,,,N,290,80,38,FSA,14,FSA Message 14,CargoIMP,Y,01-FEB-14 11.45.52.0000000 AM,SYSTEM,29-JAN-15 11.20.39.4570000 AM,NISHI,1.30E+17,,10,B
80,12.4,M,Quantity Detail NFD,,,,,N,291,80,38,FSA,14,FSA Message 14,CargoIMP,Y,01-FEB-14 11.45.52.0000000 AM,SYSTEM,29-JAN-15 11.20.39.4570000 AM,NISHI,1.30E+17,,10,B
80,12.4.1,M,Separator,Slant,,,,N,292,80,38,FSA,14,FSA Message 14,CargoIMP,Y,01-FEB-14 11.45.52.0000000 AM,SYSTEM,29-JAN-15 11.20.39.4570000 AM,NISHI,1.30E+17,,10,B
80,12.4.2,M,Shipment Description Code,a,703,Y,,N,293,80,38,FSA,14,FSA Message 14,CargoIMP,Y,01-FEB-14 11.45.52.0000000 AM,SYSTEM,29-JAN-15 11.20.39.4570000 AM,NISHI,1.30E+17,,10,B
80,12.4.3,M,Number of Pieces,n[...4],701,,,N,294,80,38,FSA,14,FSA Message 14,CargoIMP,Y,01-FEB-14 11.45.52.0000000 AM,SYSTEM,29-JAN-15 11.20.39.4570000 AM,NISHI,1.30E+17,,10,B
80,12.4.4,O,Weight Code,a,601,Y,,N,295,80,38,FSA,14,FSA Message 14,CargoIMP,Y,01-FEB-14 11.45.52.0000000 AM,SYSTEM,29-JAN-15 11.20.39.4570000 AM,NISHI,1.30E+17,,10,B
80,12.4.5,O,Weight,n[...7]p,600,,,N,296,80,38,FSA,14,FSA Message 14,CargoIMP,Y,01-FEB-14 11.45.52.0000000 AM,SYSTEM,29-JAN-15 11.20.39.4570000 AM,NISHI,1.30E+17,,10,B
80,12.5,O,Notification to Detail NFD,,,,,N,297,80,38,FSA,14,FSA Message 14,CargoIMP,Y,01-FEB-14 11.45.52.0000000 AM,SYSTEM,29-JAN-15 11.20.39.4570000 AM,NISHI,1.30E+17,,10,B
80,12.5.1,M,Separator,Slant,,,,N,298,80,38,FSA,14,FSA Message 14,CargoIMP,Y,01-FEB-14 11.45.52.0000000 AM,SYSTEM,29-JAN-15 11.20.39.4570000 AM,NISHI,1.30E+17,,10,B
80,12.5.2,M,Name,t[...35],300,,,N,299,80,38,FSA,14,FSA Message 14,CargoIMP,Y,01-FEB-14 11.45.52.0000000 AM,SYSTEM,29-JAN-15 11.20.39.4570000 AM,NISHI,1.30E+17,,10,B
80,12.6,M,Separator,CRLF,,,,N,300,80,38,FSA,14,FSA Message 14,CargoIMP,Y,01-FEB-14 11.45.52.0000000 AM,SYSTEM,29-JAN-15 11.20.39.4570000 AM,NISHI,1.30E+17,,10,B
80,13,O,Status Details AWD,,,,,N,301,80,38,FSA,14,FSA Message 14,CargoIMP,Y,01-FEB-14 11.45.52.0000000 AM,SYSTEM,29-JAN-15 11.20.39.4570000 AM,NISHI,1.30E+17,,10,B
80,13.1,M,Status Code AWD,aaa,400,,AWD,N,302,80,38,FSA,14,FSA Message 14,CargoIMP,Y,01-FEB-14 11.45.52.0000000 AM,SYSTEM,29-JAN-15 11.20.39.4570000 AM,NISHI,1.30E+17,,10,B
80,13.2,M,Separator,Slant,,,,N,303,80,38,FSA,14,FSA Message 14,CargoIMP,Y,01-FEB-14 11.45.52.0000000 AM,SYSTEM,29-JAN-15 11.20.39.4570000 AM,NISHI,1.30E+17,,10,B
80,13.3,M,Movement Detail AWD,,,,,N,304,80,38,FSA,14,FSA Message 14,CargoIMP,Y,01-FEB-14 11.45.52.0000000 AM,SYSTEM,29-JAN-15 11.20.39.4570000 AM,NISHI,1.30E+17,,10,B
80,13.3.1,M,Day of Delivery,nn,202,,,N,305,80,38,FSA,14,FSA Message 14,CargoIMP,Y,01-FEB-14 11.45.52.0000000 AM,SYSTEM,29-JAN-15 11.20.39.4570000 AM,NISHI,1.30E+17,,10,B
80,13.3.2,M,Month of Delivery,aaa,201,,,N,306,80,38,FSA,14,FSA Message 14,CargoIMP,Y,01-FEB-14 11.45.52.0000000 AM,SYSTEM,29-JAN-15 11.20.39.4570000 AM,NISHI,1.30E+17,,10,B
80,13.3.3,O,Actual Time,nnnn,203,,,N,307,80,38,FSA,14,FSA Message 14,CargoIMP,Y,01-FEB-14 11.45.52.0000000 AM,SYSTEM,29-JAN-15 11.20.39.4570000 AM,NISHI,1.30E+17,,10,B
80,13.3.4,M,Separator,Slant,,,,N,308,80,38,FSA,14,FSA Message 14,CargoIMP,Y,01-FEB-14 11.45.52.0000000 AM,SYSTEM,29-JAN-15 11.20.39.4570000 AM,NISHI,1.30E+17,,10,B
80,13.3.5,M,Airport Code of Delivery,aaa,313,,,N,309,80,38,FSA,14,FSA Message 14,CargoIMP,Y,01-FEB-14 11.45.52.0000000 AM,SYSTEM,29-JAN-15 11.20.39.4570000 AM,NISHI,1.30E+17,,10,B
80,13.4,M,Quantity Detail AWD,,,,,N,310,80,38,FSA,14,FSA Message 14,CargoIMP,Y,01-FEB-14 11.45.52.0000000 AM,SYSTEM,29-JAN-15 11.20.39.4570000 AM,NISHI,1.30E+17,,10,B
80,13.4.1,M,Separator,Slant,,,,N,311,80,38,FSA,14,FSA Message 14,CargoIMP,Y,01-FEB-14 11.45.52.0000000 AM,SYSTEM,29-JAN-15 11.20.39.4570000 AM,NISHI,1.30E+17,,10,B
80,13.4.2,M,Shipment Description Code,a,703,Y,,N,312,80,38,FSA,14,FSA Message 14,CargoIMP,Y,01-FEB-14 11.45.52.0000000 AM,SYSTEM,29-JAN-15 11.20.39.4570000 AM,NISHI,1.30E+17,,10,B
80,13.4.3,M,Number of Pieces,n[...4],701,,,N,313,80,38,FSA,14,FSA Message 14,CargoIMP,Y,01-FEB-14 11.45.52.0000000 AM,SYSTEM,29-JAN-15 11.20.39.4570000 AM,NISHI,1.30E+17,,10,B
80,13.4.4,O,Weight Code,a,601,Y,,N,314,80,38,FSA,14,FSA Message 14,CargoIMP,Y,01-FEB-14 11.45.52.0000000 AM,SYSTEM,29-JAN-15 11.20.39.4570000 AM,NISHI,1.30E+17,,10,B
80,13.4.5,O,Weight,n[...7]p,600,,,N,315,80,38,FSA,14,FSA Message 14,CargoIMP,Y,01-FEB-14 11.45.52.0000000 AM,SYSTEM,29-JAN-15 11.20.39.4570000 AM,NISHI,1.30E+17,,10,B
80,13.5,O,Delivery to Detail,,,,,N,316,80,38,FSA,14,FSA Message 14,CargoIMP,Y,01-FEB-14 11.45.52.0000000 AM,SYSTEM,29-JAN-15 11.20.39.4570000 AM,NISHI,1.30E+17,,10,B
80,13.5.1,M,Separator,Slant,,,,N,317,80,38,FSA,14,FSA Message 14,CargoIMP,Y,01-FEB-14 11.45.52.0000000 AM,SYSTEM,29-JAN-15 11.20.39.4570000 AM,NISHI,1.30E+17,,10,B
80,13.5.2,M,Name,t[...35],300,,,N,318,80,38,FSA,14,FSA Message 14,CargoIMP,Y,01-FEB-14 11.45.52.0000000 AM,SYSTEM,29-JAN-15 11.20.39.4570000 AM,NISHI,1.30E+17,,10,B
80,13.6,M,Separator,CRLF,,,,N,319,80,38,FSA,14,FSA Message 14,CargoIMP,Y,01-FEB-14 11.45.52.0000000 AM,SYSTEM,29-JAN-15 11.20.39.4570000 AM,NISHI,1.30E+17,,10,B
80,14,O,Status Details CCD,,,,,N,320,80,38,FSA,14,FSA Message 14,CargoIMP,Y,01-FEB-14 11.45.52.0000000 AM,SYSTEM,29-JAN-15 11.20.39.4570000 AM,NISHI,1.30E+17,,10,B
80,14.1,M,Status Code CCD,aaa,400,,CCD,N,321,80,38,FSA,14,FSA Message 14,CargoIMP,Y,01-FEB-14 11.45.52.0000000 AM,SYSTEM,29-JAN-15 11.20.39.4570000 AM,NISHI,1.30E+17,,10,B
80,14.2,M,Separator,Slant,,,,N,322,80,38,FSA,14,FSA Message 14,CargoIMP,Y,01-FEB-14 11.45.52.0000000 AM,SYSTEM,29-JAN-15 11.20.39.4570000 AM,NISHI,1.30E+17,,10,B
80,14.3,M,Movement Detail CCD,,,,,N,323,80,38,FSA,14,FSA Message 14,CargoIMP,Y,01-FEB-14 11.45.52.0000000 AM,SYSTEM,29-JAN-15 11.20.39.4570000 AM,NISHI,1.30E+17,,10,B
80,14.3.1,M,Day of Clearance,nn,202,,,N,324,80,38,FSA,14,FSA Message 14,CargoIMP,Y,01-FEB-14 11.45.52.0000000 AM,SYSTEM,29-JAN-15 11.20.39.4570000 AM,NISHI,1.30E+17,,10,B
80,14.3.2,M,Month of Clearance,aaa,201,,,N,325,80,38,FSA,14,FSA Message 14,CargoIMP,Y,01-FEB-14 11.45.52.0000000 AM,SYSTEM,29-JAN-15 11.20.39.4570000 AM,NISHI,1.30E+17,,10,B
80,14.3.3,O,Actual Time,nnnn,203,,,N,326,80,38,FSA,14,FSA Message 14,CargoIMP,Y,01-FEB-14 11.45.52.0000000 AM,SYSTEM,29-JAN-15 11.20.39.4570000 AM,NISHI,1.30E+17,,10,B
80,14.3.4,M,Separator,Slant,,,,N,327,80,38,FSA,14,FSA Message 14,CargoIMP,Y,01-FEB-14 11.45.52.0000000 AM,SYSTEM,29-JAN-15 11.20.39.4570000 AM,NISHI,1.30E+17,,10,B
80,14.3.5,M,Airport Code of Clearance,aaa,313,,,N,328,80,38,FSA,14,FSA Message 14,CargoIMP,Y,01-FEB-14 11.45.52.0000000 AM,SYSTEM,29-JAN-15 11.20.39.4570000 AM,NISHI,1.30E+17,,10,B
80,14.4,M,Quantity Detail CCD,,,,,N,329,80,38,FSA,14,FSA Message 14,CargoIMP,Y,01-FEB-14 11.45.52.0000000 AM,SYSTEM,29-JAN-15 11.20.39.4570000 AM,NISHI,1.30E+17,,10,B
80,14.4.1,M,Separator,Slant,,,,N,330,80,38,FSA,14,FSA Message 14,CargoIMP,Y,01-FEB-14 11.45.52.0000000 AM,SYSTEM,29-JAN-15 11.20.39.4570000 AM,NISHI,1.30E+17,,10,B
80,14.4.2,M,Shipment Description Code,a,703,Y,,N,331,80,38,FSA,14,FSA Message 14,CargoIMP,Y,01-FEB-14 11.45.52.0000000 AM,SYSTEM,29-JAN-15 11.20.39.4570000 AM,NISHI,1.30E+17,,10,B
80,14.4.3,M,Number of Pieces,n[...4],701,,,N,332,80,38,FSA,14,FSA Message 14,CargoIMP,Y,01-FEB-14 11.45.52.0000000 AM,SYSTEM,29-JAN-15 11.20.39.4570000 AM,NISHI,1.30E+17,,10,B
80,14.4.4,O,Weight Code,a,601,Y,,N,333,80,38,FSA,14,FSA Message 14,CargoIMP,Y,01-FEB-14 11.45.52.0000000 AM,SYSTEM,29-JAN-15 11.20.39.4570000 AM,NISHI,1.30E+17,,10,B
80,14.4.5,O,Weight,n[...7]p,600,,,N,334,80,38,FSA,14,FSA Message 14,CargoIMP,Y,01-FEB-14 11.45.52.0000000 AM,SYSTEM,29-JAN-15 11.20.39.4570000 AM,NISHI,1.30E+17,,10,B
80,14.5,M,Separator,CRLF,,,,N,335,80,38,FSA,14,FSA Message 14,CargoIMP,Y,01-FEB-14 11.45.52.0000000 AM,SYSTEM,29-JAN-15 11.20.39.4570000 AM,NISHI,1.30E+17,,10,B
80,15,O,Status Details DLV,,,,,N,336,80,38,FSA,14,FSA Message 14,CargoIMP,Y,01-FEB-14 11.45.52.0000000 AM,SYSTEM,29-JAN-15 11.20.39.4570000 AM,NISHI,1.30E+17,,10,B
80,15.1,M,Status Code DLV,aaa,400,,DLV,N,337,80,38,FSA,14,FSA Message 14,CargoIMP,Y,01-FEB-14 11.45.52.0000000 AM,SYSTEM,29-JAN-15 11.20.39.4570000 AM,NISHI,1.30E+17,,10,B
80,15.2,M,Separator,Slant,,,,N,338,80,38,FSA,14,FSA Message 14,CargoIMP,Y,01-FEB-14 11.45.52.0000000 AM,SYSTEM,29-JAN-15 11.20.39.4570000 AM,NISHI,1.30E+17,,10,B
80,15.3,M,Movement Detail DLV,,,,,N,339,80,38,FSA,14,FSA Message 14,CargoIMP,Y,01-FEB-14 11.45.52.0000000 AM,SYSTEM,29-JAN-15 11.20.39.4570000 AM,NISHI,1.30E+17,,10,B
80,15.3.1,M,Day of Delivery,nn,202,,,N,340,80,38,FSA,14,FSA Message 14,CargoIMP,Y,01-FEB-14 11.45.52.0000000 AM,SYSTEM,29-JAN-15 11.20.39.4570000 AM,NISHI,1.30E+17,,10,B
80,15.3.2,M,Month of Delivery,aaa,201,,,N,341,80,38,FSA,14,FSA Message 14,CargoIMP,Y,01-FEB-14 11.45.52.0000000 AM,SYSTEM,29-JAN-15 11.20.39.4570000 AM,NISHI,1.30E+17,,10,B
80,15.3.3,O,Actual Time,nnnn,203,,,N,342,80,38,FSA,14,FSA Message 14,CargoIMP,Y,01-FEB-14 11.45.52.0000000 AM,SYSTEM,29-JAN-15 11.20.39.4570000 AM,NISHI,1.30E+17,,10,B
80,15.3.4,M,Separator,Slant,,,,N,343,80,38,FSA,14,FSA Message 14,CargoIMP,Y,01-FEB-14 11.45.52.0000000 AM,SYSTEM,29-JAN-15 11.20.39.4570000 AM,NISHI,1.30E+17,,10,B
80,15.3.5,M,Airport Code of Delivery,aaa,313,,,N,344,80,38,FSA,14,FSA Message 14,CargoIMP,Y,01-FEB-14 11.45.52.0000000 AM,SYSTEM,29-JAN-15 11.20.39.4570000 AM,NISHI,1.30E+17,,10,B
80,15.4,M,Quantity Detail DLV,,,,,N,345,80,38,FSA,14,FSA Message 14,CargoIMP,Y,01-FEB-14 11.45.52.0000000 AM,SYSTEM,29-JAN-15 11.20.39.4570000 AM,NISHI,1.30E+17,,10,B
80,15.4.1,M,Separator,Slant,,,,N,346,80,38,FSA,14,FSA Message 14,CargoIMP,Y,01-FEB-14 11.45.52.0000000 AM,SYSTEM,29-JAN-15 11.20.39.4570000 AM,NISHI,1.30E+17,,10,B
80,15.4.2,M,Shipment Description Code,a,703,Y,,N,347,80,38,FSA,14,FSA Message 14,CargoIMP,Y,01-FEB-14 11.45.52.0000000 AM,SYSTEM,29-JAN-15 11.20.39.4570000 AM,NISHI,1.30E+17,,10,B
80,15.4.3,M,Number of Pieces,n[...4],701,,,N,348,80,38,FSA,14,FSA Message 14,CargoIMP,Y,01-FEB-14 11.45.52.0000000 AM,SYSTEM,29-JAN-15 11.20.39.4570000 AM,NISHI,1.30E+17,,10,B
80,15.4.4,O,Weight Code,a,601,Y,,N,349,80,38,FSA,14,FSA Message 14,CargoIMP,Y,01-FEB-14 11.45.52.0000000 AM,SYSTEM,29-JAN-15 11.20.39.4570000 AM,NISHI,1.30E+17,,10,B
80,15.4.5,O,Weight,n[...7]p,600,,,N,350,80,38,FSA,14,FSA Message 14,CargoIMP,Y,01-FEB-14 11.45.52.0000000 AM,SYSTEM,29-JAN-15 11.20.39.4570000 AM,NISHI,1.30E+17,,10,B
80,15.5,O,Delivery to Detail DLV,,,,,N,351,80,38,FSA,14,FSA Message 14,CargoIMP,Y,01-FEB-14 11.45.52.0000000 AM,SYSTEM,29-JAN-15 11.20.39.4570000 AM,NISHI,1.30E+17,,10,B
80,15.5.1,M,Separator,Slant,,,,N,352,80,38,FSA,14,FSA Message 14,CargoIMP,Y,01-FEB-14 11.45.52.0000000 AM,SYSTEM,29-JAN-15 11.20.39.4570000 AM,NISHI,1.30E+17,,10,B
80,15.5.2,M,Name,t[...35],300,,,N,353,80,38,FSA,14,FSA Message 14,CargoIMP,Y,01-FEB-14 11.45.52.0000000 AM,SYSTEM,29-JAN-15 11.20.39.4570000 AM,NISHI,1.30E+17,,10,B
80,15.6,M,Separator,CRLF,,,,N,354,80,38,FSA,14,FSA Message 14,CargoIMP,Y,01-FEB-14 11.45.52.0000000 AM,SYSTEM,29-JAN-15 11.20.39.4570000 AM,NISHI,1.30E+17,,10,B
80,16,O,Status Details DIS,,,,,N,355,80,38,FSA,14,FSA Message 14,CargoIMP,Y,01-FEB-14 11.45.52.0000000 AM,SYSTEM,29-JAN-15 11.20.39.4570000 AM,NISHI,1.30E+17,,10,B
80,16.1,M,Status Code DIS,aaa,400,,DIS,N,356,80,38,FSA,14,FSA Message 14,CargoIMP,Y,01-FEB-14 11.45.52.0000000 AM,SYSTEM,29-JAN-15 11.20.39.4570000 AM,NISHI,1.30E+17,,10,B
80,16.2,M,Separator,Slant,,,,N,357,80,38,FSA,14,FSA Message 14,CargoIMP,Y,01-FEB-14 11.45.52.0000000 AM,SYSTEM,29-JAN-15 11.20.39.4570000 AM,NISHI,1.30E+17,,10,B
80,16.3,M,Movement Detail DIS,,,,,N,358,80,38,FSA,14,FSA Message 14,CargoIMP,Y,01-FEB-14 11.45.52.0000000 AM,SYSTEM,29-JAN-15 11.20.39.4570000 AM,NISHI,1.30E+17,,10,B
80,16.3.1,O,Carrier Code,mm,312,,,N,359,80,38,FSA,14,FSA Message 14,CargoIMP,Y,01-FEB-14 11.45.52.0000000 AM,SYSTEM,29-JAN-15 11.20.39.4570000 AM,NISHI,1.30E+17,,10,B
80,16.3.2,O,Flight Number,nnn(n)(a),800,,,N,360,80,38,FSA,14,FSA Message 14,CargoIMP,Y,01-FEB-14 11.45.52.0000000 AM,SYSTEM,29-JAN-15 11.20.39.4570000 AM,NISHI,1.30E+17,,10,B
80,16.3.3,M,Separator,Slant,,,,N,361,80,38,FSA,14,FSA Message 14,CargoIMP,Y,01-FEB-14 11.45.52.0000000 AM,SYSTEM,29-JAN-15 11.20.39.4570000 AM,NISHI,1.30E+17,,10,B
80,16.3.4,M,Day of Discrepancy,nn,202,,,N,362,80,38,FSA,14,FSA Message 14,CargoIMP,Y,01-FEB-14 11.45.52.0000000 AM,SYSTEM,29-JAN-15 11.20.39.4570000 AM,NISHI,1.30E+17,,10,B
80,16.3.5,M,Month of Discrepancy,aaa,201,,,N,363,80,38,FSA,14,FSA Message 14,CargoIMP,Y,01-FEB-14 11.45.52.0000000 AM,SYSTEM,29-JAN-15 11.20.39.4570000 AM,NISHI,1.30E+17,,10,B
80,16.3.6,O,Actual Time,nnnn,203,,,N,364,80,38,FSA,14,FSA Message 14,CargoIMP,Y,01-FEB-14 11.45.52.0000000 AM,SYSTEM,29-JAN-15 11.20.39.4570000 AM,NISHI,1.30E+17,,10,B
80,16.3.7,M,Separator,Slant,,,,N,365,80,38,FSA,14,FSA Message 14,CargoIMP,Y,01-FEB-14 11.45.52.0000000 AM,SYSTEM,29-JAN-15 11.20.39.4570000 AM,NISHI,1.30E+17,,10,B
80,16.3.8,M,Airport Code of Discrepancy,aaa,313,,,N,366,80,38,FSA,14,FSA Message 14,CargoIMP,Y,01-FEB-14 11.45.52.0000000 AM,SYSTEM,29-JAN-15 11.20.39.4570000 AM,NISHI,1.30E+17,,10,B
80,16.4,M,Discrepancy Description DIS,,,,,N,367,80,38,FSA,14,FSA Message 14,CargoIMP,Y,01-FEB-14 11.45.52.0000000 AM,SYSTEM,29-JAN-15 11.20.39.4570000 AM,NISHI,1.30E+17,,10,B
80,16.4.1,M,Separator,Slant,,,,N,368,80,38,FSA,14,FSA Message 14,CargoIMP,Y,01-FEB-14 11.45.52.0000000 AM,SYSTEM,29-JAN-15 11.20.39.4570000 AM,NISHI,1.30E+17,,10,B
80,16.4.2,M,Discrepancy Code,aaaa,706,,,N,369,80,38,FSA,14,FSA Message 14,CargoIMP,Y,01-FEB-14 11.45.52.0000000 AM,SYSTEM,29-JAN-15 11.20.39.4570000 AM,NISHI,1.30E+17,,10,B
80,16.5,M,Quantity Detail DIS,,,,,N,370,80,38,FSA,14,FSA Message 14,CargoIMP,Y,01-FEB-14 11.45.52.0000000 AM,SYSTEM,29-JAN-15 11.20.39.4570000 AM,NISHI,1.30E+17,,10,B
80,16.5.1,M,Separator,Slant,,,,N,371,80,38,FSA,14,FSA Message 14,CargoIMP,Y,01-FEB-14 11.45.52.0000000 AM,SYSTEM,29-JAN-15 11.20.39.4570000 AM,NISHI,1.30E+17,,10,B
80,16.5.2,M,Shipment Description Code,a,703,Y,,N,372,80,38,FSA,14,FSA Message 14,CargoIMP,Y,01-FEB-14 11.45.52.0000000 AM,SYSTEM,29-JAN-15 11.20.39.4570000 AM,NISHI,1.30E+17,,10,B
80,16.5.3,M,Number of Pieces,n[...4],701,,,N,373,80,38,FSA,14,FSA Message 14,CargoIMP,Y,01-FEB-14 11.45.52.0000000 AM,SYSTEM,29-JAN-15 11.20.39.4570000 AM,NISHI,1.30E+17,,10,B
80,16.5.4,O,Weight Code,a,601,Y,,N,374,80,38,FSA,14,FSA Message 14,CargoIMP,Y,01-FEB-14 11.45.52.0000000 AM,SYSTEM,29-JAN-15 11.20.39.4570000 AM,NISHI,1.30E+17,,10,B
80,16.5.5,O,Weight,n[...7]p,600,,,N,375,80,38,FSA,14,FSA Message 14,CargoIMP,Y,01-FEB-14 11.45.52.0000000 AM,SYSTEM,29-JAN-15 11.20.39.4570000 AM,NISHI,1.30E+17,,10,B
80,16.6,M,Separator,CRLF,,,,N,376,80,38,FSA,14,FSA Message 14,CargoIMP,Y,01-FEB-14 11.45.52.0000000 AM,SYSTEM,29-JAN-15 11.20.39.4570000 AM,NISHI,1.30E+17,,10,B
80,17,O,Status Details CRC,,,,,N,377,80,38,FSA,14,FSA Message 14,CargoIMP,Y,01-FEB-14 11.45.52.0000000 AM,SYSTEM,29-JAN-15 11.20.39.4570000 AM,NISHI,1.30E+17,,10,B
80,17.1,M,Status Code CRC,aaa,400,,CRC,N,378,80,38,FSA,14,FSA Message 14,CargoIMP,Y,01-FEB-14 11.45.52.0000000 AM,SYSTEM,29-JAN-15 11.20.39.4570000 AM,NISHI,1.30E+17,,10,B
80,17.2,M,Separator,Slant,,,,N,379,80,38,FSA,14,FSA Message 14,CargoIMP,Y,01-FEB-14 11.45.52.0000000 AM,SYSTEM,29-JAN-15 11.20.39.4570000 AM,NISHI,1.30E+17,,10,B
80,17.3,M,Reporting Detail,,,,,N,380,80,38,FSA,14,FSA Message 14,CargoIMP,Y,01-FEB-14 11.45.52.0000000 AM,SYSTEM,29-JAN-15 11.20.39.4570000 AM,NISHI,1.30E+17,,10,B
80,17.3.1,M,Day of Reporting,nn,202,,,N,381,80,38,FSA,14,FSA Message 14,CargoIMP,Y,01-FEB-14 11.45.52.0000000 AM,SYSTEM,29-JAN-15 11.20.39.4570000 AM,NISHI,1.30E+17,,10,B
80,17.3.2,M,Month of Reporting,aaa,201,,,N,382,80,38,FSA,14,FSA Message 14,CargoIMP,Y,01-FEB-14 11.45.52.0000000 AM,SYSTEM,29-JAN-15 11.20.39.4570000 AM,NISHI,1.30E+17,,10,B
80,17.3.3,O,Actual Time,nnnn,203,,,N,383,80,38,FSA,14,FSA Message 14,CargoIMP,Y,01-FEB-14 11.45.52.0000000 AM,SYSTEM,29-JAN-15 11.20.39.4570000 AM,NISHI,1.30E+17,,10,B
80,17.3.4,M,Separator,Slant,,,,N,384,80,38,FSA,14,FSA Message 14,CargoIMP,Y,01-FEB-14 11.45.52.0000000 AM,SYSTEM,29-JAN-15 11.20.39.4570000 AM,NISHI,1.30E+17,,10,B
80,17.3.5,M,Airport Code of Reporting,aaa,313,,,N,385,80,38,FSA,14,FSA Message 14,CargoIMP,Y,01-FEB-14 11.45.52.0000000 AM,SYSTEM,29-JAN-15 11.20.39.4570000 AM,NISHI,1.30E+17,,10,B
80,17.4,M,Quantity Detail CRC,,,,,N,386,80,38,FSA,14,FSA Message 14,CargoIMP,Y,01-FEB-14 11.45.52.0000000 AM,SYSTEM,29-JAN-15 11.20.39.4570000 AM,NISHI,1.30E+17,,10,B
80,17.4.1,M,Separator,Slant,,,,N,387,80,38,FSA,14,FSA Message 14,CargoIMP,Y,01-FEB-14 11.45.52.0000000 AM,SYSTEM,29-JAN-15 11.20.39.4570000 AM,NISHI,1.30E+17,,10,B
80,17.4.2,M,Shipment Description Code,a,703,Y,,N,388,80,38,FSA,14,FSA Message 14,CargoIMP,Y,01-FEB-14 11.45.52.0000000 AM,SYSTEM,29-JAN-15 11.20.39.4570000 AM,NISHI,1.30E+17,,10,B
80,17.4.3,M,Number of Pieces,n[...4],701,,,N,389,80,38,FSA,14,FSA Message 14,CargoIMP,Y,01-FEB-14 11.45.52.0000000 AM,SYSTEM,29-JAN-15 11.20.39.4570000 AM,NISHI,1.30E+17,,10,B
80,17.4.4,O,Weight Code,a,601,Y,,N,390,80,38,FSA,14,FSA Message 14,CargoIMP,Y,01-FEB-14 11.45.52.0000000 AM,SYSTEM,29-JAN-15 11.20.39.4570000 AM,NISHI,1.30E+17,,10,B
80,17.4.5,O,Weight,n[...7]p,600,,,N,391,80,38,FSA,14,FSA Message 14,CargoIMP,Y,01-FEB-14 11.45.52.0000000 AM,SYSTEM,29-JAN-15 11.20.39.4570000 AM,NISHI,1.30E+17,,10,B
80,17.5,O,Separator,Slant,,,,N,392,80,38,FSA,14,FSA Message 14,CargoIMP,Y,01-FEB-14 11.45.52.0000000 AM,SYSTEM,29-JAN-15 11.20.39.4570000 AM,NISHI,1.30E+17,,10,B
80,17.6,O,Movement Detail CRC,,,,,N,393,80,38,FSA,14,FSA Message 14,CargoIMP,Y,01-FEB-14 11.45.52.0000000 AM,SYSTEM,29-JAN-15 11.20.39.4570000 AM,NISHI,1.30E+17,,10,B
80,17.6.1,O,Carrier Code,mm,312,,,N,394,80,38,FSA,14,FSA Message 14,CargoIMP,Y,01-FEB-14 11.45.52.0000000 AM,SYSTEM,29-JAN-15 11.20.39.4570000 AM,NISHI,1.30E+17,,10,B
80,17.6.2,O,Flight Number,nnn(n)(a),800,,,N,395,80,38,FSA,14,FSA Message 14,CargoIMP,Y,01-FEB-14 11.45.52.0000000 AM,SYSTEM,29-JAN-15 11.20.39.4570000 AM,NISHI,1.30E+17,,10,B
80,17.6.3,M,Separator,Slant,,,,N,396,80,38,FSA,14,FSA Message 14,CargoIMP,Y,01-FEB-14 11.45.52.0000000 AM,SYSTEM,29-JAN-15 11.20.39.4570000 AM,NISHI,1.30E+17,,10,B
80,17.6.4,O,Day of Scheduled Departure,nn,202,,,N,397,80,38,FSA,14,FSA Message 14,CargoIMP,Y,01-FEB-14 11.45.52.0000000 AM,SYSTEM,29-JAN-15 11.20.39.4570000 AM,NISHI,1.30E+17,,10,B
80,17.6.5,O,Month of Scheduled Departure,aaa,201,,,N,398,80,38,FSA,14,FSA Message 14,CargoIMP,Y,01-FEB-14 11.45.52.0000000 AM,SYSTEM,29-JAN-15 11.20.39.4570000 AM,NISHI,1.30E+17,,10,B
80,17.6.6,M,Separator,Slant,,,,N,399,80,38,FSA,14,FSA Message 14,CargoIMP,Y,01-FEB-14 11.45.52.0000000 AM,SYSTEM,29-JAN-15 11.20.39.4570000 AM,NISHI,1.30E+17,,10,B
80,17.6.7,M,Airport Code of Departure,aaa,313,,,N,400,80,38,FSA,14,FSA Message 14,CargoIMP,Y,01-FEB-14 11.45.52.0000000 AM,SYSTEM,29-JAN-15 11.20.39.4570000 AM,NISHI,1.30E+17,,10,B
80,17.6.8,M,Airport Code of Arrival,aaa,313,,,N,401,80,38,FSA,14,FSA Message 14,CargoIMP,Y,01-FEB-14 11.45.52.0000000 AM,SYSTEM,29-JAN-15 11.20.39.4570000 AM,NISHI,1.30E+17,,10,B
80,17.7,M,Separator,CRLF,,,,N,402,80,38,FSA,14,FSA Message 14,CargoIMP,Y,01-FEB-14 11.45.52.0000000 AM,SYSTEM,29-JAN-15 11.20.39.4570000 AM,NISHI,1.30E+17,,10,B
80,18,O,Status Details DDL,,,,,N,403,80,38,FSA,14,FSA Message 14,CargoIMP,Y,01-FEB-14 11.45.52.0000000 AM,SYSTEM,29-JAN-15 11.20.39.4570000 AM,NISHI,1.30E+17,,10,B
80,18.1,M,Status Code DDL,aaa,400,,DDL,N,404,80,38,FSA,14,FSA Message 14,CargoIMP,Y,01-FEB-14 11.45.52.0000000 AM,SYSTEM,29-JAN-15 11.20.39.4570000 AM,NISHI,1.30E+17,,10,B
80,18.2,M,Separator,Slant,,,,N,405,80,38,FSA,14,FSA Message 14,CargoIMP,Y,01-FEB-14 11.45.52.0000000 AM,SYSTEM,29-JAN-15 11.20.39.4570000 AM,NISHI,1.30E+17,,10,B
80,18.3,M,Movement Detail DDL,,,,,N,406,80,38,FSA,14,FSA Message 14,CargoIMP,Y,01-FEB-14 11.45.52.0000000 AM,SYSTEM,29-JAN-15 11.20.39.4570000 AM,NISHI,1.30E+17,,10,B
80,18.3.1,M,Day of Delivery ,nn,202,,,N,407,80,38,FSA,14,FSA Message 14,CargoIMP,Y,01-FEB-14 11.45.52.0000000 AM,SYSTEM,29-JAN-15 11.20.39.4570000 AM,NISHI,1.30E+17,,10,B
80,18.3.2,M,Month of Delivery,aaa,201,,,N,408,80,38,FSA,14,FSA Message 14,CargoIMP,Y,01-FEB-14 11.45.52.0000000 AM,SYSTEM,29-JAN-15 11.20.39.4570000 AM,NISHI,1.30E+17,,10,B
80,18.3.3,O,Actual Time,nnnn,203,,,N,409,80,38,FSA,14,FSA Message 14,CargoIMP,Y,01-FEB-14 11.45.52.0000000 AM,SYSTEM,29-JAN-15 11.20.39.4570000 AM,NISHI,1.30E+17,,10,B
80,18.3.4,M,Separator,Slant,,,,N,410,80,38,FSA,14,FSA Message 14,CargoIMP,Y,01-FEB-14 11.45.52.0000000 AM,SYSTEM,29-JAN-15 11.20.39.4570000 AM,NISHI,1.30E+17,,10,B
80,18.3.5,M,Airport Code of Delivery ,aaa,313,,,N,411,80,38,FSA,14,FSA Message 14,CargoIMP,Y,01-FEB-14 11.45.52.0000000 AM,SYSTEM,29-JAN-15 11.20.39.4570000 AM,NISHI,1.30E+17,,10,B
80,18.4,M,Quantity Detail DDL,,,,,N,412,80,38,FSA,14,FSA Message 14,CargoIMP,Y,01-FEB-14 11.45.52.0000000 AM,SYSTEM,29-JAN-15 11.20.39.4570000 AM,NISHI,1.30E+17,,10,B
80,18.4.1,M,Separator,Slant,,,,N,413,80,38,FSA,14,FSA Message 14,CargoIMP,Y,01-FEB-14 11.45.52.0000000 AM,SYSTEM,29-JAN-15 11.20.39.4570000 AM,NISHI,1.30E+17,,10,B
80,18.4.2,M,Shipment Description Code ,a,703,Y,,N,414,80,38,FSA,14,FSA Message 14,CargoIMP,Y,01-FEB-14 11.45.52.0000000 AM,SYSTEM,29-JAN-15 11.20.39.4570000 AM,NISHI,1.30E+17,,10,B
80,18.4.3,M,Number of Pieces,n[...4],701,,,N,415,80,38,FSA,14,FSA Message 14,CargoIMP,Y,01-FEB-14 11.45.52.0000000 AM,SYSTEM,29-JAN-15 11.20.39.4570000 AM,NISHI,1.30E+17,,10,B
80,18.4.4,O,Weight Code,a,601,Y,,N,416,80,38,FSA,14,FSA Message 14,CargoIMP,Y,01-FEB-14 11.45.52.0000000 AM,SYSTEM,29-JAN-15 11.20.39.4570000 AM,NISHI,1.30E+17,,10,B
80,18.4.5,O,Weight,n[...7]p,600,,,N,417,80,38,FSA,14,FSA Message 14,CargoIMP,Y,01-FEB-14 11.45.52.0000000 AM,SYSTEM,29-JAN-15 11.20.39.4570000 AM,NISHI,1.30E+17,,10,B
80,18.5,O,Delivery to Detail DDL,,,,,N,418,80,38,FSA,14,FSA Message 14,CargoIMP,Y,01-FEB-14 11.45.52.0000000 AM,SYSTEM,29-JAN-15 11.20.39.4570000 AM,NISHI,1.30E+17,,10,B
80,18.5.1,M,Separator,Slant,,,,N,419,80,38,FSA,14,FSA Message 14,CargoIMP,Y,01-FEB-14 11.45.52.0000000 AM,SYSTEM,29-JAN-15 11.20.39.4570000 AM,NISHI,1.30E+17,,10,B
80,18.5.2,M,Name,t[...35],300,,,N,420,80,38,FSA,14,FSA Message 14,CargoIMP,Y,01-FEB-14 11.45.52.0000000 AM,SYSTEM,29-JAN-15 11.20.39.4570000 AM,NISHI,1.30E+17,,10,B
80,18.6,M,Separator,CRLF,,,,N,421,80,38,FSA,14,FSA Message 14,CargoIMP,Y,01-FEB-14 11.45.52.0000000 AM,SYSTEM,29-JAN-15 11.20.39.4570000 AM,NISHI,1.30E+17,,10,B
80,19,O,Status Details TGC,,,,,N,422,80,38,FSA,14,FSA Message 14,CargoIMP,Y,01-FEB-14 11.45.52.0000000 AM,SYSTEM,29-JAN-15 11.20.39.4570000 AM,NISHI,1.30E+17,,10,B
80,19.1,M,Status Code TGC,aaa,400,,TGC,N,423,80,38,FSA,14,FSA Message 14,CargoIMP,Y,01-FEB-14 11.45.52.0000000 AM,SYSTEM,29-JAN-15 11.20.39.4570000 AM,NISHI,1.30E+17,,10,B
80,19.2,M,Separator,Slant,,,,N,424,80,38,FSA,14,FSA Message 14,CargoIMP,Y,01-FEB-14 11.45.52.0000000 AM,SYSTEM,29-JAN-15 11.20.39.4570000 AM,NISHI,1.30E+17,,10,B
80,19.3,M,Movement Detail TGC,,,,,N,425,80,38,FSA,14,FSA Message 14,CargoIMP,Y,01-FEB-14 11.45.52.0000000 AM,SYSTEM,29-JAN-15 11.20.39.4570000 AM,NISHI,1.30E+17,,10,B
80,19.3.1,M,Day of Transfer,nn,202,,,N,426,80,38,FSA,14,FSA Message 14,CargoIMP,Y,01-FEB-14 11.45.52.0000000 AM,SYSTEM,29-JAN-15 11.20.39.4570000 AM,NISHI,1.30E+17,,10,B
80,19.3.2,M,Month of Transfer,aaa,201,,,N,427,80,38,FSA,14,FSA Message 14,CargoIMP,Y,01-FEB-14 11.45.52.0000000 AM,SYSTEM,29-JAN-15 11.20.39.4570000 AM,NISHI,1.30E+17,,10,B
80,19.3.3,O,Actual Time,nnnn,203,,,N,428,80,38,FSA,14,FSA Message 14,CargoIMP,Y,01-FEB-14 11.45.52.0000000 AM,SYSTEM,29-JAN-15 11.20.39.4570000 AM,NISHI,1.30E+17,,10,B
80,19.3.4,M,Separator,Slant,,,,N,429,80,38,FSA,14,FSA Message 14,CargoIMP,Y,01-FEB-14 11.45.52.0000000 AM,SYSTEM,29-JAN-15 11.20.39.4570000 AM,NISHI,1.30E+17,,10,B
80,19.3.5,M,Airport Code of Transfer,aaa,313,,,N,430,80,38,FSA,14,FSA Message 14,CargoIMP,Y,01-FEB-14 11.45.52.0000000 AM,SYSTEM,29-JAN-15 11.20.39.4570000 AM,NISHI,1.30E+17,,10,B
80,19.4,M,Quantity Detail TGC,,,,,N,431,80,38,FSA,14,FSA Message 14,CargoIMP,Y,01-FEB-14 11.45.52.0000000 AM,SYSTEM,29-JAN-15 11.20.39.4570000 AM,NISHI,1.30E+17,,10,B
80,19.4.1,M,Separator,Slant,,,,N,432,80,38,FSA,14,FSA Message 14,CargoIMP,Y,01-FEB-14 11.45.52.0000000 AM,SYSTEM,29-JAN-15 11.20.39.4570000 AM,NISHI,1.30E+17,,10,B
80,19.4.2,M,Shipment Description Code,a,703,Y,,N,433,80,38,FSA,14,FSA Message 14,CargoIMP,Y,01-FEB-14 11.45.52.0000000 AM,SYSTEM,29-JAN-15 11.20.39.4570000 AM,NISHI,1.30E+17,,10,B
80,19.4.3,M,Number of Pieces,n[...4],701,,,N,434,80,38,FSA,14,FSA Message 14,CargoIMP,Y,01-FEB-14 11.45.52.0000000 AM,SYSTEM,29-JAN-15 11.20.39.4570000 AM,NISHI,1.30E+17,,10,B
80,19.4.4,O,Weight Code,a,601,Y,,N,435,80,38,FSA,14,FSA Message 14,CargoIMP,Y,01-FEB-14 11.45.52.0000000 AM,SYSTEM,29-JAN-15 11.20.39.4570000 AM,NISHI,1.30E+17,,10,B
80,19.4.5,O,Weight,n[...7]p,600,,,N,436,80,38,FSA,14,FSA Message 14,CargoIMP,Y,01-FEB-14 11.45.52.0000000 AM,SYSTEM,29-JAN-15 11.20.39.4570000 AM,NISHI,1.30E+17,,10,B
80,19.5,M,Separator,CRLF,,,,N,437,80,38,FSA,14,FSA Message 14,CargoIMP,Y,01-FEB-14 11.45.52.0000000 AM,SYSTEM,29-JAN-15 11.20.39.4570000 AM,NISHI,1.30E+17,,10,B
80,20,O,Status Details ARR,,,,,N,438,80,38,FSA,14,FSA Message 14,CargoIMP,Y,01-FEB-14 11.45.52.0000000 AM,SYSTEM,29-JAN-15 11.20.39.4570000 AM,NISHI,1.30E+17,,10,B
80,20.1,M,Status Code ARR,aaa,400,,ARR,N,439,80,38,FSA,14,FSA Message 14,CargoIMP,Y,01-FEB-14 11.45.52.0000000 AM,SYSTEM,29-JAN-15 11.20.39.4570000 AM,NISHI,1.30E+17,,10,B
80,20.2,M,Separator,Slant,,,,N,440,80,38,FSA,14,FSA Message 14,CargoIMP,Y,01-FEB-14 11.45.52.0000000 AM,SYSTEM,29-JAN-15 11.20.39.4570000 AM,NISHI,1.30E+17,,10,B
80,20.3,M,Movement Detail ARR,,,,,N,441,80,38,FSA,14,FSA Message 14,CargoIMP,Y,01-FEB-14 11.45.52.0000000 AM,SYSTEM,29-JAN-15 11.20.39.4570000 AM,NISHI,1.30E+17,,10,B
80,20.3.1,O,Carrier Code,mm,312,,,N,442,80,38,FSA,14,FSA Message 14,CargoIMP,Y,01-FEB-14 11.45.52.0000000 AM,SYSTEM,29-JAN-15 11.20.39.4570000 AM,NISHI,1.30E+17,,10,B
80,20.3.2,O,Flight Number,nnn(n)(a),800,,,N,443,80,38,FSA,14,FSA Message 14,CargoIMP,Y,01-FEB-14 11.45.52.0000000 AM,SYSTEM,29-JAN-15 11.20.39.4570000 AM,NISHI,1.30E+17,,10,B
80,20.3.3,M,Separator,Slant,,,,N,444,80,38,FSA,14,FSA Message 14,CargoIMP,Y,01-FEB-14 11.45.52.0000000 AM,SYSTEM,29-JAN-15 11.20.39.4570000 AM,NISHI,1.30E+17,,10,B
80,20.3.4,M,Day of Scheduled Arrival,nn,202,,,N,445,80,38,FSA,14,FSA Message 14,CargoIMP,Y,01-FEB-14 11.45.52.0000000 AM,SYSTEM,29-JAN-15 11.20.39.4570000 AM,NISHI,1.30E+17,,10,B
80,20.3.5,M,Month of Scheduled Arrival,aaa,201,,,N,446,80,38,FSA,14,FSA Message 14,CargoIMP,Y,01-FEB-14 11.45.52.0000000 AM,SYSTEM,29-JAN-15 11.20.39.4570000 AM,NISHI,1.30E+17,,10,B
80,20.3.6,O,Actual Time,nnnn,203,,,N,447,80,38,FSA,14,FSA Message 14,CargoIMP,Y,01-FEB-14 11.45.52.0000000 AM,SYSTEM,29-JAN-15 11.20.39.4570000 AM,NISHI,1.30E+17,,10,B
80,20.3.7,O,Separator,Hyphen,,,,N,448,80,38,FSA,14,FSA Message 14,CargoIMP,Y,01-FEB-14 11.45.52.0000000 AM,SYSTEM,29-JAN-15 11.20.39.4570000 AM,NISHI,1.30E+17,,10,B
80,20.3.8,O,Day Change Indicator,a,205,,,N,449,80,38,FSA,14,FSA Message 14,CargoIMP,Y,01-FEB-14 11.45.52.0000000 AM,SYSTEM,29-JAN-15 11.20.39.4570000 AM,NISHI,1.30E+17,,10,B
80,20.3.9,M,Separator,Slant,,,,N,450,80,38,FSA,14,FSA Message 14,CargoIMP,Y,01-FEB-14 11.45.52.0000000 AM,SYSTEM,29-JAN-15 11.20.39.4570000 AM,NISHI,1.30E+17,,10,B
80,20.3.10,M,Airport Code of Arrival,aaa,313,,,N,451,80,38,FSA,14,FSA Message 14,CargoIMP,Y,01-FEB-14 11.45.52.0000000 AM,SYSTEM,29-JAN-15 11.20.39.4570000 AM,NISHI,1.30E+17,,10,B
80,20.4,M,Quantity Detail ARR,,,,,N,452,80,38,FSA,14,FSA Message 14,CargoIMP,Y,01-FEB-14 11.45.52.0000000 AM,SYSTEM,29-JAN-15 11.20.39.4570000 AM,NISHI,1.30E+17,,10,B
80,20.4.1,M,Separator,Slant,,,,N,453,80,38,FSA,14,FSA Message 14,CargoIMP,Y,01-FEB-14 11.45.52.0000000 AM,SYSTEM,29-JAN-15 11.20.39.4570000 AM,NISHI,1.30E+17,,10,B
80,20.4.2,M,Shipment Description Code,a,703,Y,,N,454,80,38,FSA,14,FSA Message 14,CargoIMP,Y,01-FEB-14 11.45.52.0000000 AM,SYSTEM,29-JAN-15 11.20.39.4570000 AM,NISHI,1.30E+17,,10,B
80,20.4.3,M,Number of Pieces,n[...4],701,,,N,455,80,38,FSA,14,FSA Message 14,CargoIMP,Y,01-FEB-14 11.45.52.0000000 AM,SYSTEM,29-JAN-15 11.20.39.4570000 AM,NISHI,1.30E+17,,10,B
80,20.4.4,O,Weight Code,a,601,Y,,N,456,80,38,FSA,14,FSA Message 14,CargoIMP,Y,01-FEB-14 11.45.52.0000000 AM,SYSTEM,29-JAN-15 11.20.39.4570000 AM,NISHI,1.30E+17,,10,B
80,20.4.5,O,Weight,n[...7]p,600,,,N,457,80,38,FSA,14,FSA Message 14,CargoIMP,Y,01-FEB-14 11.45.52.0000000 AM,SYSTEM,29-JAN-15 11.20.39.4570000 AM,NISHI,1.30E+17,,10,B
80,20.5,O,Separator,Slant,,,,N,458,80,38,FSA,14,FSA Message 14,CargoIMP,Y,01-FEB-14 11.45.52.0000000 AM,SYSTEM,29-JAN-15 11.20.39.4570000 AM,NISHI,1.30E+17,,10,B
80,20.6,O,Time of Departure Information ARR,,,,,N,459,80,38,FSA,14,FSA Message 14,CargoIMP,Y,01-FEB-14 11.45.52.0000000 AM,SYSTEM,29-JAN-15 11.20.39.4570000 AM,NISHI,1.30E+17,,10,B
80,20.6.1,M,Type of Time Indicator,a,206,,,N,460,80,38,FSA,14,FSA Message 14,CargoIMP,Y,01-FEB-14 11.45.52.0000000 AM,SYSTEM,29-JAN-15 11.20.39.4570000 AM,NISHI,1.30E+17,,10,B
80,20.6.2,M,Time,nnnn,203,,,N,461,80,38,FSA,14,FSA Message 14,CargoIMP,Y,01-FEB-14 11.45.52.0000000 AM,SYSTEM,29-JAN-15 11.20.39.4570000 AM,NISHI,1.30E+17,,10,B
80,20.6.3,O,Separator,Hyphen,,,,N,462,80,38,FSA,14,FSA Message 14,CargoIMP,Y,01-FEB-14 11.45.52.0000000 AM,SYSTEM,29-JAN-15 11.20.39.4570000 AM,NISHI,1.30E+17,,10,B
80,20.6.4,O,Day Change Indicator,a,205,,,N,463,80,38,FSA,14,FSA Message 14,CargoIMP,Y,01-FEB-14 11.45.52.0000000 AM,SYSTEM,29-JAN-15 11.20.39.4570000 AM,NISHI,1.30E+17,,10,B
80,20.7,O,Separator,Slant,,,,N,464,80,38,FSA,14,FSA Message 14,CargoIMP,Y,01-FEB-14 11.45.52.0000000 AM,SYSTEM,29-JAN-15 11.20.39.4570000 AM,NISHI,1.30E+17,,10,B
80,20.8,O,Time of Arrival Information ARR,,,,,N,465,80,38,FSA,14,FSA Message 14,CargoIMP,Y,01-FEB-14 11.45.52.0000000 AM,SYSTEM,29-JAN-15 11.20.39.4570000 AM,NISHI,1.30E+17,,10,B
80,20.8.1,M,Type of Time Indicator,a,206,,,N,466,80,38,FSA,14,FSA Message 14,CargoIMP,Y,01-FEB-14 11.45.52.0000000 AM,SYSTEM,29-JAN-15 11.20.39.4570000 AM,NISHI,1.30E+17,,10,B
80,20.8.2,M,Time,nnnn,203,,,N,467,80,38,FSA,14,FSA Message 14,CargoIMP,Y,01-FEB-14 11.45.52.0000000 AM,SYSTEM,29-JAN-15 11.20.39.4570000 AM,NISHI,1.30E+17,,10,B
80,20.8.3,O,Separator,Hyphen,,,,N,468,80,38,FSA,14,FSA Message 14,CargoIMP,Y,01-FEB-14 11.45.52.0000000 AM,SYSTEM,29-JAN-15 11.20.39.4570000 AM,NISHI,1.30E+17,,10,B
80,20.8.4,O,Day Change Indicator,a,205,,,N,469,80,38,FSA,14,FSA Message 14,CargoIMP,Y,01-FEB-14 11.45.52.0000000 AM,SYSTEM,29-JAN-15 11.20.39.4570000 AM,NISHI,1.30E+17,,10,B
80,20.9,M,Separator,CRLF,,,,N,470,80,38,FSA,14,FSA Message 14,CargoIMP,Y,01-FEB-14 11.45.52.0000000 AM,SYSTEM,29-JAN-15 11.20.39.4570000 AM,NISHI,1.30E+17,,10,B
80,21,O,Status Details AWR,,,,,N,471,80,38,FSA,14,FSA Message 14,CargoIMP,Y,01-FEB-14 11.45.52.0000000 AM,SYSTEM,29-JAN-15 11.20.39.4570000 AM,NISHI,1.30E+17,,10,B
80,21.1,M,Status Code AWR,aaa,400,,AWR,N,472,80,38,FSA,14,FSA Message 14,CargoIMP,Y,01-FEB-14 11.45.52.0000000 AM,SYSTEM,29-JAN-15 11.20.39.4570000 AM,NISHI,1.30E+17,,10,B
80,21.2,M,Separator,Slant,,,,N,473,80,38,FSA,14,FSA Message 14,CargoIMP,Y,01-FEB-14 11.45.52.0000000 AM,SYSTEM,29-JAN-15 11.20.39.4570000 AM,NISHI,1.30E+17,,10,B
80,21.3,M,Movement Detail AWR,,,,,N,474,80,38,FSA,14,FSA Message 14,CargoIMP,Y,01-FEB-14 11.45.52.0000000 AM,SYSTEM,29-JAN-15 11.20.39.4570000 AM,NISHI,1.30E+17,,10,B
80,21.3.1,O,Carrier Code,mm,312,,,N,475,80,38,FSA,14,FSA Message 14,CargoIMP,Y,01-FEB-14 11.45.52.0000000 AM,SYSTEM,29-JAN-15 11.20.39.4570000 AM,NISHI,1.30E+17,,10,B
80,21.3.2,O,Flight Number,nnn(n)(a),800,,,N,476,80,38,FSA,14,FSA Message 14,CargoIMP,Y,01-FEB-14 11.45.52.0000000 AM,SYSTEM,29-JAN-15 11.20.39.4570000 AM,NISHI,1.30E+17,,10,B
80,21.3.3,M,Separator,Slant,,,,N,477,80,38,FSA,14,FSA Message 14,CargoIMP,Y,01-FEB-14 11.45.52.0000000 AM,SYSTEM,29-JAN-15 11.20.39.4570000 AM,NISHI,1.30E+17,,10,B
80,21.3.4,M,Day of Scheduled Arrival,nn,202,,,N,478,80,38,FSA,14,FSA Message 14,CargoIMP,Y,01-FEB-14 11.45.52.0000000 AM,SYSTEM,29-JAN-15 11.20.39.4570000 AM,NISHI,1.30E+17,,10,B
80,21.3.5,M,Month of Scheduled Arrival,aaa,201,,,N,479,80,38,FSA,14,FSA Message 14,CargoIMP,Y,01-FEB-14 11.45.52.0000000 AM,SYSTEM,29-JAN-15 11.20.39.4570000 AM,NISHI,1.30E+17,,10,B
80,21.3.6,O,Actual Time,nnnn,203,,,N,480,80,38,FSA,14,FSA Message 14,CargoIMP,Y,01-FEB-14 11.45.52.0000000 AM,SYSTEM,29-JAN-15 11.20.39.4570000 AM,NISHI,1.30E+17,,10,B
80,21.3.7,O,Separator,Hyphen,,,,N,481,80,38,FSA,14,FSA Message 14,CargoIMP,Y,01-FEB-14 11.45.52.0000000 AM,SYSTEM,29-JAN-15 11.20.39.4570000 AM,NISHI,1.30E+17,,10,B
80,21.3.8,O,Day Change Indicator,a,205,,,N,482,80,38,FSA,14,FSA Message 14,CargoIMP,Y,01-FEB-14 11.45.52.0000000 AM,SYSTEM,29-JAN-15 11.20.39.4570000 AM,NISHI,1.30E+17,,10,B
80,21.3.9,M,Separator,Slant,,,,N,483,80,38,FSA,14,FSA Message 14,CargoIMP,Y,01-FEB-14 11.45.52.0000000 AM,SYSTEM,29-JAN-15 11.20.39.4570000 AM,NISHI,1.30E+17,,10,B
80,21.3.10,M,Airport Code of Arrival,aaa,313,,,N,484,80,38,FSA,14,FSA Message 14,CargoIMP,Y,01-FEB-14 11.45.52.0000000 AM,SYSTEM,29-JAN-15 11.20.39.4570000 AM,NISHI,1.30E+17,,10,B
80,21.4,M,Quantity Detail AWR,,,,,N,485,80,38,FSA,14,FSA Message 14,CargoIMP,Y,01-FEB-14 11.45.52.0000000 AM,SYSTEM,29-JAN-15 11.20.39.4570000 AM,NISHI,1.30E+17,,10,B
80,21.4.1,M,Separator,Slant,,,,N,486,80,38,FSA,14,FSA Message 14,CargoIMP,Y,01-FEB-14 11.45.52.0000000 AM,SYSTEM,29-JAN-15 11.20.39.4570000 AM,NISHI,1.30E+17,,10,B
80,21.4.2,M,Shipment Description Code,a,703,Y,,N,487,80,38,FSA,14,FSA Message 14,CargoIMP,Y,01-FEB-14 11.45.52.0000000 AM,SYSTEM,29-JAN-15 11.20.39.4570000 AM,NISHI,1.30E+17,,10,B
80,21.4.3,M,Number of Pieces,n[...4],701,,,N,488,80,38,FSA,14,FSA Message 14,CargoIMP,Y,01-FEB-14 11.45.52.0000000 AM,SYSTEM,29-JAN-15 11.20.39.4570000 AM,NISHI,1.30E+17,,10,B
80,21.4.4,O,Weight Code,a,601,Y,,N,489,80,38,FSA,14,FSA Message 14,CargoIMP,Y,01-FEB-14 11.45.52.0000000 AM,SYSTEM,29-JAN-15 11.20.39.4570000 AM,NISHI,1.30E+17,,10,B
80,21.4.5,O,Weight,n[...7]p,600,,,N,490,80,38,FSA,14,FSA Message 14,CargoIMP,Y,01-FEB-14 11.45.52.0000000 AM,SYSTEM,29-JAN-15 11.20.39.4570000 AM,NISHI,1.30E+17,,10,B
80,21.5,O,Separator,Slant,,,,N,491,80,38,FSA,14,FSA Message 14,CargoIMP,Y,01-FEB-14 11.45.52.0000000 AM,SYSTEM,29-JAN-15 11.20.39.4570000 AM,NISHI,1.30E+17,,10,B
80,21.6,O,Time of Departure Information AWR,,,,,N,492,80,38,FSA,14,FSA Message 14,CargoIMP,Y,01-FEB-14 11.45.52.0000000 AM,SYSTEM,29-JAN-15 11.20.39.4570000 AM,NISHI,1.30E+17,,10,B
80,21.6.1,M,Type of Time Indicator,a,206,,,N,493,80,38,FSA,14,FSA Message 14,CargoIMP,Y,01-FEB-14 11.45.52.0000000 AM,SYSTEM,29-JAN-15 11.20.39.4570000 AM,NISHI,1.30E+17,,10,B
80,21.6.2,M,Time,nnnn,203,,,N,494,80,38,FSA,14,FSA Message 14,CargoIMP,Y,01-FEB-14 11.45.52.0000000 AM,SYSTEM,29-JAN-15 11.20.39.4570000 AM,NISHI,1.30E+17,,10,B
80,21.6.3,O,Separator,Hyphen,,,,N,495,80,38,FSA,14,FSA Message 14,CargoIMP,Y,01-FEB-14 11.45.52.0000000 AM,SYSTEM,29-JAN-15 11.20.39.4570000 AM,NISHI,1.30E+17,,10,B
80,21.6.4,O,Day Change Indicator,a,205,,,N,496,80,38,FSA,14,FSA Message 14,CargoIMP,Y,01-FEB-14 11.45.52.0000000 AM,SYSTEM,29-JAN-15 11.20.39.4570000 AM,NISHI,1.30E+17,,10,B
80,21.7,O,Separator,Slant,,,,N,497,80,38,FSA,14,FSA Message 14,CargoIMP,Y,01-FEB-14 11.45.52.0000000 AM,SYSTEM,29-JAN-15 11.20.39.4570000 AM,NISHI,1.30E+17,,10,B
80,21.8,O,Time of Arrival Information AWR,,,,,N,498,80,38,FSA,14,FSA Message 14,CargoIMP,Y,01-FEB-14 11.45.52.0000000 AM,SYSTEM,29-JAN-15 11.20.39.4570000 AM,NISHI,1.30E+17,,10,B
80,21.8.1,M,Type of Time Indicator,a,206,,,N,499,80,38,FSA,14,FSA Message 14,CargoIMP,Y,01-FEB-14 11.45.52.0000000 AM,SYSTEM,29-JAN-15 11.20.39.4570000 AM,NISHI,1.30E+17,,10,B
80,21.8.2,M,Time,nnnn,203,,,N,500,80,38,FSA,14,FSA Message 14,CargoIMP,Y,01-FEB-14 11.45.52.0000000 AM,SYSTEM,29-JAN-15 11.20.39.4570000 AM,NISHI,1.30E+17,,10,B
80,21.8.3,O,Separator,Hyphen,,,,N,501,80,38,FSA,14,FSA Message 14,CargoIMP,Y,01-FEB-14 11.45.52.0000000 AM,SYSTEM,29-JAN-15 11.20.39.4570000 AM,NISHI,1.30E+17,,10,B
80,21.8.4,O,Day Change Indicator,a,205,,,N,502,80,38,FSA,14,FSA Message 14,CargoIMP,Y,01-FEB-14 11.45.52.0000000 AM,SYSTEM,29-JAN-15 11.20.39.4570000 AM,NISHI,1.30E+17,,10,B
80,21.9,M,Separator,CRLF,,,,N,503,80,38,FSA,14,FSA Message 14,CargoIMP,Y,01-FEB-14 11.45.52.0000000 AM,SYSTEM,29-JAN-15 11.20.39.4570000 AM,NISHI,1.30E+17,,10,B
80,22,O,Status Details FOH,,,,,N,504,80,38,FSA,14,FSA Message 14,CargoIMP,Y,01-FEB-14 11.45.52.0000000 AM,SYSTEM,29-JAN-15 11.20.39.4570000 AM,NISHI,1.30E+17,,10,B
80,22.1,M,Status Code FOH,aaa,400,,FOH,N,505,80,38,FSA,14,FSA Message 14,CargoIMP,Y,01-FEB-14 11.45.52.0000000 AM,SYSTEM,29-JAN-15 11.20.39.4570000 AM,NISHI,1.30E+17,,10,B
80,22.2,M,Separator,Slant,,,,N,506,80,38,FSA,14,FSA Message 14,CargoIMP,Y,01-FEB-14 11.45.52.0000000 AM,SYSTEM,29-JAN-15 11.20.39.4570000 AM,NISHI,1.30E+17,,10,B
80,22.3,M,Movement Detail FOH,,,,,N,507,80,38,FSA,14,FSA Message 14,CargoIMP,Y,01-FEB-14 11.45.52.0000000 AM,SYSTEM,29-JAN-15 11.20.39.4570000 AM,NISHI,1.30E+17,,10,B
80,22.3.1,M,Day of Receipt,nn,202,,,N,508,80,38,FSA,14,FSA Message 14,CargoIMP,Y,01-FEB-14 11.45.52.0000000 AM,SYSTEM,29-JAN-15 11.20.39.4570000 AM,NISHI,1.30E+17,,10,B
80,22.3.2,M,Month of Receipt,aaa,201,,,N,509,80,38,FSA,14,FSA Message 14,CargoIMP,Y,01-FEB-14 11.45.52.0000000 AM,SYSTEM,29-JAN-15 11.20.39.4570000 AM,NISHI,1.30E+17,,10,B
80,22.3.3,O,Actual Time,nnnn,203,,,N,510,80,38,FSA,14,FSA Message 14,CargoIMP,Y,01-FEB-14 11.45.52.0000000 AM,SYSTEM,29-JAN-15 11.20.39.4570000 AM,NISHI,1.30E+17,,10,B
80,22.3.4,M,Separator,Slant,,,,N,511,80,38,FSA,14,FSA Message 14,CargoIMP,Y,01-FEB-14 11.45.52.0000000 AM,SYSTEM,29-JAN-15 11.20.39.4570000 AM,NISHI,1.30E+17,,10,B
80,22.3.5,M,Airport Code of Receipt,aaa,313,,,N,512,80,38,FSA,14,FSA Message 14,CargoIMP,Y,01-FEB-14 11.45.52.0000000 AM,SYSTEM,29-JAN-15 11.20.39.4570000 AM,NISHI,1.30E+17,,10,B
80,22.4,M,Quantity Detail FOH,,,,,N,513,80,38,FSA,14,FSA Message 14,CargoIMP,Y,01-FEB-14 11.45.52.0000000 AM,SYSTEM,29-JAN-15 11.20.39.4570000 AM,NISHI,1.30E+17,,10,B
80,22.4.1,M,Separator,Slant,,,,N,514,80,38,FSA,14,FSA Message 14,CargoIMP,Y,01-FEB-14 11.45.52.0000000 AM,SYSTEM,29-JAN-15 11.20.39.4570000 AM,NISHI,1.30E+17,,10,B
80,22.4.2,M,Shipment Description Code,a,703,Y,,N,515,80,38,FSA,14,FSA Message 14,CargoIMP,Y,01-FEB-14 11.45.52.0000000 AM,SYSTEM,29-JAN-15 11.20.39.4570000 AM,NISHI,1.30E+17,,10,B
80,22.4.3,M,Number of Pieces,n[...4],701,,,N,516,80,38,FSA,14,FSA Message 14,CargoIMP,Y,01-FEB-14 11.45.52.0000000 AM,SYSTEM,29-JAN-15 11.20.39.4570000 AM,NISHI,1.30E+17,,10,B
80,22.4.4,O,Weight Code,a,601,Y,,N,517,80,38,FSA,14,FSA Message 14,CargoIMP,Y,01-FEB-14 11.45.52.0000000 AM,SYSTEM,29-JAN-15 11.20.39.4570000 AM,NISHI,1.30E+17,,10,B
80,22.4.5,O,Weight,n[...7]p,600,,,N,518,80,38,FSA,14,FSA Message 14,CargoIMP,Y,01-FEB-14 11.45.52.0000000 AM,SYSTEM,29-JAN-15 11.20.39.4570000 AM,NISHI,1.30E+17,,10,B
80,22.5,O,Received from Detail,,,,,N,519,80,38,FSA,14,FSA Message 14,CargoIMP,Y,01-FEB-14 11.45.52.0000000 AM,SYSTEM,29-JAN-15 11.20.39.4570000 AM,NISHI,1.30E+17,,10,B
80,22.5.1,M,Separator,Slant,,,,N,520,80,38,FSA,14,FSA Message 14,CargoIMP,Y,01-FEB-14 11.45.52.0000000 AM,SYSTEM,29-JAN-15 11.20.39.4570000 AM,NISHI,1.30E+17,,10,B
80,22.5.2,M,Name,t[...35],300,,,N,521,80,38,FSA,14,FSA Message 14,CargoIMP,Y,01-FEB-14 11.45.52.0000000 AM,SYSTEM,29-JAN-15 11.20.39.4570000 AM,NISHI,1.30E+17,,10,B
80,22.6,M,Separator,CRLF,,,,N,522,80,38,FSA,14,FSA Message 14,CargoIMP,Y,01-FEB-14 11.45.52.0000000 AM,SYSTEM,29-JAN-15 11.20.39.4570000 AM,NISHI,1.30E+17,,10,B
80,22.7,O,Separator,Slant,,,,N,523,80,38,FSA,14,FSA Message 14,CargoIMP,Y,01-FEB-14 11.45.52.0000000 AM,SYSTEM,29-JAN-15 11.20.39.4570000 AM,NISHI,1.30E+17,,10,B
80,22.8,O,Volume Detail,,,,,N,524,80,38,FSA,14,FSA Message 14,CargoIMP,Y,01-FEB-14 11.45.52.0000000 AM,SYSTEM,29-JAN-15 11.20.39.4570000 AM,NISHI,1.30E+17,,10,B
80,22.8.1,M,Volume Code,aa,604,Y,,N,525,80,38,FSA,14,FSA Message 14,CargoIMP,Y,01-FEB-14 11.45.52.0000000 AM,SYSTEM,29-JAN-15 11.20.39.4570000 AM,NISHI,1.30E+17,,10,B
80,22.8.2,M,Volume Amount,n[...9]p,500,,,N,526,80,38,FSA,14,FSA Message 14,CargoIMP,Y,01-FEB-14 11.45.52.0000000 AM,SYSTEM,29-JAN-15 11.20.39.4570000 AM,NISHI,1.30E+17,,10,B
80,22.9,O,Density Group,,,,,N,527,80,38,FSA,14,FSA Message 14,CargoIMP,Y,01-FEB-14 11.45.52.0000000 AM,SYSTEM,29-JAN-15 11.20.39.4570000 AM,NISHI,1.30E+17,,10,B
80,22.9.1,M,Density Indicator,aa,603,,DG,N,528,80,38,FSA,14,FSA Message 14,CargoIMP,Y,01-FEB-14 11.45.52.0000000 AM,SYSTEM,29-JAN-15 11.20.39.4570000 AM,NISHI,1.30E+17,,10,B
80,22.9.2,M,Density Group,n[...2],602,,,N,529,80,38,FSA,14,FSA Message 14,CargoIMP,Y,01-FEB-14 11.45.52.0000000 AM,SYSTEM,29-JAN-15 11.20.39.4570000 AM,NISHI,1.30E+17,,10,B
80,22.1,O,Separator,CRLF,,,,N,530,80,38,FSA,14,FSA Message 14,CargoIMP,Y,01-FEB-14 11.45.52.0000000 AM,SYSTEM,29-JAN-15 11.20.39.4570000 AM,NISHI,1.30E+17,,10,B
80,23,O,Other Customs Info,,,,,N,531,80,38,FSA,14,FSA Message 14,CargoIMP,Y,01-FEB-14 11.45.52.0000000 AM,SYSTEM,29-JAN-15 11.20.39.4570000 AM,NISHI,1.30E+17,,10,B
80,23.1,M,Line Identifier OCI,aaa,103,,OCI,N,532,80,38,FSA,14,FSA Message 14,CargoIMP,Y,01-FEB-14 11.45.52.0000000 AM,SYSTEM,29-JAN-15 11.20.39.4570000 AM,NISHI,1.30E+17,,10,B
80,23.2,M,Separator,Slant,,,,N,533,80,38,FSA,14,FSA Message 14,CargoIMP,Y,01-FEB-14 11.45.52.0000000 AM,SYSTEM,29-JAN-15 11.20.39.4570000 AM,NISHI,1.30E+17,,10,B
80,23.3,O,ISO Country Code,aa,304,,,N,534,80,38,FSA,14,FSA Message 14,CargoIMP,Y,01-FEB-14 11.45.52.0000000 AM,SYSTEM,29-JAN-15 11.20.39.4570000 AM,NISHI,1.30E+17,,10,B
80,23.4,M,Separator,Slant,,,,N,535,80,38,FSA,14,FSA Message 14,CargoIMP,Y,01-FEB-14 11.45.52.0000000 AM,SYSTEM,29-JAN-15 11.20.39.4570000 AM,NISHI,1.30E+17,,10,B
80,23.5,O,Information Identifier,aaa,103,,,N,536,80,38,FSA,14,FSA Message 14,CargoIMP,Y,01-FEB-14 11.45.52.0000000 AM,SYSTEM,29-JAN-15 11.20.39.4570000 AM,NISHI,1.30E+17,,10,B
80,23.6,M,Separator,Slant,,,,N,537,80,38,FSA,14,FSA Message 14,CargoIMP,Y,01-FEB-14 11.45.52.0000000 AM,SYSTEM,29-JAN-15 11.20.39.4570000 AM,NISHI,1.30E+17,,10,B
80,23.7,M,Customs Information,,,,,N,538,80,38,FSA,14,FSA Message 14,CargoIMP,Y,01-FEB-14 11.45.52.0000000 AM,SYSTEM,29-JAN-15 11.20.39.4570000 AM,NISHI,1.30E+17,,10,B
80,23.7.1,M,Customs Information Identifier,a[...2],941,,,N,539,80,38,FSA,14,FSA Message 14,CargoIMP,Y,01-FEB-14 11.45.52.0000000 AM,SYSTEM,29-JAN-15 11.20.39.4570000 AM,NISHI,1.30E+17,,10,B
80,23.8,M,Separator,Slant,,,,N,540,80,38,FSA,14,FSA Message 14,CargoIMP,Y,01-FEB-14 11.45.52.0000000 AM,SYSTEM,29-JAN-15 11.20.39.4570000 AM,NISHI,1.30E+17,,10,B
80,23.9,M,Supplementary Customs  Information,t[...35],940,,,N,541,80,38,FSA,14,FSA Message 14,CargoIMP,Y,01-FEB-14 11.45.52.0000000 AM,SYSTEM,29-JAN-15 11.20.39.4570000 AM,NISHI,1.30E+17,,10,B
80,23.1,M,Separator,CRLF,,,,N,542,80,38,FSA,14,FSA Message 14,CargoIMP,Y,01-FEB-14 11.45.52.0000000 AM,SYSTEM,29-JAN-15 11.20.39.4570000 AM,NISHI,1.30E+17,,10,B
80,24,O,ULD Description,,,,,N,543,80,38,FSA,14,FSA Message 14,CargoIMP,Y,01-FEB-14 11.45.52.0000000 AM,SYSTEM,29-JAN-15 11.20.39.4570000 AM,NISHI,1.30E+17,,10,B
80,24.1,M,Line Identifier,aaa,103,,ULD,N,544,80,38,FSA,14,FSA Message 14,CargoIMP,Y,01-FEB-14 11.45.52.0000000 AM,SYSTEM,29-JAN-15 11.20.39.4570000 AM,NISHI,1.30E+17,,10,B
80,24.2,M,Separator,Slant,,,,N,545,80,38,FSA,14,FSA Message 14,CargoIMP,Y,01-FEB-14 11.45.52.0000000 AM,SYSTEM,29-JAN-15 11.20.39.4570000 AM,NISHI,1.30E+17,,10,B
80,24.3,M,ULD Identification,,,,,N,546,80,38,FSA,14,FSA Message 14,CargoIMP,Y,01-FEB-14 11.45.52.0000000 AM,SYSTEM,29-JAN-15 11.20.39.4570000 AM,NISHI,1.30E+17,,10,B
80,24.3.1,M,ULD Type,amm,802,,,N,547,80,38,FSA,14,FSA Message 14,CargoIMP,Y,01-FEB-14 11.45.52.0000000 AM,SYSTEM,29-JAN-15 11.20.39.4570000 AM,NISHI,1.30E+17,,10,B
80,24.3.2,M,ULD Serial Number,mnnn(n),115,,,N,548,80,38,FSA,14,FSA Message 14,CargoIMP,Y,01-FEB-14 11.45.52.0000000 AM,SYSTEM,29-JAN-15 11.20.39.4570000 AM,NISHI,1.30E+17,,10,B
80,24.3.3,M,ULD Owner Code,mm,801,,,N,549,80,38,FSA,14,FSA Message 14,CargoIMP,Y,01-FEB-14 11.45.52.0000000 AM,SYSTEM,29-JAN-15 11.20.39.4570000 AM,NISHI,1.30E+17,,10,B
80,24.4,O,ULD Position Information,,,,,N,550,80,38,FSA,14,FSA Message 14,CargoIMP,Y,01-FEB-14 11.45.52.0000000 AM,SYSTEM,29-JAN-15 11.20.39.4570000 AM,NISHI,1.30E+17,,10,B
80,24.4.1,M,Separator,Hyphen,,,,N,551,80,38,FSA,14,FSA Message 14,CargoIMP,Y,01-FEB-14 11.45.52.0000000 AM,SYSTEM,29-JAN-15 11.20.39.4570000 AM,NISHI,1.30E+17,,10,B
80,24.4.2,M,ULD Loading Indicator,a,811,,,N,552,80,38,FSA,14,FSA Message 14,CargoIMP,Y,01-FEB-14 11.45.52.0000000 AM,SYSTEM,29-JAN-15 11.20.39.4570000 AM,NISHI,1.30E+17,,10,B
80,24.5,O,Separator,CRLF,,,,N,553,80,38,FSA,14,FSA Message 14,CargoIMP,Y,01-FEB-14 11.45.52.0000000 AM,SYSTEM,29-JAN-15 11.20.39.4570000 AM,NISHI,1.30E+17,,10,B
80,25,O,Other Service Information,,,,,N,554,80,38,FSA,14,FSA Message 14,CargoIMP,Y,01-FEB-14 11.45.52.0000000 AM,SYSTEM,29-JAN-15 11.20.39.4570000 AM,NISHI,1.30E+17,,10,B
80,25.1,M,Line Identifier,aaa,103,,OSI,N,555,80,38,FSA,14,FSA Message 14,CargoIMP,Y,01-FEB-14 11.45.52.0000000 AM,SYSTEM,29-JAN-15 11.20.39.4570000 AM,NISHI,1.30E+17,,10,B
80,25.2,M,OSI Details,,,,,N,556,80,38,FSA,14,FSA Message 14,CargoIMP,Y,01-FEB-14 11.45.52.0000000 AM,SYSTEM,29-JAN-15 11.20.39.4570000 AM,NISHI,1.30E+17,,10,B
80,25.2.1,M,Separator,Slant,,,,N,557,80,38,FSA,14,FSA Message 14,CargoIMP,Y,01-FEB-14 11.45.52.0000000 AM,SYSTEM,29-JAN-15 11.20.39.4570000 AM,NISHI,1.30E+17,,10,B
80,25.2.2,M,Other Service Information,t[...65],405,,,N,558,80,38,FSA,14,FSA Message 14,CargoIMP,Y,01-FEB-14 11.45.52.0000000 AM,SYSTEM,29-JAN-15 11.20.39.4570000 AM,NISHI,1.30E+17,,10,B
80,25.2.3,M,Separator,CRLF,,,,N,559,80,38,FSA,14,FSA Message 14,CargoIMP,Y,01-FEB-14 11.45.52.0000000 AM,SYSTEM,29-JAN-15 11.20.39.4570000 AM,NISHI,1.30E+17,,10,B
