ref_num_code,cndn_code,msg_data_element_name,data_format,data_element_code,data_element_chk_ind,fixed_val,ignore_record_ind,sort_seq_num,msg_id,msg_typ,msg_ver,rmk,msg_std_code,def_msg_ind,cre_datt_bu,cre_by,mod_datt_bu,mod_by,txn_id,ver_id,eix_id,par_fmtr_ind,,,,
1,M,Standard Message Identification,,,,,N,1,47,FSU,14,FSU Message 14,CargoIMP,Y,01-FEB-14 11.45.53.0000000 AM,SYSTEM,,,1,,1,B,,,,
1.1,M,Standard Message Identifier,aaa,101,,FSU,N,2,47,FSU,14,FSU Message 14,CargoIMP,Y,01-FEB-14 11.45.53.0000000 AM,SYSTEM,,,1,,1,B,,,,
1.2,M,Separator,Slant,,,,N,3,47,FSU,14,FSU Message 14,CargoIMP,Y,01-FEB-14 11.45.53.0000000 AM,SYSTEM,,,1,,1,B,,,,
1.3,M,Message Type Version Number,n[...3],124,,,N,4,47,FSU,14,FSU Message 14,CargoIMP,Y,01-FEB-14 11.45.53.0000000 AM,SYSTEM,,,1,,1,B,,,,
1.4,M,Separator,CRLF,,,,N,5,47,FSU,14,FSU Message 14,CargoIMP,Y,01-FEB-14 11.45.53.0000000 AM,SYSTEM,,,1,,1,B,,,,
2,M,Consignment Detail,,,,,N,6,47,FSU,14,FSU Message 14,CargoIMP,Y,01-FEB-14 11.45.53.0000000 AM,SYSTEM,,,1,,1,B,,,,
2.1,M,AWB Identification,,,,,N,7,47,FSU,14,FSU Message 14,CargoIMP,Y,01-FEB-14 11.45.53.0000000 AM,SYSTEM,,,1,,1,B,,,,
2.1.1,M,Airline Prefix,nnn,112,,,N,8,47,FSU,14,FSU Message 14,CargoIMP,Y,01-FEB-14 11.45.53.0000000 AM,SYSTEM,,,1,,1,B,,,,
2.1.2,M,Separator,Hyphen,,,,N,9,47,FSU,14,FSU Message 14,CargoIMP,Y,01-FEB-14 11.45.53.0000000 AM,SYSTEM,,,1,,1,B,,,,
2.1.3,M,AWB Serial Number,n[8],113,,,N,10,47,FSU,14,FSU Message 14,CargoIMP,Y,01-FEB-14 11.45.53.0000000 AM,SYSTEM,,,1,,1,B,,,,
2.2,O,AWB Origin and Destination,,,,,N,11,47,FSU,14,FSU Message 14,CargoIMP,Y,01-FEB-14 11.45.53.0000000 AM,SYSTEM,,,1,,1,B,,,,
2.2.1,M,AWB Origin,aaa,313,,,N,12,47,FSU,14,FSU Message 14,CargoIMP,Y,01-FEB-14 11.45.53.0000000 AM,SYSTEM,,,1,,1,B,,,,
2.2.2,M,AWB Destination,aaa,313,,,N,13,47,FSU,14,FSU Message 14,CargoIMP,Y,01-FEB-14 11.45.53.0000000 AM,SYSTEM,,,1,,1,B,,,,
2.3,O,Consignment Quantity Detail ,,,,,N,14,47,FSU,14,FSU Message 14,CargoIMP,Y,01-FEB-14 11.45.53.0000000 AM,SYSTEM,,,1,,1,B,,,,
2.3.1,M,Separator,Slant,,,,N,15,47,FSU,14,FSU Message 14,CargoIMP,Y,01-FEB-14 11.45.53.0000000 AM,SYSTEM,,,1,,1,B,,,,
2.3.2,M,Shipment Desc Code ,a,703,Y,,N,16,47,FSU,14,FSU Message 14,CargoIMP,Y,01-FEB-14 11.45.53.0000000 AM,SYSTEM,,,1,,1,B,,,,
2.3.3,M,Number of Pieces,n[...4],,,,N,17,47,FSU,14,FSU Message 14,CargoIMP,Y,01-FEB-14 11.45.53.0000000 AM,SYSTEM,,,1,,1,B,,,,
2.3.4,O,Weight Code,a,601,Y,,N,18,47,FSU,14,FSU Message 14,CargoIMP,Y,01-FEB-14 11.45.53.0000000 AM,SYSTEM,,,1,,1,B,,,,
2.3.5,O,Weight,n[...7]p,600,,,N,19,47,FSU,14,FSU Message 14,CargoIMP,Y,01-FEB-14 11.45.53.0000000 AM,SYSTEM,,,1,,1,B,,,,
2.4,O,Total Consignment Pieces,,,,,N,20,47,FSU,14,FSU Message 14,CargoIMP,Y,01-FEB-14 11.45.53.0000000 AM,SYSTEM,,,1,,1,B,,,,
2.4.1,M,Shipment Description Code ,a,703,,T,N,21,47,FSU,14,FSU Message 14,CargoIMP,Y,01-FEB-14 11.45.53.0000000 AM,SYSTEM,,,1,,1,B,,,,
2.4.2,M,Number of Pieces,n[...4],701,,,N,22,47,FSU,14,FSU Message 14,CargoIMP,Y,01-FEB-14 11.45.53.0000000 AM,SYSTEM,,,1,,1,B,,,,
2.5,M,Separator,CRLF,,,,N,23,47,FSU,14,FSU Message 14,CargoIMP,Y,01-FEB-14 11.45.53.0000000 AM,SYSTEM,,,1,,1,B,,,,
3,O,Status Details RCS,,,,,N,24,47,FSU,14,FSU Message 14,CargoIMP,Y,01-FEB-14 11.45.53.0000000 AM,SYSTEM,,,1,,1,B,,,,
3.1,M,Status Code RCS,aaa,400,,RCS,N,25,47,FSU,14,FSU Message 14,CargoIMP,Y,01-FEB-14 11.45.53.0000000 AM,SYSTEM,,,1,,1,B,,,,
3.2,M,Separator,Slant,,,,N,26,47,FSU,14,FSU Message 14,CargoIMP,Y,01-FEB-14 11.45.53.0000000 AM,SYSTEM,,,1,,1,B,,,,
3.3,M,Movement Detail RCS,,,,,N,27,47,FSU,14,FSU Message 14,CargoIMP,Y,01-FEB-14 11.45.53.0000000 AM,SYSTEM,,,1,,1,B,,,,
3.3.1,M,Day of Receipt,nn,202,,,N,28,47,FSU,14,FSU Message 14,CargoIMP,Y,01-FEB-14 11.45.53.0000000 AM,SYSTEM,,,1,,1,B,,,,
3.3.2,M,Month of Receipt,aaa,201,,,N,29,47,FSU,14,FSU Message 14,CargoIMP,Y,01-FEB-14 11.45.53.0000000 AM,SYSTEM,,,1,,1,B,,,,
3.3.3,O,Actual Time,nnnn,203,,,N,30,47,FSU,14,FSU Message 14,CargoIMP,Y,01-FEB-14 11.45.53.0000000 AM,SYSTEM,,,1,,1,B,,,,
3.3.4,M,Separator,Slant,,,,N,31,47,FSU,14,FSU Message 14,CargoIMP,Y,01-FEB-14 11.45.53.0000000 AM,SYSTEM,,,1,,1,B,,,,
3.3.5,M,Airport Code of Receipt,aaa,313,,,N,32,47,FSU,14,FSU Message 14,CargoIMP,Y,01-FEB-14 11.45.53.0000000 AM,SYSTEM,,,1,,1,B,,,,
3.4,M,Status Quantity Detail RCS,,,,,N,33,47,FSU,14,FSU Message 14,CargoIMP,Y,01-FEB-14 11.45.53.0000000 AM,SYSTEM,,,1,,1,B,,,,
3.4.1,M,Separator,Slant,,,,N,34,47,FSU,14,FSU Message 14,CargoIMP,Y,01-FEB-14 11.45.53.0000000 AM,SYSTEM,,,1,,1,B,,,,
3.4.2,M,Shipment Desc Code ,a,703,Y,,N,35,47,FSU,14,FSU Message 14,CargoIMP,Y,01-FEB-14 11.45.53.0000000 AM,SYSTEM,,,1,,1,B,,,,
3.4.3,M,Number of Pieces ,n[...4],701,,,N,36,47,FSU,14,FSU Message 14,CargoIMP,Y,01-FEB-14 11.45.53.0000000 AM,SYSTEM,,,1,,1,B,,,,
3.4.4,O,Weight Code ,a,601,Y,,N,37,47,FSU,14,FSU Message 14,CargoIMP,Y,01-FEB-14 11.45.53.0000000 AM,SYSTEM,,,1,,1,B,,,,
3.4.5,O,Weight ,n[...7]p,600,,,N,38,47,FSU,14,FSU Message 14,CargoIMP,Y,01-FEB-14 11.45.53.0000000 AM,SYSTEM,,,1,,1,B,,,,
3.5,O,Received from Detail RCS,,,,,N,39,47,FSU,14,FSU Message 14,CargoIMP,Y,01-FEB-14 11.45.53.0000000 AM,SYSTEM,,,1,,1,B,,,,
3.5.1,M,Separator,Slant,,,,N,40,47,FSU,14,FSU Message 14,CargoIMP,Y,01-FEB-14 11.45.53.0000000 AM,SYSTEM,,,1,,1,B,,,,
3.5.2,M,Name,t[...35],300,,,N,41,47,FSU,14,FSU Message 14,CargoIMP,Y,01-FEB-14 11.45.53.0000000 AM,SYSTEM,,,1,,1,B,,,,
3.6,M,Separator,CRLF,,,,N,42,47,FSU,14,FSU Message 14,CargoIMP,Y,01-FEB-14 11.45.53.0000000 AM,SYSTEM,,,1,,1,B,,,,
3.8,O,Volume Detail RCS,,,,,N,43,47,FSU,14,FSU Message 14,CargoIMP,Y,01-FEB-14 11.45.53.0000000 AM,SYSTEM,,,1,,1,B,,,,
3.8.1,M,Separator,Slant,,,,N,44,47,FSU,14,FSU Message 14,CargoIMP,Y,01-FEB-14 11.45.53.0000000 AM,SYSTEM,,,1,,1,B,,,,
3.8.2,M,Volume Code,aa,604,Y,,N,45,47,FSU,14,FSU Message 14,CargoIMP,Y,01-FEB-14 11.45.53.0000000 AM,SYSTEM,,,1,,1,B,,,,
3.8.3,M,Volume Amount,n[...9]p,500,,,N,46,47,FSU,14,FSU Message 14,CargoIMP,Y,01-FEB-14 11.45.53.0000000 AM,SYSTEM,,,1,,1,B,,,,
3.9,O,Density Group RCS,,,,,N,47,47,FSU,14,FSU Message 14,CargoIMP,Y,01-FEB-14 11.45.53.0000000 AM,SYSTEM,,,1,,1,B,,,,
3.9.1,M,Separator,Slant,,,,N,48,47,FSU,14,FSU Message 14,CargoIMP,Y,01-FEB-14 11.45.53.0000000 AM,SYSTEM,,,1,,1,B,,,,
3.9.2,M,Density Indicator DG,aa,603,,DG,N,49,47,FSU,14,FSU Message 14,CargoIMP,Y,01-FEB-14 11.45.53.0000000 AM,SYSTEM,,,1,,1,B,,,,
3.9.3,M,Density Group,n[...2],602,,,N,50,47,FSU,14,FSU Message 14,CargoIMP,Y,01-FEB-14 11.45.53.0000000 AM,SYSTEM,,,1,,1,B,,,,
3.10,O,Separator,CRLF,,,,N,51,47,FSU,14,FSU Message 14,CargoIMP,Y,01-FEB-14 11.45.53.0000000 AM,SYSTEM,,,1,,1,B,,,,
4,O,Status Details RCT,,,,,N,52,47,FSU,14,FSU Message 14,CargoIMP,Y,01-FEB-14 11.45.53.0000000 AM,SYSTEM,,,1,,1,B,,,,
4.1,M,Status Code RCT,aaa,400,,RCT,N,53,47,FSU,14,FSU Message 14,CargoIMP,Y,01-FEB-14 11.45.53.0000000 AM,SYSTEM,,,1,,1,B,,,,
4.2,M,Separator,Slant,,,,N,54,47,FSU,14,FSU Message 14,CargoIMP,Y,01-FEB-14 11.45.53.0000000 AM,SYSTEM,,,1,,1,B,,,,
4.3,M,Movement Detail RCT,,,,,N,55,47,FSU,14,FSU Message 14,CargoIMP,Y,01-FEB-14 11.45.53.0000000 AM,SYSTEM,,,1,,1,B,,,,
4.3.1,M,Carrier Code ,mm,312,,,N,56,47,FSU,14,FSU Message 14,CargoIMP,Y,01-FEB-14 11.45.53.0000000 AM,SYSTEM,,,1,,1,B,,,,
4.3.2,M,Separator,Slant,,,,N,57,47,FSU,14,FSU Message 14,CargoIMP,Y,01-FEB-14 11.45.53.0000000 AM,SYSTEM,,,1,,1,B,,,,
4.3.3,M,Day of Transfer,nn,202,,,N,58,47,FSU,14,FSU Message 14,CargoIMP,Y,01-FEB-14 11.45.53.0000000 AM,SYSTEM,,,1,,1,B,,,,
4.3.4,M,Month of Transfer,aaa,201,,,N,59,47,FSU,14,FSU Message 14,CargoIMP,Y,01-FEB-14 11.45.53.0000000 AM,SYSTEM,,,1,,1,B,,,,
4.3.5,O,Actual Time ,nnnn,203,,,N,60,47,FSU,14,FSU Message 14,CargoIMP,Y,01-FEB-14 11.45.53.0000000 AM,SYSTEM,,,1,,1,B,,,,
4.3.6,M,Separator,Slant,,,,N,61,47,FSU,14,FSU Message 14,CargoIMP,Y,01-FEB-14 11.45.53.0000000 AM,SYSTEM,,,1,,1,B,,,,
4.3.7,M,Airport Code of Transfer,aaa,313,,,N,62,47,FSU,14,FSU Message 14,CargoIMP,Y,01-FEB-14 11.45.53.0000000 AM,SYSTEM,,,1,,1,B,,,,
4.4,M,Quantity Detail RCT,,,,,N,63,47,FSU,14,FSU Message 14,CargoIMP,Y,01-FEB-14 11.45.53.0000000 AM,SYSTEM,,,1,,1,B,,,,
4.4.1,M,Separator,Slant,,,,N,64,47,FSU,14,FSU Message 14,CargoIMP,Y,01-FEB-14 11.45.53.0000000 AM,SYSTEM,,,1,,1,B,,,,
4.4.2,M,Shipment Description Code,a,703,Y,,N,65,47,FSU,14,FSU Message 14,CargoIMP,Y,01-FEB-14 11.45.53.0000000 AM,SYSTEM,,,1,,1,B,,,,
4.4.3,M,Number of Pieces,n[...4],701,,,N,66,47,FSU,14,FSU Message 14,CargoIMP,Y,01-FEB-14 11.45.53.0000000 AM,SYSTEM,,,1,,1,B,,,,
4.4.4,O,Weight Code,a,601,Y,,N,67,47,FSU,14,FSU Message 14,CargoIMP,Y,01-FEB-14 11.45.53.0000000 AM,SYSTEM,,,1,,1,B,,,,
4.4.5,O,Weight,n[...7]p,600,,,N,68,47,FSU,14,FSU Message 14,CargoIMP,Y,01-FEB-14 11.45.53.0000000 AM,SYSTEM,,,1,,1,B,,,,
4.5,O,Separator,CRLF,,,,N,69,47,FSU,14,FSU Message 14,CargoIMP,Y,01-FEB-14 11.45.53.0000000 AM,SYSTEM,,,1,,1,B,,,,
4.6,O,Received from Detail RCT,,,,,N,70,47,FSU,14,FSU Message 14,CargoIMP,Y,01-FEB-14 11.45.53.0000000 AM,SYSTEM,,,1,,1,B,,,,
4.6.1,M,Separator,Slant,,,,N,71,47,FSU,14,FSU Message 14,CargoIMP,Y,01-FEB-14 11.45.53.0000000 AM,SYSTEM,,,1,,1,B,,,,
4.6.2,M,Carrier Code,mm,312,,,N,72,47,FSU,14,FSU Message 14,CargoIMP,Y,01-FEB-14 11.45.53.0000000 AM,SYSTEM,,,1,,1,B,,,,
4.6.3,O,Separator,Slant,,,,N,73,47,FSU,14,FSU Message 14,CargoIMP,Y,01-FEB-14 11.45.53.0000000 AM,SYSTEM,,,1,,1,B,,,,
4.6.4,O,Name,t[...35],300,,,N,74,47,FSU,14,FSU Message 14,CargoIMP,Y,01-FEB-14 11.45.53.0000000 AM,SYSTEM,,,1,,1,B,,,,
4.7,M,Separator,CRLF,,,,N,75,47,FSU,14,FSU Message 14,CargoIMP,Y,01-FEB-14 11.45.53.0000000 AM,SYSTEM,,,1,,1,B,,,,
5,O,Status Details RCF,,,,,N,76,47,FSU,14,FSU Message 14,CargoIMP,Y,01-FEB-14 11.45.53.0000000 AM,SYSTEM,,,1,,1,B,,,,
5.1,M,Status Code RCF,aaa,400,,RCF,N,77,47,FSU,14,FSU Message 14,CargoIMP,Y,01-FEB-14 11.45.53.0000000 AM,SYSTEM,,,1,,1,B,,,,
5.2,M,Separator,Slant,,,,N,78,47,FSU,14,FSU Message 14,CargoIMP,Y,01-FEB-14 11.45.53.0000000 AM,SYSTEM,,,1,,1,B,,,,
5.3,M,Movement Detail RCF,,,,,N,79,47,FSU,14,FSU Message 14,CargoIMP,Y,01-FEB-14 11.45.53.0000000 AM,SYSTEM,,,1,,1,B,,,,
5.3.1,O,Carrier Code,mm,312,,,N,80,47,FSU,14,FSU Message 14,CargoIMP,Y,01-FEB-14 11.45.53.0000000 AM,SYSTEM,,,1,,1,B,,,,
5.3.2,O,Flight Number,nnn(n)(a),800,,,N,81,47,FSU,14,FSU Message 14,CargoIMP,Y,01-FEB-14 11.45.53.0000000 AM,SYSTEM,,,1,,1,B,,,,
5.3.3,M,Separator,Slant,,,,N,82,47,FSU,14,FSU Message 14,CargoIMP,Y,01-FEB-14 11.45.53.0000000 AM,SYSTEM,,,1,,1,B,,,,
5.3.4,M,Day of Scheduled Arrival,nn,202,,,N,83,47,FSU,14,FSU Message 14,CargoIMP,Y,01-FEB-14 11.45.53.0000000 AM,SYSTEM,,,1,,1,B,,,,
5.3.5,M,Month of Scheduled Arrival,aaa,201,,,N,84,47,FSU,14,FSU Message 14,CargoIMP,Y,01-FEB-14 11.45.53.0000000 AM,SYSTEM,,,1,,1,B,,,,
5.3.6,O,Actual Time,nnnn,203,,,N,85,47,FSU,14,FSU Message 14,CargoIMP,Y,01-FEB-14 11.45.53.0000000 AM,SYSTEM,,,1,,1,B,,,,
5.3.7,O,Separator,Hyphen,,,,N,86,47,FSU,14,FSU Message 14,CargoIMP,Y,01-FEB-14 11.45.53.0000000 AM,SYSTEM,,,1,,1,B,,,,
5.3.8,O,Day Change Indicator,a,205,,,N,87,47,FSU,14,FSU Message 14,CargoIMP,Y,01-FEB-14 11.45.53.0000000 AM,SYSTEM,,,1,,1,B,,,,
5.3.9,M,Separator,Slant,,,,N,88,47,FSU,14,FSU Message 14,CargoIMP,Y,01-FEB-14 11.45.53.0000000 AM,SYSTEM,,,1,,1,B,,,,
5.3.10,M,Airport Code of Arrival,aaa,313,,,N,89,47,FSU,14,FSU Message 14,CargoIMP,Y,01-FEB-14 11.45.53.0000000 AM,SYSTEM,,,1,,1,B,,,,
5.4,M,Quantity Detail RCF,,,,,N,90,47,FSU,14,FSU Message 14,CargoIMP,Y,01-FEB-14 11.45.53.0000000 AM,SYSTEM,,,1,,1,B,,,,
5.4.1,M,Separator,Slant,,,,N,91,47,FSU,14,FSU Message 14,CargoIMP,Y,01-FEB-14 11.45.53.0000000 AM,SYSTEM,,,1,,1,B,,,,
5.4.2,M,Shipment Description Code,a,703,Y,,N,92,47,FSU,14,FSU Message 14,CargoIMP,Y,01-FEB-14 11.45.53.0000000 AM,SYSTEM,,,1,,1,B,,,,
5.4.3,M,Number of Pieces,n[...4],701,,,N,93,47,FSU,14,FSU Message 14,CargoIMP,Y,01-FEB-14 11.45.53.0000000 AM,SYSTEM,,,1,,1,B,,,,
5.4.4,O,Weight Code,a,601,Y,,N,94,47,FSU,14,FSU Message 14,CargoIMP,Y,01-FEB-14 11.45.53.0000000 AM,SYSTEM,,,1,,1,B,,,,
5.4.5,O,Weight,n[...7]p,600,,,N,95,47,FSU,14,FSU Message 14,CargoIMP,Y,01-FEB-14 11.45.53.0000000 AM,SYSTEM,,,1,,1,B,,,,
5.5,O,Separator,Slant,,,,N,96,47,FSU,14,FSU Message 14,CargoIMP,Y,01-FEB-14 11.45.53.0000000 AM,SYSTEM,,,1,,1,B,,,,
5.6,O,Time of Departure Information RCF,,,,,N,97,47,FSU,14,FSU Message 14,CargoIMP,Y,01-FEB-14 11.45.53.0000000 AM,SYSTEM,,,1,,1,B,,,,
5.6.1,M,Type of Time Indicator,a,206,,,N,98,47,FSU,14,FSU Message 14,CargoIMP,Y,01-FEB-14 11.45.53.0000000 AM,SYSTEM,,,1,,1,B,,,,
5.6.2,M,Time,nnnn,203,,,N,99,47,FSU,14,FSU Message 14,CargoIMP,Y,01-FEB-14 11.45.53.0000000 AM,SYSTEM,,,1,,1,B,,,,
5.6.3,O,Separator,Hyphen,,,,N,100,47,FSU,14,FSU Message 14,CargoIMP,Y,01-FEB-14 11.45.53.0000000 AM,SYSTEM,,,1,,1,B,,,,
5.6.4,O,Day Change Indicator,a,205,,,N,101,47,FSU,14,FSU Message 14,CargoIMP,Y,01-FEB-14 11.45.53.0000000 AM,SYSTEM,,,1,,1,B,,,,
5.7,O,Separator,Slant,,,,N,102,47,FSU,14,FSU Message 14,CargoIMP,Y,01-FEB-14 11.45.53.0000000 AM,SYSTEM,,,1,,1,B,,,,
5.8,O,Time of Arrival Information RCF,,,,,N,103,47,FSU,14,FSU Message 14,CargoIMP,Y,01-FEB-14 11.45.53.0000000 AM,SYSTEM,,,1,,1,B,,,,
5.8.1,M,Type of Time Indicator,a,206,,,N,104,47,FSU,14,FSU Message 14,CargoIMP,Y,01-FEB-14 11.45.53.0000000 AM,SYSTEM,,,1,,1,B,,,,
5.8.2,M,Time,nnnn,203,,,N,105,47,FSU,14,FSU Message 14,CargoIMP,Y,01-FEB-14 11.45.53.0000000 AM,SYSTEM,,,1,,1,B,,,,
5.8.3,O,Separator,Hyphen,,,,N,106,47,FSU,14,FSU Message 14,CargoIMP,Y,01-FEB-14 11.45.53.0000000 AM,SYSTEM,,,1,,1,B,,,,
5.8.4,O,Day Change Indicator,a,205,,,N,107,47,FSU,14,FSU Message 14,CargoIMP,Y,01-FEB-14 11.45.53.0000000 AM,SYSTEM,,,1,,1,B,,,,
5.9,M,Separator,CRLF,,,,N,108,47,FSU,14,FSU Message 14,CargoIMP,Y,01-FEB-14 11.45.53.0000000 AM,SYSTEM,,,1,,1,B,,,,
6,O,Status Details BKD,,,,,N,109,47,FSU,14,FSU Message 14,CargoIMP,Y,01-FEB-14 11.45.53.0000000 AM,SYSTEM,,,1,,1,B,,,,
6.1,M,Status Code BKD,aaa,400,,BKD,N,110,47,FSU,14,FSU Message 14,CargoIMP,Y,01-FEB-14 11.45.53.0000000 AM,SYSTEM,,,1,,1,B,,,,
6.2,M,Separator,Slant,,,,N,111,47,FSU,14,FSU Message 14,CargoIMP,Y,01-FEB-14 11.45.53.0000000 AM,SYSTEM,,,1,,1,B,,,,
6.3,M,Movement Detail BKD,,,,,N,112,47,FSU,14,FSU Message 14,CargoIMP,Y,01-FEB-14 11.45.53.0000000 AM,SYSTEM,,,1,,1,B,,,,
6.3.1,O,Carrier Code,mm,312,,,N,113,47,FSU,14,FSU Message 14,CargoIMP,Y,01-FEB-14 11.45.53.0000000 AM,SYSTEM,,,1,,1,B,,,,
6.3.2,O,Flight Number,nnn(n)(a),800,,,N,114,47,FSU,14,FSU Message 14,CargoIMP,Y,01-FEB-14 11.45.53.0000000 AM,SYSTEM,,,1,,1,B,,,,
6.3.3,M,Separator,Slant,,,,N,115,47,FSU,14,FSU Message 14,CargoIMP,Y,01-FEB-14 11.45.53.0000000 AM,SYSTEM,,,1,,1,B,,,,
6.3.4,O,Day of Scheduled Departure,nn,202,,,N,116,47,FSU,14,FSU Message 14,CargoIMP,Y,01-FEB-14 11.45.53.0000000 AM,SYSTEM,,,1,,1,B,,,,
6.3.5,O,Month of Scheduled Departure,aaa,201,,,N,117,47,FSU,14,FSU Message 14,CargoIMP,Y,01-FEB-14 11.45.53.0000000 AM,SYSTEM,,,1,,1,B,,,,
6.3.6,M,Separator,Slant,,,,N,118,47,FSU,14,FSU Message 14,CargoIMP,Y,01-FEB-14 11.45.53.0000000 AM,SYSTEM,,,1,,1,B,,,,
6.3.7,M,Airport Code of Departure,aaa,313,,,N,119,47,FSU,14,FSU Message 14,CargoIMP,Y,01-FEB-14 11.45.53.0000000 AM,SYSTEM,,,1,,1,B,,,,
6.3.8,M,Airport Code of Arrival,aaa,313,,,N,120,47,FSU,14,FSU Message 14,CargoIMP,Y,01-FEB-14 11.45.53.0000000 AM,SYSTEM,,,1,,1,B,,,,
6.4,M,Quantity Detail BKD,,,,,N,121,47,FSU,14,FSU Message 14,CargoIMP,Y,01-FEB-14 11.45.53.0000000 AM,SYSTEM,,,1,,1,B,,,,
6.4.1,M,Separator,Slant,,,,N,122,47,FSU,14,FSU Message 14,CargoIMP,Y,01-FEB-14 11.45.53.0000000 AM,SYSTEM,,,1,,1,B,,,,
6.4.2,M,Shipment Description Code,a,703,Y,,N,123,47,FSU,14,FSU Message 14,CargoIMP,Y,01-FEB-14 11.45.53.0000000 AM,SYSTEM,,,1,,1,B,,,,
6.4.3,M,Number of Pieces,n[...4],701,,,N,124,47,FSU,14,FSU Message 14,CargoIMP,Y,01-FEB-14 11.45.53.0000000 AM,SYSTEM,,,1,,1,B,,,,
6.4.4,O,Weight Code,a,601,Y,,N,125,47,FSU,14,FSU Message 14,CargoIMP,Y,01-FEB-14 11.45.53.0000000 AM,SYSTEM,,,1,,1,B,,,,
6.4.5,O,Weight,n[...7]p,600,,,N,126,47,FSU,14,FSU Message 14,CargoIMP,Y,01-FEB-14 11.45.53.0000000 AM,SYSTEM,,,1,,1,B,,,,
6.5,O,Separator,Slant,,,,N,127,47,FSU,14,FSU Message 14,CargoIMP,Y,01-FEB-14 11.45.53.0000000 AM,SYSTEM,,,1,,1,B,,,,
6.6,O,Time of Departure Information BKD,,,,,N,128,47,FSU,14,FSU Message 14,CargoIMP,Y,01-FEB-14 11.45.53.0000000 AM,SYSTEM,,,1,,1,B,,,,
6.6.1,M,Type of Time Indicator,a,206,,,N,129,47,FSU,14,FSU Message 14,CargoIMP,Y,01-FEB-14 11.45.53.0000000 AM,SYSTEM,,,1,,1,B,,,,
6.6.2,M,Time,nnnn,203,,,N,130,47,FSU,14,FSU Message 14,CargoIMP,Y,01-FEB-14 11.45.53.0000000 AM,SYSTEM,,,1,,1,B,,,,
6.6.3,O,Separator,Hyphen,,,,N,131,47,FSU,14,FSU Message 14,CargoIMP,Y,01-FEB-14 11.45.53.0000000 AM,SYSTEM,,,1,,1,B,,,,
6.6.4,O,Day Change Indicator,a,205,,,N,132,47,FSU,14,FSU Message 14,CargoIMP,Y,01-FEB-14 11.45.53.0000000 AM,SYSTEM,,,1,,1,B,,,,
6.7,O,Separator,Slant,,,,N,133,47,FSU,14,FSU Message 14,CargoIMP,Y,01-FEB-14 11.45.53.0000000 AM,SYSTEM,,,1,,1,B,,,,
6.8,O,Time of Arrival Information BKD,,,,,N,134,47,FSU,14,FSU Message 14,CargoIMP,Y,01-FEB-14 11.45.53.0000000 AM,SYSTEM,,,1,,1,B,,,,
6.8.1,M,Type of Time Indicator,a,206,,,N,135,47,FSU,14,FSU Message 14,CargoIMP,Y,01-FEB-14 11.45.53.0000000 AM,SYSTEM,,,1,,1,B,,,,
6.8.2,M,Time,nnnn,203,,,N,136,47,FSU,14,FSU Message 14,CargoIMP,Y,01-FEB-14 11.45.53.0000000 AM,SYSTEM,,,1,,1,B,,,,
6.8.3,O,Separator,Hyphen,,,,N,137,47,FSU,14,FSU Message 14,CargoIMP,Y,01-FEB-14 11.45.53.0000000 AM,SYSTEM,,,1,,1,B,,,,
6.8.4,O,Day Change Indicator,a,205,,,N,138,47,FSU,14,FSU Message 14,CargoIMP,Y,01-FEB-14 11.45.53.0000000 AM,SYSTEM,,,1,,1,B,,,,
6.10,O,Volume Detail BKD,,,,,N,139,47,FSU,14,FSU Message 14,CargoIMP,Y,01-FEB-14 11.45.53.0000000 AM,SYSTEM,,,1,,1,B,,,,
6.10.1,M,Separator,Slant,,,,N,140,47,FSU,14,FSU Message 14,CargoIMP,Y,01-FEB-14 11.45.53.0000000 AM,SYSTEM,,,1,,1,B,,,,
6.10.2,M,Volume Code,aa,604,Y,,N,141,47,FSU,14,FSU Message 14,CargoIMP,Y,01-FEB-14 11.45.53.0000000 AM,SYSTEM,,,1,,1,B,,,,
6.10.3,M,Volume Amount,n[...9]p,500,,,N,142,47,FSU,14,FSU Message 14,CargoIMP,Y,01-FEB-14 11.45.53.0000000 AM,SYSTEM,,,1,,1,B,,,,
6.11,O,Density Group BKD,,,,,N,143,47,FSU,14,FSU Message 14,CargoIMP,Y,01-FEB-14 11.45.53.0000000 AM,SYSTEM,,,1,,1,B,,,,
6.11.1,M,Separator,Slant,,,,N,144,47,FSU,14,FSU Message 14,CargoIMP,Y,01-FEB-14 11.45.53.0000000 AM,SYSTEM,,,1,,1,B,,,,
6.11.2,M,Density Indicator DG,aa,603,,DG,N,145,47,FSU,14,FSU Message 14,CargoIMP,Y,01-FEB-14 11.45.53.0000000 AM,SYSTEM,,,1,,1,B,,,,
6.11.3,M,Density Group,n[...2],602,,,N,146,47,FSU,14,FSU Message 14,CargoIMP,Y,01-FEB-14 11.45.53.0000000 AM,SYSTEM,,,1,,1,B,,,,
6.12,M,Separator,CRLF,,,,N,147,47,FSU,14,FSU Message 14,CargoIMP,Y,01-FEB-14 11.45.53.0000000 AM,SYSTEM,,,1,,1,B,,,,
7,O,Status Details MAN,,,,,N,148,47,FSU,14,FSU Message 14,CargoIMP,Y,01-FEB-14 11.45.53.0000000 AM,SYSTEM,,,1,,1,B,,,,
7.1,M,Status Code MAN,aaa,400,,MAN,N,149,47,FSU,14,FSU Message 14,CargoIMP,Y,01-FEB-14 11.45.53.0000000 AM,SYSTEM,,,1,,1,B,,,,
7.2,M,Separator,Slant,,,,N,150,47,FSU,14,FSU Message 14,CargoIMP,Y,01-FEB-14 11.45.53.0000000 AM,SYSTEM,,,1,,1,B,,,,
7.3,M,Movement Detail MAN,,,,,N,151,47,FSU,14,FSU Message 14,CargoIMP,Y,01-FEB-14 11.45.53.0000000 AM,SYSTEM,,,1,,1,B,,,,
7.3.1,O,Carrier Code,mm,312,,,N,152,47,FSU,14,FSU Message 14,CargoIMP,Y,01-FEB-14 11.45.53.0000000 AM,SYSTEM,,,1,,1,B,,,,
7.3.2,O,Flight Number,nnn(n)(a),800,,,N,153,47,FSU,14,FSU Message 14,CargoIMP,Y,01-FEB-14 11.45.53.0000000 AM,SYSTEM,,,1,,1,B,,,,
7.3.3,M,Separator,Slant,,,,N,154,47,FSU,14,FSU Message 14,CargoIMP,Y,01-FEB-14 11.45.53.0000000 AM,SYSTEM,,,1,,1,B,,,,
7.3.4,O,Day of Scheduled Departure,nn,202,,,N,155,47,FSU,14,FSU Message 14,CargoIMP,Y,01-FEB-14 11.45.53.0000000 AM,SYSTEM,,,1,,1,B,,,,
7.3.5,O,Month of Scheduled Departure,aaa,201,,,N,156,47,FSU,14,FSU Message 14,CargoIMP,Y,01-FEB-14 11.45.53.0000000 AM,SYSTEM,,,1,,1,B,,,,
7.3.6,M,Separator,Slant,,,,N,157,47,FSU,14,FSU Message 14,CargoIMP,Y,01-FEB-14 11.45.53.0000000 AM,SYSTEM,,,1,,1,B,,,,
7.3.7,M,Airport Code of Departure,aaa,313,,,N,158,47,FSU,14,FSU Message 14,CargoIMP,Y,01-FEB-14 11.45.53.0000000 AM,SYSTEM,,,1,,1,B,,,,
7.3.8,M,Airport Code of Arrival,aaa,313,,,N,159,47,FSU,14,FSU Message 14,CargoIMP,Y,01-FEB-14 11.45.53.0000000 AM,SYSTEM,,,1,,1,B,,,,
7.4,M,Quantity Detail MAN,,,,,N,160,47,FSU,14,FSU Message 14,CargoIMP,Y,01-FEB-14 11.45.53.0000000 AM,SYSTEM,,,1,,1,B,,,,
7.4.1,M,Separator,Slant,,,,N,161,47,FSU,14,FSU Message 14,CargoIMP,Y,01-FEB-14 11.45.53.0000000 AM,SYSTEM,,,1,,1,B,,,,
7.4.2,M,Shipment Description Code,a,703,Y,,N,162,47,FSU,14,FSU Message 14,CargoIMP,Y,01-FEB-14 11.45.53.0000000 AM,SYSTEM,,,1,,1,B,,,,
7.4.3,M,Number of Pieces,n[...4],701,,,N,163,47,FSU,14,FSU Message 14,CargoIMP,Y,01-FEB-14 11.45.53.0000000 AM,SYSTEM,,,1,,1,B,,,,
7.4.4,O,Weight Code,a,601,Y,,N,164,47,FSU,14,FSU Message 14,CargoIMP,Y,01-FEB-14 11.45.53.0000000 AM,SYSTEM,,,1,,1,B,,,,
7.4.5,O,Weight,n[...7]p,600,,,N,165,47,FSU,14,FSU Message 14,CargoIMP,Y,01-FEB-14 11.45.53.0000000 AM,SYSTEM,,,1,,1,B,,,,
7.6,O,Time of Departure Information MAN,,,,,N,166,47,FSU,14,FSU Message 14,CargoIMP,Y,01-FEB-14 11.45.53.0000000 AM,SYSTEM,,,1,,1,B,,,,
7.6.1,M,Separator,Slant,,,,N,167,47,FSU,14,FSU Message 14,CargoIMP,Y,01-FEB-14 11.45.53.0000000 AM,SYSTEM,,,1,,1,B,,,,
7.6.2,M,Type of Time Indicator,a,206,,,N,168,47,FSU,14,FSU Message 14,CargoIMP,Y,01-FEB-14 11.45.53.0000000 AM,SYSTEM,,,1,,1,B,,,,
7.6.3,M,Time,nnnn,203,,,N,169,47,FSU,14,FSU Message 14,CargoIMP,Y,01-FEB-14 11.45.53.0000000 AM,SYSTEM,,,1,,1,B,,,,
7.6.4,O,Separator,Hyphen,,,,N,170,47,FSU,14,FSU Message 14,CargoIMP,Y,01-FEB-14 11.45.53.0000000 AM,SYSTEM,,,1,,1,B,,,,
7.6.5,O,Day Change Indicator,a,205,,,N,171,47,FSU,14,FSU Message 14,CargoIMP,Y,01-FEB-14 11.45.53.0000000 AM,SYSTEM,,,1,,1,B,,,,
7.8,O,Time of Arrival Information MAN,,,,,N,172,47,FSU,14,FSU Message 14,CargoIMP,Y,01-FEB-14 11.45.53.0000000 AM,SYSTEM,,,1,,1,B,,,,
7.8.1,M,Separator,Slant,,,,N,173,47,FSU,14,FSU Message 14,CargoIMP,Y,01-FEB-14 11.45.53.0000000 AM,SYSTEM,,,1,,1,B,,,,
7.8.2,M,Type of Time Indicator,a,206,,,N,174,47,FSU,14,FSU Message 14,CargoIMP,Y,01-FEB-14 11.45.53.0000000 AM,SYSTEM,,,1,,1,B,,,,
7.8.3,M,Time,nnnn,203,,,N,175,47,FSU,14,FSU Message 14,CargoIMP,Y,01-FEB-14 11.45.53.0000000 AM,SYSTEM,,,1,,1,B,,,,
7.8.4,O,Separator,Hyphen,,,,N,176,47,FSU,14,FSU Message 14,CargoIMP,Y,01-FEB-14 11.45.53.0000000 AM,SYSTEM,,,1,,1,B,,,,
7.8.5,O,Day Change Indicator,a,205,,,N,177,47,FSU,14,FSU Message 14,CargoIMP,Y,01-FEB-14 11.45.53.0000000 AM,SYSTEM,,,1,,1,B,,,,
7.9,M,Separator,CRLF,,,,N,178,47,FSU,14,FSU Message 14,CargoIMP,Y,01-FEB-14 11.45.53.0000000 AM,SYSTEM,,,1,,1,B,,,,
8,O,Status Details DEP,,,,,N,179,47,FSU,14,FSU Message 14,CargoIMP,Y,01-FEB-14 11.45.53.0000000 AM,SYSTEM,,,1,,1,B,,,,
8.1,M,Status Code DEP,aaa,400,,DEP,N,180,47,FSU,14,FSU Message 14,CargoIMP,Y,01-FEB-14 11.45.53.0000000 AM,SYSTEM,,,1,,1,B,,,,
8.2,M,Separator,Slant,,,,N,181,47,FSU,14,FSU Message 14,CargoIMP,Y,01-FEB-14 11.45.53.0000000 AM,SYSTEM,,,1,,1,B,,,,
8.3,M,Movement Detail DEP,,,,,N,182,47,FSU,14,FSU Message 14,CargoIMP,Y,01-FEB-14 11.45.53.0000000 AM,SYSTEM,,,1,,1,B,,,,
8.3.1,O,Carrier Code ,mm,312,,,N,183,47,FSU,14,FSU Message 14,CargoIMP,Y,01-FEB-14 11.45.53.0000000 AM,SYSTEM,,,1,,1,B,,,,
8.3.2,O,Flight Number,nnn(n)(a),800,,,N,184,47,FSU,14,FSU Message 14,CargoIMP,Y,01-FEB-14 11.45.53.0000000 AM,SYSTEM,,,1,,1,B,,,,
8.3.3,M,Separator,Slant,,,,N,185,47,FSU,14,FSU Message 14,CargoIMP,Y,01-FEB-14 11.45.53.0000000 AM,SYSTEM,,,1,,1,B,,,,
8.3.4,O,Day of Scheduled Departure,nn,202,,,N,186,47,FSU,14,FSU Message 14,CargoIMP,Y,01-FEB-14 11.45.53.0000000 AM,SYSTEM,,,1,,1,B,,,,
8.3.5,O,Month of Scheduled Departure,aaa,201,,,N,187,47,FSU,14,FSU Message 14,CargoIMP,Y,01-FEB-14 11.45.53.0000000 AM,SYSTEM,,,1,,1,B,,,,
8.3.6,M,Separator,Slant,,,,N,188,47,FSU,14,FSU Message 14,CargoIMP,Y,01-FEB-14 11.45.53.0000000 AM,SYSTEM,,,1,,1,B,,,,
8.3.7,M,Airport Code of Departure,aaa,313,,,N,189,47,FSU,14,FSU Message 14,CargoIMP,Y,01-FEB-14 11.45.53.0000000 AM,SYSTEM,,,1,,1,B,,,,
8.3.8,M,Airport Code of Arrival,aaa,313,,,N,190,47,FSU,14,FSU Message 14,CargoIMP,Y,01-FEB-14 11.45.53.0000000 AM,SYSTEM,,,1,,1,B,,,,
8.4,M,Quantity Detail DEP,,,,,N,191,47,FSU,14,FSU Message 14,CargoIMP,Y,01-FEB-14 11.45.53.0000000 AM,SYSTEM,,,1,,1,B,,,,
8.4.1,M,Separator,Slant,,,,N,192,47,FSU,14,FSU Message 14,CargoIMP,Y,01-FEB-14 11.45.53.0000000 AM,SYSTEM,,,1,,1,B,,,,
8.4.2,M,Shipment Description Code,a,703,Y,,N,193,47,FSU,14,FSU Message 14,CargoIMP,Y,01-FEB-14 11.45.53.0000000 AM,SYSTEM,,,1,,1,B,,,,
8.4.3,M,Number of Pieces,n[...4],704,,,N,194,47,FSU,14,FSU Message 14,CargoIMP,Y,01-FEB-14 11.45.53.0000000 AM,SYSTEM,,,1,,1,B,,,,
8.4.4,O,Weight Code,a,601,Y,,N,195,47,FSU,14,FSU Message 14,CargoIMP,Y,01-FEB-14 11.45.53.0000000 AM,SYSTEM,,,1,,1,B,,,,
8.4.5,O,Weight,n[...7]p,600,,,N,196,47,FSU,14,FSU Message 14,CargoIMP,Y,01-FEB-14 11.45.53.0000000 AM,SYSTEM,,,1,,1,B,,,,
8.6,O,Time of Departure Information DEP,,,,,N,197,47,FSU,14,FSU Message 14,CargoIMP,Y,01-FEB-14 11.45.53.0000000 AM,SYSTEM,,,1,,1,B,,,,
8.6.1,M,Separator,Slant,,,,N,198,47,FSU,14,FSU Message 14,CargoIMP,Y,01-FEB-14 11.45.53.0000000 AM,SYSTEM,,,1,,1,B,,,,
8.6.2,M,Type of Time Indicator,a,206,,,N,199,47,FSU,14,FSU Message 14,CargoIMP,Y,01-FEB-14 11.45.53.0000000 AM,SYSTEM,,,1,,1,B,,,,
8.6.3,M,Time,nnnn,203,,,N,200,47,FSU,14,FSU Message 14,CargoIMP,Y,01-FEB-14 11.45.53.0000000 AM,SYSTEM,,,1,,1,B,,,,
8.6.4,O,Separator,Hyphen,,,,N,201,47,FSU,14,FSU Message 14,CargoIMP,Y,01-FEB-14 11.45.53.0000000 AM,SYSTEM,,,1,,1,B,,,,
8.6.5,O,Day Change Indicator,a,205,,,N,202,47,FSU,14,FSU Message 14,CargoIMP,Y,01-FEB-14 11.45.53.0000000 AM,SYSTEM,,,1,,1,B,,,,
8.8,O,Time of Arrival Information DEP,,,,,N,203,47,FSU,14,FSU Message 14,CargoIMP,Y,01-FEB-14 11.45.53.0000000 AM,SYSTEM,,,1,,1,B,,,,
8.8.1,M,Separator,Slant,,,,N,204,47,FSU,14,FSU Message 14,CargoIMP,Y,01-FEB-14 11.45.53.0000000 AM,SYSTEM,,,1,,1,B,,,,
8.8.2,M,Type of Time Indicator,a,206,,,N,205,47,FSU,14,FSU Message 14,CargoIMP,Y,01-FEB-14 11.45.53.0000000 AM,SYSTEM,,,1,,1,B,,,,
8.8.3,M,Time,nnnn,203,,,N,206,47,FSU,14,FSU Message 14,CargoIMP,Y,01-FEB-14 11.45.53.0000000 AM,SYSTEM,,,1,,1,B,,,,
8.8.4,O,Separator,Hyphen,,,,N,207,47,FSU,14,FSU Message 14,CargoIMP,Y,01-FEB-14 11.45.53.0000000 AM,SYSTEM,,,1,,1,B,,,,
8.8.5,O,Day Change Indicator,a,205,,,N,208,47,FSU,14,FSU Message 14,CargoIMP,Y,01-FEB-14 11.45.53.0000000 AM,SYSTEM,,,1,,1,B,,,,
8.9,M,Separator,CRLF,,,,N,209,47,FSU,14,FSU Message 14,CargoIMP,Y,01-FEB-14 11.45.53.0000000 AM,SYSTEM,,,1,,1,B,,,,
9,O,Status Details PRE,,,,,N,210,47,FSU,14,FSU Message 14,CargoIMP,Y,01-FEB-14 11.45.53.0000000 AM,SYSTEM,,,1,,1,B,,,,
9.1,M,Status Code PRE,aaa,400,,PRE,N,211,47,FSU,14,FSU Message 14,CargoIMP,Y,01-FEB-14 11.45.53.0000000 AM,SYSTEM,,,1,,1,B,,,,
9.2,M,Separator,Slant,,,,N,212,47,FSU,14,FSU Message 14,CargoIMP,Y,01-FEB-14 11.45.53.0000000 AM,SYSTEM,,,1,,1,B,,,,
9.3,M,Movement Detail PRE,,,,,N,213,47,FSU,14,FSU Message 14,CargoIMP,Y,01-FEB-14 11.45.53.0000000 AM,SYSTEM,,,1,,1,B,,,,
9.3.1,O,Carrier Code,mm,312,,,N,214,47,FSU,14,FSU Message 14,CargoIMP,Y,01-FEB-14 11.45.53.0000000 AM,SYSTEM,,,1,,1,B,,,,
9.3.2,O,Flight Number,nnn(n)(a),800,,,N,215,47,FSU,14,FSU Message 14,CargoIMP,Y,01-FEB-14 11.45.53.0000000 AM,SYSTEM,,,1,,1,B,,,,
9.3.3,M,Separator,Slant,,,,N,216,47,FSU,14,FSU Message 14,CargoIMP,Y,01-FEB-14 11.45.53.0000000 AM,SYSTEM,,,1,,1,B,,,,
9.3.4,O,Day of Scheduled Departure,nn,202,,,N,217,47,FSU,14,FSU Message 14,CargoIMP,Y,01-FEB-14 11.45.53.0000000 AM,SYSTEM,,,1,,1,B,,,,
9.3.5,O,Month of Scheduled Departure,aaa,201,,,N,218,47,FSU,14,FSU Message 14,CargoIMP,Y,01-FEB-14 11.45.53.0000000 AM,SYSTEM,,,1,,1,B,,,,
9.3.6,M,Separator,Slant,,,,N,219,47,FSU,14,FSU Message 14,CargoIMP,Y,01-FEB-14 11.45.53.0000000 AM,SYSTEM,,,1,,1,B,,,,
9.3.7,M,Airport Code of Departure,aaa,313,,,N,220,47,FSU,14,FSU Message 14,CargoIMP,Y,01-FEB-14 11.45.53.0000000 AM,SYSTEM,,,1,,1,B,,,,
9.3.8,M,Airport Code of Arrival,aaa,313,,,N,221,47,FSU,14,FSU Message 14,CargoIMP,Y,01-FEB-14 11.45.53.0000000 AM,SYSTEM,,,1,,1,B,,,,
9.4,M,Quantity Detail PRE,,,,,N,222,47,FSU,14,FSU Message 14,CargoIMP,Y,01-FEB-14 11.45.53.0000000 AM,SYSTEM,,,1,,1,B,,,,
9.4.1,M,Separator,Slant,,,,N,223,47,FSU,14,FSU Message 14,CargoIMP,Y,01-FEB-14 11.45.53.0000000 AM,SYSTEM,,,1,,1,B,,,,
9.4.2,M,Shipment Description Code,a,703,Y,,N,224,47,FSU,14,FSU Message 14,CargoIMP,Y,01-FEB-14 11.45.53.0000000 AM,SYSTEM,,,1,,1,B,,,,
9.4.3,M,Number of Pieces,n[...4],701,,,N,225,47,FSU,14,FSU Message 14,CargoIMP,Y,01-FEB-14 11.45.53.0000000 AM,SYSTEM,,,1,,1,B,,,,
9.4.4,O,Weight Code,a,601,Y,,N,226,47,FSU,14,FSU Message 14,CargoIMP,Y,01-FEB-14 11.45.53.0000000 AM,SYSTEM,,,1,,1,B,,,,
9.4.5,O,Weight,n[...7]p,600,,,N,227,47,FSU,14,FSU Message 14,CargoIMP,Y,01-FEB-14 11.45.53.0000000 AM,SYSTEM,,,1,,1,B,,,,
9.6,O,Time of Departure Information PRE,,,,,N,228,47,FSU,14,FSU Message 14,CargoIMP,Y,01-FEB-14 11.45.53.0000000 AM,SYSTEM,,,1,,1,B,,,,
9.6.1,M,Seprator,Slant,,,,N,229,47,FSU,14,FSU Message 14,CargoIMP,Y,01-FEB-14 11.45.53.0000000 AM,SYSTEM,,,1,,1,B,,,,
9.6.2,M,Type of Time Indicator,a,206,,,N,230,47,FSU,14,FSU Message 14,CargoIMP,Y,01-FEB-14 11.45.53.0000000 AM,SYSTEM,,,1,,1,B,,,,
9.6.3,M,Time,nnnn,203,,,N,231,47,FSU,14,FSU Message 14,CargoIMP,Y,01-FEB-14 11.45.53.0000000 AM,SYSTEM,,,1,,1,B,,,,
9.6.4,O,Separator,Hyphen,,,,N,232,47,FSU,14,FSU Message 14,CargoIMP,Y,01-FEB-14 11.45.53.0000000 AM,SYSTEM,,,1,,1,B,,,,
9.6.5,O,Day Change Indicator,a,205,,,N,233,47,FSU,14,FSU Message 14,CargoIMP,Y,01-FEB-14 11.45.53.0000000 AM,SYSTEM,,,1,,1,B,,,,
9.7,O,Time of Arrival Information PRE,,,,,N,234,47,FSU,14,FSU Message 14,CargoIMP,Y,01-FEB-14 11.45.53.0000000 AM,SYSTEM,,,1,,1,B,,,,
9.7.1,M,Separator,Slant,,,,N,235,47,FSU,14,FSU Message 14,CargoIMP,Y,01-FEB-14 11.45.53.0000000 AM,SYSTEM,,,1,,1,B,,,,
9.7.2,M,Type of Time Indicator,a,206,,,N,236,47,FSU,14,FSU Message 14,CargoIMP,Y,01-FEB-14 11.45.53.0000000 AM,SYSTEM,,,1,,1,B,,,,
9.7.3,M,Time,nnnn,203,,,N,237,47,FSU,14,FSU Message 14,CargoIMP,Y,01-FEB-14 11.45.53.0000000 AM,SYSTEM,,,1,,1,B,,,,
9.7.4,O,Separator,Hyphen,,,,N,238,47,FSU,14,FSU Message 14,CargoIMP,Y,01-FEB-14 11.45.53.0000000 AM,SYSTEM,,,1,,1,B,,,,
9.7.5,O,Day Change Indicator,a,205,,,N,239,47,FSU,14,FSU Message 14,CargoIMP,Y,01-FEB-14 11.45.53.0000000 AM,SYSTEM,,,1,,1,B,,,,
9.8,M,Separator,CRLF,,,,N,240,47,FSU,14,FSU Message 14,CargoIMP,Y,01-FEB-14 11.45.53.0000000 AM,SYSTEM,,,1,,1,B,,,,
10,O,Status Details TRM,,,,,N,241,47,FSU,14,FSU Message 14,CargoIMP,Y,01-FEB-14 11.45.53.0000000 AM,SYSTEM,,,1,,1,B,,,,
10.1,M,Status Code TRM,aaa,400,,TRM,N,242,47,FSU,14,FSU Message 14,CargoIMP,Y,01-FEB-14 11.45.53.0000000 AM,SYSTEM,,,1,,1,B,,,,
10.2,M,Separator,Slant,,,,N,243,47,FSU,14,FSU Message 14,CargoIMP,Y,01-FEB-14 11.45.53.0000000 AM,SYSTEM,,,1,,1,B,,,,
10.3,M,Movement Detail,,,,,N,244,47,FSU,14,FSU Message 14,CargoIMP,Y,01-FEB-14 11.45.53.0000000 AM,SYSTEM,,,1,,1,B,,,,
10.3.1,M,Carrier Code Receiving Carrier,mm,312,,,N,245,47,FSU,14,FSU Message 14,CargoIMP,Y,01-FEB-14 11.45.53.0000000 AM,SYSTEM,,,1,,1,B,,,,
10.3.2,M,Separator,Slant,,,,N,246,47,FSU,14,FSU Message 14,CargoIMP,Y,01-FEB-14 11.45.53.0000000 AM,SYSTEM,,,1,,1,B,,,,
10.3.3,M,Airport Code of Transfer,aaa,313,,,N,247,47,FSU,14,FSU Message 14,CargoIMP,Y,01-FEB-14 11.45.53.0000000 AM,SYSTEM,,,1,,1,B,,,,
10.4,M,Quantity Detail TRM,,,,,N,248,47,FSU,14,FSU Message 14,CargoIMP,Y,01-FEB-14 11.45.53.0000000 AM,SYSTEM,,,1,,1,B,,,,
10.4.1,M,Separator,Slant,,,,N,249,47,FSU,14,FSU Message 14,CargoIMP,Y,01-FEB-14 11.45.53.0000000 AM,SYSTEM,,,1,,1,B,,,,
10.4.2,M,Shipment Description Code,a,703,Y,,N,250,47,FSU,14,FSU Message 14,CargoIMP,Y,01-FEB-14 11.45.53.0000000 AM,SYSTEM,,,1,,1,B,,,,
10.4.3,M,Number of Pieces,n[...4],701,,,N,251,47,FSU,14,FSU Message 14,CargoIMP,Y,01-FEB-14 11.45.53.0000000 AM,SYSTEM,,,1,,1,B,,,,
10.4.4,O,Weight Code,a,601,Y,,N,252,47,FSU,14,FSU Message 14,CargoIMP,Y,01-FEB-14 11.45.53.0000000 AM,SYSTEM,,,1,,1,B,,,,
10.4.5,O,Weight,n[...7]p,600,,,N,253,47,FSU,14,FSU Message 14,CargoIMP,Y,01-FEB-14 11.45.53.0000000 AM,SYSTEM,,,1,,1,B,,,,
10.5,M,Separator,CRLF,,,,N,254,47,FSU,14,FSU Message 14,CargoIMP,Y,01-FEB-14 11.45.53.0000000 AM,SYSTEM,,,1,,1,B,,,,
11,O,Status Details TFD,,,,,N,255,47,FSU,14,FSU Message 14,CargoIMP,Y,01-FEB-14 11.45.53.0000000 AM,SYSTEM,,,1,,1,B,,,,
11.1,M,Status Code TFD,aaa,400,,TFD,N,256,47,FSU,14,FSU Message 14,CargoIMP,Y,01-FEB-14 11.45.53.0000000 AM,SYSTEM,,,1,,1,B,,,,
11.2,M,Separator,Slant,,,,N,257,47,FSU,14,FSU Message 14,CargoIMP,Y,01-FEB-14 11.45.53.0000000 AM,SYSTEM,,,1,,1,B,,,,
11.3,M,Movement Detail,,,,,N,258,47,FSU,14,FSU Message 14,CargoIMP,Y,01-FEB-14 11.45.53.0000000 AM,SYSTEM,,,1,,1,B,,,,
11.3.1,M,Carrier Code Receiving Carrier,mm,312,,,N,259,47,FSU,14,FSU Message 14,CargoIMP,Y,01-FEB-14 11.45.53.0000000 AM,SYSTEM,,,1,,1,B,,,,
11.3.2,M,Separator,Slant,,,,N,260,47,FSU,14,FSU Message 14,CargoIMP,Y,01-FEB-14 11.45.53.0000000 AM,SYSTEM,,,1,,1,B,,,,
11.3.3,M,Day of Transfer,nn,202,,,N,261,47,FSU,14,FSU Message 14,CargoIMP,Y,01-FEB-14 11.45.53.0000000 AM,SYSTEM,,,1,,1,B,,,,
11.3.4,M,Month of Transfer,aaa,201,,,N,262,47,FSU,14,FSU Message 14,CargoIMP,Y,01-FEB-14 11.45.53.0000000 AM,SYSTEM,,,1,,1,B,,,,
11.3.5,O,Actual Time ,nnnn,203,,,N,263,47,FSU,14,FSU Message 14,CargoIMP,Y,01-FEB-14 11.45.53.0000000 AM,SYSTEM,,,1,,1,B,,,,
11.3.6,M,Separator,Slant,,,,N,264,47,FSU,14,FSU Message 14,CargoIMP,Y,01-FEB-14 11.45.53.0000000 AM,SYSTEM,,,1,,1,B,,,,
11.3.7,M,Airport Code of Transfer,aaa,313,,,N,265,47,FSU,14,FSU Message 14,CargoIMP,Y,01-FEB-14 11.45.53.0000000 AM,SYSTEM,,,1,,1,B,,,,
11.4,M,Quantity Detail TFD,,,,,N,266,47,FSU,14,FSU Message 14,CargoIMP,Y,01-FEB-14 11.45.53.0000000 AM,SYSTEM,,,1,,1,B,,,,
11.4.1,M,Separator,Slant,,,,N,267,47,FSU,14,FSU Message 14,CargoIMP,Y,01-FEB-14 11.45.53.0000000 AM,SYSTEM,,,1,,1,B,,,,
11.4.2,M,Shipment Description Code,a,703,Y,,N,268,47,FSU,14,FSU Message 14,CargoIMP,Y,01-FEB-14 11.45.53.0000000 AM,SYSTEM,,,1,,1,B,,,,
11.4.3,M,Number of Pieces,n[...4],701,,,N,269,47,FSU,14,FSU Message 14,CargoIMP,Y,01-FEB-14 11.45.53.0000000 AM,SYSTEM,,,1,,1,B,,,,
11.4.4,O,Weight Code,a,601,Y,,N,270,47,FSU,14,FSU Message 14,CargoIMP,Y,01-FEB-14 11.45.53.0000000 AM,SYSTEM,,,1,,1,B,,,,
11.4.5,O,Weight,n[...7]p,600,,,N,271,47,FSU,14,FSU Message 14,CargoIMP,Y,01-FEB-14 11.45.53.0000000 AM,SYSTEM,,,1,,1,B,,,,
11.5,O,Transfer Reference TFD,,,,,N,272,47,FSU,14,FSU Message 14,CargoIMP,Y,01-FEB-14 11.45.53.0000000 AM,SYSTEM,,,1,,1,B,,,,
11.5.1,M,Separator,Slant,,,,N,273,47,FSU,14,FSU Message 14,CargoIMP,Y,01-FEB-14 11.45.53.0000000 AM,SYSTEM,,,1,,1,B,,,,
11.5.2,M,Transfer Manifest Number,n[6],118,,,N,274,47,FSU,14,FSU Message 14,CargoIMP,Y,01-FEB-14 11.45.53.0000000 AM,SYSTEM,,,1,,1,B,,,,
11.6,M,Separator,CRLF,,,,N,275,47,FSU,14,FSU Message 14,CargoIMP,Y,01-FEB-14 11.45.53.0000000 AM,SYSTEM,,,1,,1,B,,,,
11.7,O,Transferred from Detail,,,,,N,276,47,FSU,14,FSU Message 14,CargoIMP,Y,01-FEB-14 11.45.53.0000000 AM,SYSTEM,,,1,,1,B,,,,
11.7.1,M,Separator,Slant,,,,N,277,47,FSU,14,FSU Message 14,CargoIMP,Y,01-FEB-14 11.45.53.0000000 AM,SYSTEM,,,1,,1,B,,,,
11.7.2,M,Carrier Code Transferring Carrier,mm,312,,,N,278,47,FSU,14,FSU Message 14,CargoIMP,Y,01-FEB-14 11.45.53.0000000 AM,SYSTEM,,,1,,1,B,,,,
11.7.3,O,Separator,Slant,,,,N,279,47,FSU,14,FSU Message 14,CargoIMP,Y,01-FEB-14 11.45.53.0000000 AM,SYSTEM,,,1,,1,B,,,,
11.7.4,O,Name,t[...35],300,,,N,280,47,FSU,14,FSU Message 14,CargoIMP,Y,01-FEB-14 11.45.53.0000000 AM,SYSTEM,,,1,,1,B,,,,
11.8,M,Separator,CRLF,,,,N,281,47,FSU,14,FSU Message 14,CargoIMP,Y,01-FEB-14 11.45.53.0000000 AM,SYSTEM,,,1,,1,B,,,,
12,O,Status Details NFD,,,,,N,282,47,FSU,14,FSU Message 14,CargoIMP,Y,01-FEB-14 11.45.53.0000000 AM,SYSTEM,,,1,,1,B,,,,
12.1,M,Status Code NFD,aaa,400,,NFD,N,283,47,FSU,14,FSU Message 14,CargoIMP,Y,01-FEB-14 11.45.53.0000000 AM,SYSTEM,,,1,,1,B,,,,
12.2,M,Separator,Slant,,,,N,284,47,FSU,14,FSU Message 14,CargoIMP,Y,01-FEB-14 11.45.53.0000000 AM,SYSTEM,,,1,,1,B,,,,
12.3,M,Movement Detail,,,,,N,285,47,FSU,14,FSU Message 14,CargoIMP,Y,01-FEB-14 11.45.53.0000000 AM,SYSTEM,,,1,,1,B,,,,
12.3.1,M,Day of Notification,nn,202,,,N,286,47,FSU,14,FSU Message 14,CargoIMP,Y,01-FEB-14 11.45.53.0000000 AM,SYSTEM,,,1,,1,B,,,,
12.3.2,M,Month of Notification,aaa,201,,,N,287,47,FSU,14,FSU Message 14,CargoIMP,Y,01-FEB-14 11.45.53.0000000 AM,SYSTEM,,,1,,1,B,,,,
12.3.3,O,Actual Time,nnnn,203,,,N,288,47,FSU,14,FSU Message 14,CargoIMP,Y,01-FEB-14 11.45.53.0000000 AM,SYSTEM,,,1,,1,B,,,,
12.3.4,M,Separator,Slant,,,,N,289,47,FSU,14,FSU Message 14,CargoIMP,Y,01-FEB-14 11.45.53.0000000 AM,SYSTEM,,,1,,1,B,,,,
12.3.5,M,Airport Code of Notification,aaa,313,,,N,290,47,FSU,14,FSU Message 14,CargoIMP,Y,01-FEB-14 11.45.53.0000000 AM,SYSTEM,,,1,,1,B,,,,
12.4,M,Quantity Detail NFD,,,,,N,291,47,FSU,14,FSU Message 14,CargoIMP,Y,01-FEB-14 11.45.53.0000000 AM,SYSTEM,,,1,,1,B,,,,
12.4.1,M,Separator,Slant,,,,N,292,47,FSU,14,FSU Message 14,CargoIMP,Y,01-FEB-14 11.45.53.0000000 AM,SYSTEM,,,1,,1,B,,,,
12.4.2,M,Shipment Description Code,a,703,Y,,N,293,47,FSU,14,FSU Message 14,CargoIMP,Y,01-FEB-14 11.45.53.0000000 AM,SYSTEM,,,1,,1,B,,,,
12.4.3,M,Number of Pieces,n[...4],701,,,N,294,47,FSU,14,FSU Message 14,CargoIMP,Y,01-FEB-14 11.45.53.0000000 AM,SYSTEM,,,1,,1,B,,,,
12.4.4,O,Weight Code,a,601,Y,,N,295,47,FSU,14,FSU Message 14,CargoIMP,Y,01-FEB-14 11.45.53.0000000 AM,SYSTEM,,,1,,1,B,,,,
12.4.5,O,Weight,n[...7]p,600,,,N,296,47,FSU,14,FSU Message 14,CargoIMP,Y,01-FEB-14 11.45.53.0000000 AM,SYSTEM,,,1,,1,B,,,,
12.5,O,Notification to Detail NFD,,,,,N,297,47,FSU,14,FSU Message 14,CargoIMP,Y,01-FEB-14 11.45.53.0000000 AM,SYSTEM,,,1,,1,B,,,,
12.5.1,M,Separator,Slant,,,,N,298,47,FSU,14,FSU Message 14,CargoIMP,Y,01-FEB-14 11.45.53.0000000 AM,SYSTEM,,,1,,1,B,,,,
12.5.2,M,Name,t[...35],300,,,N,299,47,FSU,14,FSU Message 14,CargoIMP,Y,01-FEB-14 11.45.53.0000000 AM,SYSTEM,,,1,,1,B,,,,
12.6,M,Separator,CRLF,,,,N,300,47,FSU,14,FSU Message 14,CargoIMP,Y,01-FEB-14 11.45.53.0000000 AM,SYSTEM,,,1,,1,B,,,,
13,O,Status Details AWD,,,,,N,301,47,FSU,14,FSU Message 14,CargoIMP,Y,01-FEB-14 11.45.53.0000000 AM,SYSTEM,,,1,,1,B,,,,
13.1,M,Status Code AWD,aaa,400,,AWD,N,302,47,FSU,14,FSU Message 14,CargoIMP,Y,01-FEB-14 11.45.53.0000000 AM,SYSTEM,,,1,,1,B,,,,
13.2,M,Separator,Slant,,,,N,303,47,FSU,14,FSU Message 14,CargoIMP,Y,01-FEB-14 11.45.53.0000000 AM,SYSTEM,,,1,,1,B,,,,
13.3,M,Movement Detail AWD,,,,,N,304,47,FSU,14,FSU Message 14,CargoIMP,Y,01-FEB-14 11.45.53.0000000 AM,SYSTEM,,,1,,1,B,,,,
13.3.1,M,Day of Delivery,nn,202,,,N,305,47,FSU,14,FSU Message 14,CargoIMP,Y,01-FEB-14 11.45.53.0000000 AM,SYSTEM,,,1,,1,B,,,,
13.3.2,M,Month of Delivery,aaa,201,,,N,306,47,FSU,14,FSU Message 14,CargoIMP,Y,01-FEB-14 11.45.53.0000000 AM,SYSTEM,,,1,,1,B,,,,
13.3.3,O,Actual Time,nnnn,203,,,N,307,47,FSU,14,FSU Message 14,CargoIMP,Y,01-FEB-14 11.45.53.0000000 AM,SYSTEM,,,1,,1,B,,,,
13.3.4,M,Separator,Slant,,,,N,308,47,FSU,14,FSU Message 14,CargoIMP,Y,01-FEB-14 11.45.53.0000000 AM,SYSTEM,,,1,,1,B,,,,
13.3.5,M,Airport Code of Delivery,aaa,313,,,N,309,47,FSU,14,FSU Message 14,CargoIMP,Y,01-FEB-14 11.45.53.0000000 AM,SYSTEM,,,1,,1,B,,,,
13.4,M,Quantity Detail AWD,,,,,N,310,47,FSU,14,FSU Message 14,CargoIMP,Y,01-FEB-14 11.45.53.0000000 AM,SYSTEM,,,1,,1,B,,,,
13.4.1,M,Separator,Slant,,,,N,311,47,FSU,14,FSU Message 14,CargoIMP,Y,01-FEB-14 11.45.53.0000000 AM,SYSTEM,,,1,,1,B,,,,
13.4.2,M,Shipment Description Code,a,703,Y,,N,312,47,FSU,14,FSU Message 14,CargoIMP,Y,01-FEB-14 11.45.53.0000000 AM,SYSTEM,,,1,,1,B,,,,
13.4.3,M,Number of Pieces,n[...4],701,,,N,313,47,FSU,14,FSU Message 14,CargoIMP,Y,01-FEB-14 11.45.53.0000000 AM,SYSTEM,,,1,,1,B,,,,
13.4.4,O,Weight Code,a,601,Y,,N,314,47,FSU,14,FSU Message 14,CargoIMP,Y,01-FEB-14 11.45.53.0000000 AM,SYSTEM,,,1,,1,B,,,,
13.4.5,O,Weight,n[...7]p,600,,,N,315,47,FSU,14,FSU Message 14,CargoIMP,Y,01-FEB-14 11.45.53.0000000 AM,SYSTEM,,,1,,1,B,,,,
13.5,O,Delivery to Detail,,,,,N,316,47,FSU,14,FSU Message 14,CargoIMP,Y,01-FEB-14 11.45.53.0000000 AM,SYSTEM,,,1,,1,B,,,,
13.5.1,M,Separator,Slant,,,,N,317,47,FSU,14,FSU Message 14,CargoIMP,Y,01-FEB-14 11.45.53.0000000 AM,SYSTEM,,,1,,1,B,,,,
13.5.2,M,Name,t[...35],300,,,N,318,47,FSU,14,FSU Message 14,CargoIMP,Y,01-FEB-14 11.45.53.0000000 AM,SYSTEM,,,1,,1,B,,,,
13.6,M,Separator,CRLF,,,,N,319,47,FSU,14,FSU Message 14,CargoIMP,Y,01-FEB-14 11.45.53.0000000 AM,SYSTEM,,,1,,1,B,,,,
14,O,Status Details CCD,,,,,N,320,47,FSU,14,FSU Message 14,CargoIMP,Y,01-FEB-14 11.45.53.0000000 AM,SYSTEM,,,1,,1,B,,,,
14.1,M,Status Code CCD,aaa,400,,CCD,N,321,47,FSU,14,FSU Message 14,CargoIMP,Y,01-FEB-14 11.45.53.0000000 AM,SYSTEM,,,1,,1,B,,,,
14.2,M,Separator,Slant,,,,N,322,47,FSU,14,FSU Message 14,CargoIMP,Y,01-FEB-14 11.45.53.0000000 AM,SYSTEM,,,1,,1,B,,,,
14.3,M,Movement Detail CCD,,,,,N,323,47,FSU,14,FSU Message 14,CargoIMP,Y,01-FEB-14 11.45.53.0000000 AM,SYSTEM,,,1,,1,B,,,,
14.3.1,M,Day of Clearance,nn,202,,,N,324,47,FSU,14,FSU Message 14,CargoIMP,Y,01-FEB-14 11.45.53.0000000 AM,SYSTEM,,,1,,1,B,,,,
14.3.2,M,Month of Clearance,aaa,201,,,N,325,47,FSU,14,FSU Message 14,CargoIMP,Y,01-FEB-14 11.45.53.0000000 AM,SYSTEM,,,1,,1,B,,,,
14.3.3,O,Actual Time,nnnn,203,,,N,326,47,FSU,14,FSU Message 14,CargoIMP,Y,01-FEB-14 11.45.53.0000000 AM,SYSTEM,,,1,,1,B,,,,
14.3.4,M,Separator,Slant,,,,N,327,47,FSU,14,FSU Message 14,CargoIMP,Y,01-FEB-14 11.45.53.0000000 AM,SYSTEM,,,1,,1,B,,,,
14.3.5,M,Airport Code of Clearance,aaa,313,,,N,328,47,FSU,14,FSU Message 14,CargoIMP,Y,01-FEB-14 11.45.53.0000000 AM,SYSTEM,,,1,,1,B,,,,
14.4,M,Quantity Detail CCD,,,,,N,329,47,FSU,14,FSU Message 14,CargoIMP,Y,01-FEB-14 11.45.53.0000000 AM,SYSTEM,,,1,,1,B,,,,
14.4.1,M,Separator,Slant,,,,N,330,47,FSU,14,FSU Message 14,CargoIMP,Y,01-FEB-14 11.45.53.0000000 AM,SYSTEM,,,1,,1,B,,,,
14.4.2,M,Shipment Description Code,a,703,Y,,N,331,47,FSU,14,FSU Message 14,CargoIMP,Y,01-FEB-14 11.45.53.0000000 AM,SYSTEM,,,1,,1,B,,,,
14.4.3,M,Number of Pieces,n[...4],701,,,N,332,47,FSU,14,FSU Message 14,CargoIMP,Y,01-FEB-14 11.45.53.0000000 AM,SYSTEM,,,1,,1,B,,,,
14.4.4,O,Weight Code,a,601,Y,,N,333,47,FSU,14,FSU Message 14,CargoIMP,Y,01-FEB-14 11.45.53.0000000 AM,SYSTEM,,,1,,1,B,,,,
14.4.5,O,Weight,n[...7]p,600,,,N,334,47,FSU,14,FSU Message 14,CargoIMP,Y,01-FEB-14 11.45.53.0000000 AM,SYSTEM,,,1,,1,B,,,,
14.5,M,Separator,CRLF,,,,N,335,47,FSU,14,FSU Message 14,CargoIMP,Y,01-FEB-14 11.45.53.0000000 AM,SYSTEM,,,1,,1,B,,,,
15,O,Status Details DLV,,,,,N,336,47,FSU,14,FSU Message 14,CargoIMP,Y,01-FEB-14 11.45.53.0000000 AM,SYSTEM,,,1,,1,B,,,,
15.1,M,Status Code DLV,aaa,400,,DLV,N,337,47,FSU,14,FSU Message 14,CargoIMP,Y,01-FEB-14 11.45.53.0000000 AM,SYSTEM,,,1,,1,B,,,,
15.2,M,Separator,Slant,,,,N,338,47,FSU,14,FSU Message 14,CargoIMP,Y,01-FEB-14 11.45.53.0000000 AM,SYSTEM,,,1,,1,B,,,,
15.3,M,Movement Detail DLV,,,,,N,339,47,FSU,14,FSU Message 14,CargoIMP,Y,01-FEB-14 11.45.53.0000000 AM,SYSTEM,,,1,,1,B,,,,
15.3.1,M,Day of Delivery,nn,202,,,N,340,47,FSU,14,FSU Message 14,CargoIMP,Y,01-FEB-14 11.45.53.0000000 AM,SYSTEM,,,1,,1,B,,,,
15.3.2,M,Month of Delivery,aaa,201,,,N,341,47,FSU,14,FSU Message 14,CargoIMP,Y,01-FEB-14 11.45.53.0000000 AM,SYSTEM,,,1,,1,B,,,,
15.3.3,O,Actual Time,nnnn,203,,,N,342,47,FSU,14,FSU Message 14,CargoIMP,Y,01-FEB-14 11.45.53.0000000 AM,SYSTEM,,,1,,1,B,,,,
15.3.4,M,Separator,Slant,,,,N,343,47,FSU,14,FSU Message 14,CargoIMP,Y,01-FEB-14 11.45.53.0000000 AM,SYSTEM,,,1,,1,B,,,,
15.3.5,M,Airport Code of Delivery,aaa,313,,,N,344,47,FSU,14,FSU Message 14,CargoIMP,Y,01-FEB-14 11.45.53.0000000 AM,SYSTEM,,,1,,1,B,,,,
15.4,M,Quantity Detail DLV,,,,,N,345,47,FSU,14,FSU Message 14,CargoIMP,Y,01-FEB-14 11.45.53.0000000 AM,SYSTEM,,,1,,1,B,,,,
15.4.1,M,Separator,Slant,,,,N,346,47,FSU,14,FSU Message 14,CargoIMP,Y,01-FEB-14 11.45.53.0000000 AM,SYSTEM,,,1,,1,B,,,,
15.4.2,M,Shipment Description Code,a,703,Y,,N,347,47,FSU,14,FSU Message 14,CargoIMP,Y,01-FEB-14 11.45.53.0000000 AM,SYSTEM,,,1,,1,B,,,,
15.4.3,M,Number of Pieces,n[...4],701,,,N,348,47,FSU,14,FSU Message 14,CargoIMP,Y,01-FEB-14 11.45.53.0000000 AM,SYSTEM,,,1,,1,B,,,,
15.4.4,O,Weight Code,a,601,Y,,N,349,47,FSU,14,FSU Message 14,CargoIMP,Y,01-FEB-14 11.45.53.0000000 AM,SYSTEM,,,1,,1,B,,,,
15.4.5,O,Weight,n[...7]p,600,,,N,350,47,FSU,14,FSU Message 14,CargoIMP,Y,01-FEB-14 11.45.53.0000000 AM,SYSTEM,,,1,,1,B,,,,
15.5,O,Delivery to Detail DLV,,,,,N,351,47,FSU,14,FSU Message 14,CargoIMP,Y,01-FEB-14 11.45.53.0000000 AM,SYSTEM,,,1,,1,B,,,,
15.5.1,M,Separator,Slant,,,,N,352,47,FSU,14,FSU Message 14,CargoIMP,Y,01-FEB-14 11.45.53.0000000 AM,SYSTEM,,,1,,1,B,,,,
15.5.2,M,Name,t[...35],300,,,N,353,47,FSU,14,FSU Message 14,CargoIMP,Y,01-FEB-14 11.45.53.0000000 AM,SYSTEM,,,1,,1,B,,,,
15.6,M,Separator,CRLF,,,,N,354,47,FSU,14,FSU Message 14,CargoIMP,Y,01-FEB-14 11.45.53.0000000 AM,SYSTEM,,,1,,1,B,,,,
16,O,Status Details DIS,,,,,N,355,47,FSU,14,FSU Message 14,CargoIMP,Y,01-FEB-14 11.45.53.0000000 AM,SYSTEM,,,1,,1,B,,,,
16.1,M,Status Code DIS,aaa,400,,DIS,N,356,47,FSU,14,FSU Message 14,CargoIMP,Y,01-FEB-14 11.45.53.0000000 AM,SYSTEM,,,1,,1,B,,,,
16.2,M,Separator,Slant,,,,N,357,47,FSU,14,FSU Message 14,CargoIMP,Y,01-FEB-14 11.45.53.0000000 AM,SYSTEM,,,1,,1,B,,,,
16.3,M,Movement Detail DIS,,,,,N,358,47,FSU,14,FSU Message 14,CargoIMP,Y,01-FEB-14 11.45.53.0000000 AM,SYSTEM,,,1,,1,B,,,,
16.3.1,O,Carrier Code,mm,312,,,N,359,47,FSU,14,FSU Message 14,CargoIMP,Y,01-FEB-14 11.45.53.0000000 AM,SYSTEM,,,1,,1,B,,,,
16.3.2,O,Flight Number,nnn(n)(a),800,,,N,360,47,FSU,14,FSU Message 14,CargoIMP,Y,01-FEB-14 11.45.53.0000000 AM,SYSTEM,,,1,,1,B,,,,
16.3.3,M,Separator,Slant,,,,N,361,47,FSU,14,FSU Message 14,CargoIMP,Y,01-FEB-14 11.45.53.0000000 AM,SYSTEM,,,1,,1,B,,,,
16.3.4,M,Day of Discrepancy,nn,202,,,N,362,47,FSU,14,FSU Message 14,CargoIMP,Y,01-FEB-14 11.45.53.0000000 AM,SYSTEM,,,1,,1,B,,,,
16.3.5,M,Month of Discrepancy,aaa,201,,,N,363,47,FSU,14,FSU Message 14,CargoIMP,Y,01-FEB-14 11.45.53.0000000 AM,SYSTEM,,,1,,1,B,,,,
16.3.6,O,Actual Time,nnnn,203,,,N,364,47,FSU,14,FSU Message 14,CargoIMP,Y,01-FEB-14 11.45.53.0000000 AM,SYSTEM,,,1,,1,B,,,,
16.3.7,M,Separator,Slant,,,,N,365,47,FSU,14,FSU Message 14,CargoIMP,Y,01-FEB-14 11.45.53.0000000 AM,SYSTEM,,,1,,1,B,,,,
16.3.8,M,Airport Code of Discrepancy,aaa,313,,,N,366,47,FSU,14,FSU Message 14,CargoIMP,Y,01-FEB-14 11.45.53.0000000 AM,SYSTEM,,,1,,1,B,,,,
16.4,M,Discrepancy Description DIS,,,,,N,367,47,FSU,14,FSU Message 14,CargoIMP,Y,01-FEB-14 11.45.53.0000000 AM,SYSTEM,,,1,,1,B,,,,
16.4.1,M,Separator,Slant,,,,N,368,47,FSU,14,FSU Message 14,CargoIMP,Y,01-FEB-14 11.45.53.0000000 AM,SYSTEM,,,1,,1,B,,,,
16.4.2,M,Discrepancy Code,aaaa,706,,,N,369,47,FSU,14,FSU Message 14,CargoIMP,Y,01-FEB-14 11.45.53.0000000 AM,SYSTEM,,,1,,1,B,,,,
16.5,M,Quantity Detail DIS,,,,,N,370,47,FSU,14,FSU Message 14,CargoIMP,Y,01-FEB-14 11.45.53.0000000 AM,SYSTEM,,,1,,1,B,,,,
16.5.1,M,Separator,Slant,,,,N,371,47,FSU,14,FSU Message 14,CargoIMP,Y,01-FEB-14 11.45.53.0000000 AM,SYSTEM,,,1,,1,B,,,,
16.5.2,M,Shipment Description Code,a,703,Y,,N,372,47,FSU,14,FSU Message 14,CargoIMP,Y,01-FEB-14 11.45.53.0000000 AM,SYSTEM,,,1,,1,B,,,,
16.5.3,M,Number of Pieces,n[...4],701,,,N,373,47,FSU,14,FSU Message 14,CargoIMP,Y,01-FEB-14 11.45.53.0000000 AM,SYSTEM,,,1,,1,B,,,,
16.5.4,O,Weight Code,a,601,Y,,N,374,47,FSU,14,FSU Message 14,CargoIMP,Y,01-FEB-14 11.45.53.0000000 AM,SYSTEM,,,1,,1,B,,,,
16.5.5,O,Weight,n[...7]p,600,,,N,375,47,FSU,14,FSU Message 14,CargoIMP,Y,01-FEB-14 11.45.53.0000000 AM,SYSTEM,,,1,,1,B,,,,
16.6,M,Separator,CRLF,,,,N,376,47,FSU,14,FSU Message 14,CargoIMP,Y,01-FEB-14 11.45.53.0000000 AM,SYSTEM,,,1,,1,B,,,,
17,O,Status Details CRC,,,,,N,377,47,FSU,14,FSU Message 14,CargoIMP,Y,01-FEB-14 11.45.53.0000000 AM,SYSTEM,,,1,,1,B,,,,
17.1,M,Status Code CRC,aaa,400,,CRC,N,378,47,FSU,14,FSU Message 14,CargoIMP,Y,01-FEB-14 11.45.53.0000000 AM,SYSTEM,,,1,,1,B,,,,
17.2,M,Separator,Slant,,,,N,379,47,FSU,14,FSU Message 14,CargoIMP,Y,01-FEB-14 11.45.53.0000000 AM,SYSTEM,,,1,,1,B,,,,
17.3,M,Reporting Detail,,,,,N,380,47,FSU,14,FSU Message 14,CargoIMP,Y,01-FEB-14 11.45.53.0000000 AM,SYSTEM,,,1,,1,B,,,,
17.3.1,M,Day of Reporting,nn,202,,,N,381,47,FSU,14,FSU Message 14,CargoIMP,Y,01-FEB-14 11.45.53.0000000 AM,SYSTEM,,,1,,1,B,,,,
17.3.2,M,Month of Reporting,aaa,201,,,N,382,47,FSU,14,FSU Message 14,CargoIMP,Y,01-FEB-14 11.45.53.0000000 AM,SYSTEM,,,1,,1,B,,,,
17.3.3,O,Actual Time,nnnn,203,,,N,383,47,FSU,14,FSU Message 14,CargoIMP,Y,01-FEB-14 11.45.53.0000000 AM,SYSTEM,,,1,,1,B,,,,
17.3.4,M,Separator,Slant,,,,N,384,47,FSU,14,FSU Message 14,CargoIMP,Y,01-FEB-14 11.45.53.0000000 AM,SYSTEM,,,1,,1,B,,,,
17.3.5,M,Airport Code of Reporting,aaa,313,,,N,385,47,FSU,14,FSU Message 14,CargoIMP,Y,01-FEB-14 11.45.53.0000000 AM,SYSTEM,,,1,,1,B,,,,
17.4,M,Quantity Detail CRC,,,,,N,386,47,FSU,14,FSU Message 14,CargoIMP,Y,01-FEB-14 11.45.53.0000000 AM,SYSTEM,,,1,,1,B,,,,
17.4.1,M,Separator,Slant,,,,N,387,47,FSU,14,FSU Message 14,CargoIMP,Y,01-FEB-14 11.45.53.0000000 AM,SYSTEM,,,1,,1,B,,,,
17.4.2,M,Shipment Description Code,a,703,Y,,N,388,47,FSU,14,FSU Message 14,CargoIMP,Y,01-FEB-14 11.45.53.0000000 AM,SYSTEM,,,1,,1,B,,,,
17.4.3,M,Number of Pieces,n[...4],701,,,N,389,47,FSU,14,FSU Message 14,CargoIMP,Y,01-FEB-14 11.45.53.0000000 AM,SYSTEM,,,1,,1,B,,,,
17.4.4,O,Weight Code,a,601,Y,,N,390,47,FSU,14,FSU Message 14,CargoIMP,Y,01-FEB-14 11.45.53.0000000 AM,SYSTEM,,,1,,1,B,,,,
17.4.5,O,Weight,n[...7]p,600,,,N,391,47,FSU,14,FSU Message 14,CargoIMP,Y,01-FEB-14 11.45.53.0000000 AM,SYSTEM,,,1,,1,B,,,,
17.5,O,Separator,Slant,,,,N,392,47,FSU,14,FSU Message 14,CargoIMP,Y,01-FEB-14 11.45.53.0000000 AM,SYSTEM,,,1,,1,B,,,,
17.6,O,Movement Detail CRC,,,,,N,393,47,FSU,14,FSU Message 14,CargoIMP,Y,01-FEB-14 11.45.53.0000000 AM,SYSTEM,,,1,,1,B,,,,
17.6.1,O,Carrier Code,mm,312,,,N,394,47,FSU,14,FSU Message 14,CargoIMP,Y,01-FEB-14 11.45.53.0000000 AM,SYSTEM,,,1,,1,B,,,,
17.6.2,O,Flight Number,nnn(n)(a),800,,,N,395,47,FSU,14,FSU Message 14,CargoIMP,Y,01-FEB-14 11.45.53.0000000 AM,SYSTEM,,,1,,1,B,,,,
17.6.3,M,Separator,Slant,,,,N,396,47,FSU,14,FSU Message 14,CargoIMP,Y,01-FEB-14 11.45.53.0000000 AM,SYSTEM,,,1,,1,B,,,,
17.6.4,O,Day of Scheduled Departure,nn,202,,,N,397,47,FSU,14,FSU Message 14,CargoIMP,Y,01-FEB-14 11.45.53.0000000 AM,SYSTEM,,,1,,1,B,,,,
17.6.5,O,Month of Scheduled Departure,aaa,201,,,N,398,47,FSU,14,FSU Message 14,CargoIMP,Y,01-FEB-14 11.45.53.0000000 AM,SYSTEM,,,1,,1,B,,,,
17.6.6,M,Separator,Slant,,,,N,399,47,FSU,14,FSU Message 14,CargoIMP,Y,01-FEB-14 11.45.53.0000000 AM,SYSTEM,,,1,,1,B,,,,
17.6.7,M,Airport Code of Departure,aaa,313,,,N,400,47,FSU,14,FSU Message 14,CargoIMP,Y,01-FEB-14 11.45.53.0000000 AM,SYSTEM,,,1,,1,B,,,,
17.6.8,M,Airport Code of Arrival,aaa,313,,,N,401,47,FSU,14,FSU Message 14,CargoIMP,Y,01-FEB-14 11.45.53.0000000 AM,SYSTEM,,,1,,1,B,,,,
17.7,M,Separator,CRLF,,,,N,402,47,FSU,14,FSU Message 14,CargoIMP,Y,01-FEB-14 11.45.53.0000000 AM,SYSTEM,,,1,,1,B,,,,
18,O,Status Details DDL,,,,,N,403,47,FSU,14,FSU Message 14,CargoIMP,Y,01-FEB-14 11.45.53.0000000 AM,SYSTEM,,,1,,1,B,,,,
18.1,M,Status Code DDL,aaa,400,,DDL,N,404,47,FSU,14,FSU Message 14,CargoIMP,Y,01-FEB-14 11.45.53.0000000 AM,SYSTEM,,,1,,1,B,,,,
18.2,M,Separator,Slant,,,,N,405,47,FSU,14,FSU Message 14,CargoIMP,Y,01-FEB-14 11.45.53.0000000 AM,SYSTEM,,,1,,1,B,,,,
18.3,M,Movement Detail DDL,,,,,N,406,47,FSU,14,FSU Message 14,CargoIMP,Y,01-FEB-14 11.45.53.0000000 AM,SYSTEM,,,1,,1,B,,,,
18.3.1,M,Day of Delivery ,nn,202,,,N,407,47,FSU,14,FSU Message 14,CargoIMP,Y,01-FEB-14 11.45.53.0000000 AM,SYSTEM,,,1,,1,B,,,,
18.3.2,M,Month of Delivery,aaa,201,,,N,408,47,FSU,14,FSU Message 14,CargoIMP,Y,01-FEB-14 11.45.53.0000000 AM,SYSTEM,,,1,,1,B,,,,
18.3.3,O,Actual Time,nnnn,203,,,N,409,47,FSU,14,FSU Message 14,CargoIMP,Y,01-FEB-14 11.45.53.0000000 AM,SYSTEM,,,1,,1,B,,,,
18.3.4,M,Separator,Slant,,,,N,410,47,FSU,14,FSU Message 14,CargoIMP,Y,01-FEB-14 11.45.53.0000000 AM,SYSTEM,,,1,,1,B,,,,
18.3.5,M,Airport Code of Delivery ,aaa,313,,,N,411,47,FSU,14,FSU Message 14,CargoIMP,Y,01-FEB-14 11.45.53.0000000 AM,SYSTEM,,,1,,1,B,,,,
18.4,M,Quantity Detail DDL,,,,,N,412,47,FSU,14,FSU Message 14,CargoIMP,Y,01-FEB-14 11.45.53.0000000 AM,SYSTEM,,,1,,1,B,,,,
18.4.1,M,Separator,Slant,,,,N,413,47,FSU,14,FSU Message 14,CargoIMP,Y,01-FEB-14 11.45.53.0000000 AM,SYSTEM,,,1,,1,B,,,,
18.4.2,M,Shipment Description Code ,a,703,Y,,N,414,47,FSU,14,FSU Message 14,CargoIMP,Y,01-FEB-14 11.45.53.0000000 AM,SYSTEM,,,1,,1,B,,,,
18.4.3,M,Number of Pieces,n[...4],701,,,N,415,47,FSU,14,FSU Message 14,CargoIMP,Y,01-FEB-14 11.45.53.0000000 AM,SYSTEM,,,1,,1,B,,,,
18.4.4,O,Weight Code,a,601,Y,,N,416,47,FSU,14,FSU Message 14,CargoIMP,Y,01-FEB-14 11.45.53.0000000 AM,SYSTEM,,,1,,1,B,,,,
18.4.5,O,Weight,n[...7]p,600,,,N,417,47,FSU,14,FSU Message 14,CargoIMP,Y,01-FEB-14 11.45.53.0000000 AM,SYSTEM,,,1,,1,B,,,,
18.5,O,Delivery to Detail DDL,,,,,N,418,47,FSU,14,FSU Message 14,CargoIMP,Y,01-FEB-14 11.45.53.0000000 AM,SYSTEM,,,1,,1,B,,,,
18.5.1,M,Separator,Slant,,,,N,419,47,FSU,14,FSU Message 14,CargoIMP,Y,01-FEB-14 11.45.53.0000000 AM,SYSTEM,,,1,,1,B,,,,
18.5.2,M,Name,t[...35],300,,,N,420,47,FSU,14,FSU Message 14,CargoIMP,Y,01-FEB-14 11.45.53.0000000 AM,SYSTEM,,,1,,1,B,,,,
18.6,M,Separator,CRLF,,,,N,421,47,FSU,14,FSU Message 14,CargoIMP,Y,01-FEB-14 11.45.53.0000000 AM,SYSTEM,,,1,,1,B,,,,
19,O,Status Details TGC,,,,,N,422,47,FSU,14,FSU Message 14,CargoIMP,Y,01-FEB-14 11.45.53.0000000 AM,SYSTEM,,,1,,1,B,,,,
19.1,M,Status Code TGC,aaa,400,,TGC,N,423,47,FSU,14,FSU Message 14,CargoIMP,Y,01-FEB-14 11.45.53.0000000 AM,SYSTEM,,,1,,1,B,,,,
19.2,M,Separator,Slant,,,,N,424,47,FSU,14,FSU Message 14,CargoIMP,Y,01-FEB-14 11.45.53.0000000 AM,SYSTEM,,,1,,1,B,,,,
19.3,M,Movement Detail TGC,,,,,N,425,47,FSU,14,FSU Message 14,CargoIMP,Y,01-FEB-14 11.45.53.0000000 AM,SYSTEM,,,1,,1,B,,,,
19.3.1,M,Day of Transfer,nn,202,,,N,426,47,FSU,14,FSU Message 14,CargoIMP,Y,01-FEB-14 11.45.53.0000000 AM,SYSTEM,,,1,,1,B,,,,
19.3.2,M,Month of Transfer,aaa,201,,,N,427,47,FSU,14,FSU Message 14,CargoIMP,Y,01-FEB-14 11.45.53.0000000 AM,SYSTEM,,,1,,1,B,,,,
19.3.3,O,Actual Time,nnnn,203,,,N,428,47,FSU,14,FSU Message 14,CargoIMP,Y,01-FEB-14 11.45.53.0000000 AM,SYSTEM,,,1,,1,B,,,,
19.3.4,M,Separator,Slant,,,,N,429,47,FSU,14,FSU Message 14,CargoIMP,Y,01-FEB-14 11.45.53.0000000 AM,SYSTEM,,,1,,1,B,,,,
19.3.5,M,Airport Code of Transfer,aaa,313,,,N,430,47,FSU,14,FSU Message 14,CargoIMP,Y,01-FEB-14 11.45.53.0000000 AM,SYSTEM,,,1,,1,B,,,,
19.4,M,Quantity Detail TGC,,,,,N,431,47,FSU,14,FSU Message 14,CargoIMP,Y,01-FEB-14 11.45.53.0000000 AM,SYSTEM,,,1,,1,B,,,,
19.4.1,M,Separator,Slant,,,,N,432,47,FSU,14,FSU Message 14,CargoIMP,Y,01-FEB-14 11.45.53.0000000 AM,SYSTEM,,,1,,1,B,,,,
19.4.2,M,Shipment Description Code,a,703,Y,,N,433,47,FSU,14,FSU Message 14,CargoIMP,Y,01-FEB-14 11.45.53.0000000 AM,SYSTEM,,,1,,1,B,,,,
19.4.3,M,Number of Pieces,n[...4],701,,,N,434,47,FSU,14,FSU Message 14,CargoIMP,Y,01-FEB-14 11.45.53.0000000 AM,SYSTEM,,,1,,1,B,,,,
19.4.4,O,Weight Code,a,601,Y,,N,435,47,FSU,14,FSU Message 14,CargoIMP,Y,01-FEB-14 11.45.53.0000000 AM,SYSTEM,,,1,,1,B,,,,
19.4.5,O,Weight,n[...7]p,600,,,N,436,47,FSU,14,FSU Message 14,CargoIMP,Y,01-FEB-14 11.45.53.0000000 AM,SYSTEM,,,1,,1,B,,,,
19.5,M,Separator,CRLF,,,,N,437,47,FSU,14,FSU Message 14,CargoIMP,Y,01-FEB-14 11.45.53.0000000 AM,SYSTEM,,,1,,1,B,,,,
20,O,Status Details ARR,,,,,N,438,47,FSU,14,FSU Message 14,CargoIMP,Y,01-FEB-14 11.45.53.0000000 AM,SYSTEM,,,1,,1,B,,,,
20.1,M,Status Code ARR,aaa,400,,ARR,N,439,47,FSU,14,FSU Message 14,CargoIMP,Y,01-FEB-14 11.45.53.0000000 AM,SYSTEM,,,1,,1,B,,,,
20.2,M,Separator,Slant,,,,N,440,47,FSU,14,FSU Message 14,CargoIMP,Y,01-FEB-14 11.45.53.0000000 AM,SYSTEM,,,1,,1,B,,,,
20.3,M,Movement Detail ARR,,,,,N,441,47,FSU,14,FSU Message 14,CargoIMP,Y,01-FEB-14 11.45.53.0000000 AM,SYSTEM,,,1,,1,B,,,,
20.3.1,O,Carrier Code,mm,312,,,N,442,47,FSU,14,FSU Message 14,CargoIMP,Y,01-FEB-14 11.45.53.0000000 AM,SYSTEM,,,1,,1,B,,,,
20.3.2,O,Flight Number,nnn(n)(a),800,,,N,443,47,FSU,14,FSU Message 14,CargoIMP,Y,01-FEB-14 11.45.53.0000000 AM,SYSTEM,,,1,,1,B,,,,
20.3.3,M,Separator,Slant,,,,N,444,47,FSU,14,FSU Message 14,CargoIMP,Y,01-FEB-14 11.45.53.0000000 AM,SYSTEM,,,1,,1,B,,,,
20.3.4,M,Day of Scheduled Arrival,nn,202,,,N,445,47,FSU,14,FSU Message 14,CargoIMP,Y,01-FEB-14 11.45.53.0000000 AM,SYSTEM,,,1,,1,B,,,,
20.3.5,M,Month of Scheduled Arrival,aaa,201,,,N,446,47,FSU,14,FSU Message 14,CargoIMP,Y,01-FEB-14 11.45.53.0000000 AM,SYSTEM,,,1,,1,B,,,,
20.3.6,O,Actual Time,nnnn,203,,,N,447,47,FSU,14,FSU Message 14,CargoIMP,Y,01-FEB-14 11.45.53.0000000 AM,SYSTEM,,,1,,1,B,,,,
20.3.7,O,Separator,Hyphen,,,,N,448,47,FSU,14,FSU Message 14,CargoIMP,Y,01-FEB-14 11.45.53.0000000 AM,SYSTEM,,,1,,1,B,,,,
20.3.8,O,Day Change Indicator,a,205,,,N,449,47,FSU,14,FSU Message 14,CargoIMP,Y,01-FEB-14 11.45.53.0000000 AM,SYSTEM,,,1,,1,B,,,,
20.3.9,M,Separator,Slant,,,,N,450,47,FSU,14,FSU Message 14,CargoIMP,Y,01-FEB-14 11.45.53.0000000 AM,SYSTEM,,,1,,1,B,,,,
20.3.10,M,Airport Code of Arrival,aaa,313,,,N,451,47,FSU,14,FSU Message 14,CargoIMP,Y,01-FEB-14 11.45.53.0000000 AM,SYSTEM,,,1,,1,B,,,,
20.4,M,Quantity Detail ARR,,,,,N,452,47,FSU,14,FSU Message 14,CargoIMP,Y,01-FEB-14 11.45.53.0000000 AM,SYSTEM,,,1,,1,B,,,,
20.4.1,M,Separator,Slant,,,,N,453,47,FSU,14,FSU Message 14,CargoIMP,Y,01-FEB-14 11.45.53.0000000 AM,SYSTEM,,,1,,1,B,,,,
20.4.2,M,Shipment Description Code,a,703,Y,,N,454,47,FSU,14,FSU Message 14,CargoIMP,Y,01-FEB-14 11.45.53.0000000 AM,SYSTEM,,,1,,1,B,,,,
20.4.3,M,Number of Pieces,n[...4],701,,,N,455,47,FSU,14,FSU Message 14,CargoIMP,Y,01-FEB-14 11.45.53.0000000 AM,SYSTEM,,,1,,1,B,,,,
20.4.4,O,Weight Code,a,601,Y,,N,456,47,FSU,14,FSU Message 14,CargoIMP,Y,01-FEB-14 11.45.53.0000000 AM,SYSTEM,,,1,,1,B,,,,
20.4.5,O,Weight,n[...7]p,600,,,N,457,47,FSU,14,FSU Message 14,CargoIMP,Y,01-FEB-14 11.45.53.0000000 AM,SYSTEM,,,1,,1,B,,,,
20.5,O,Separator,Slant,,,,N,458,47,FSU,14,FSU Message 14,CargoIMP,Y,01-FEB-14 11.45.53.0000000 AM,SYSTEM,,,1,,1,B,,,,
20.6,O,Time of Departure Information ARR,,,,,N,459,47,FSU,14,FSU Message 14,CargoIMP,Y,01-FEB-14 11.45.53.0000000 AM,SYSTEM,,,1,,1,B,,,,
20.6.1,M,Type of Time Indicator,a,206,,,N,460,47,FSU,14,FSU Message 14,CargoIMP,Y,01-FEB-14 11.45.53.0000000 AM,SYSTEM,,,1,,1,B,,,,
20.6.2,M,Time,nnnn,203,,,N,461,47,FSU,14,FSU Message 14,CargoIMP,Y,01-FEB-14 11.45.53.0000000 AM,SYSTEM,,,1,,1,B,,,,
20.6.3,O,Separator,Hyphen,,,,N,462,47,FSU,14,FSU Message 14,CargoIMP,Y,01-FEB-14 11.45.53.0000000 AM,SYSTEM,,,1,,1,B,,,,
20.6.4,O,Day Change Indicator,a,205,,,N,463,47,FSU,14,FSU Message 14,CargoIMP,Y,01-FEB-14 11.45.53.0000000 AM,SYSTEM,,,1,,1,B,,,,
20.7,O,Separator,Slant,,,,N,464,47,FSU,14,FSU Message 14,CargoIMP,Y,01-FEB-14 11.45.53.0000000 AM,SYSTEM,,,1,,1,B,,,,
20.8,O,Time of Arrival Information ARR,,,,,N,465,47,FSU,14,FSU Message 14,CargoIMP,Y,01-FEB-14 11.45.53.0000000 AM,SYSTEM,,,1,,1,B,,,,
20.8.1,M,Type of Time Indicator,a,206,,,N,466,47,FSU,14,FSU Message 14,CargoIMP,Y,01-FEB-14 11.45.53.0000000 AM,SYSTEM,,,1,,1,B,,,,
20.8.2,M,Time,nnnn,203,,,N,467,47,FSU,14,FSU Message 14,CargoIMP,Y,01-FEB-14 11.45.53.0000000 AM,SYSTEM,,,1,,1,B,,,,
20.8.3,O,Separator,Hyphen,,,,N,468,47,FSU,14,FSU Message 14,CargoIMP,Y,01-FEB-14 11.45.53.0000000 AM,SYSTEM,,,1,,1,B,,,,
20.8.4,O,Day Change Indicator,a,205,,,N,469,47,FSU,14,FSU Message 14,CargoIMP,Y,01-FEB-14 11.45.53.0000000 AM,SYSTEM,,,1,,1,B,,,,
20.9,M,Separator,CRLF,,,,N,470,47,FSU,14,FSU Message 14,CargoIMP,Y,01-FEB-14 11.45.53.0000000 AM,SYSTEM,,,1,,1,B,,,,
21,O,Status Details AWR,,,,,N,471,47,FSU,14,FSU Message 14,CargoIMP,Y,01-FEB-14 11.45.53.0000000 AM,SYSTEM,,,1,,1,B,,,,
21.1,M,Status Code AWR,aaa,400,,AWR,N,472,47,FSU,14,FSU Message 14,CargoIMP,Y,01-FEB-14 11.45.53.0000000 AM,SYSTEM,,,1,,1,B,,,,
21.2,M,Separator,Slant,,,,N,473,47,FSU,14,FSU Message 14,CargoIMP,Y,01-FEB-14 11.45.53.0000000 AM,SYSTEM,,,1,,1,B,,,,
21.3,M,Movement Detail AWR,,,,,N,474,47,FSU,14,FSU Message 14,CargoIMP,Y,01-FEB-14 11.45.53.0000000 AM,SYSTEM,,,1,,1,B,,,,
21.3.1,O,Carrier Code,mm,312,,,N,475,47,FSU,14,FSU Message 14,CargoIMP,Y,01-FEB-14 11.45.53.0000000 AM,SYSTEM,,,1,,1,B,,,,
21.3.2,O,Flight Number,nnn(n)(a),800,,,N,476,47,FSU,14,FSU Message 14,CargoIMP,Y,01-FEB-14 11.45.53.0000000 AM,SYSTEM,,,1,,1,B,,,,
21.3.3,M,Separator,Slant,,,,N,477,47,FSU,14,FSU Message 14,CargoIMP,Y,01-FEB-14 11.45.53.0000000 AM,SYSTEM,,,1,,1,B,,,,
21.3.4,M,Day of Scheduled Arrival,nn,202,,,N,478,47,FSU,14,FSU Message 14,CargoIMP,Y,01-FEB-14 11.45.53.0000000 AM,SYSTEM,,,1,,1,B,,,,
21.3.5,M,Month of Scheduled Arrival,aaa,201,,,N,479,47,FSU,14,FSU Message 14,CargoIMP,Y,01-FEB-14 11.45.53.0000000 AM,SYSTEM,,,1,,1,B,,,,
21.3.6,O,Actual Time,nnnn,203,,,N,480,47,FSU,14,FSU Message 14,CargoIMP,Y,01-FEB-14 11.45.53.0000000 AM,SYSTEM,,,1,,1,B,,,,
21.3.7,O,Separator,Hyphen,,,,N,481,47,FSU,14,FSU Message 14,CargoIMP,Y,01-FEB-14 11.45.53.0000000 AM,SYSTEM,,,1,,1,B,,,,
21.3.8,O,Day Change Indicator,a,205,,,N,482,47,FSU,14,FSU Message 14,CargoIMP,Y,01-FEB-14 11.45.53.0000000 AM,SYSTEM,,,1,,1,B,,,,
21.3.9,M,Separator,Slant,,,,N,483,47,FSU,14,FSU Message 14,CargoIMP,Y,01-FEB-14 11.45.53.0000000 AM,SYSTEM,,,1,,1,B,,,,
21.3.10,M,Airport Code of Arrival,aaa,313,,,N,484,47,FSU,14,FSU Message 14,CargoIMP,Y,01-FEB-14 11.45.53.0000000 AM,SYSTEM,,,1,,1,B,,,,
21.4,M,Quantity Detail AWR,,,,,N,485,47,FSU,14,FSU Message 14,CargoIMP,Y,01-FEB-14 11.45.53.0000000 AM,SYSTEM,,,1,,1,B,,,,
21.4.1,M,Separator,Slant,,,,N,486,47,FSU,14,FSU Message 14,CargoIMP,Y,01-FEB-14 11.45.53.0000000 AM,SYSTEM,,,1,,1,B,,,,
21.4.2,M,Shipment Description Code,a,703,Y,,N,487,47,FSU,14,FSU Message 14,CargoIMP,Y,01-FEB-14 11.45.53.0000000 AM,SYSTEM,,,1,,1,B,,,,
21.4.3,M,Number of Pieces,n[...4],701,,,N,488,47,FSU,14,FSU Message 14,CargoIMP,Y,01-FEB-14 11.45.53.0000000 AM,SYSTEM,,,1,,1,B,,,,
21.4.4,O,Weight Code,a,601,Y,,N,489,47,FSU,14,FSU Message 14,CargoIMP,Y,01-FEB-14 11.45.53.0000000 AM,SYSTEM,,,1,,1,B,,,,
21.4.5,O,Weight,n[...7]p,600,,,N,490,47,FSU,14,FSU Message 14,CargoIMP,Y,01-FEB-14 11.45.53.0000000 AM,SYSTEM,,,1,,1,B,,,,
21.5,O,Separator,Slant,,,,N,491,47,FSU,14,FSU Message 14,CargoIMP,Y,01-FEB-14 11.45.53.0000000 AM,SYSTEM,,,1,,1,B,,,,
21.6,O,Time of Departure Information AWR,,,,,N,492,47,FSU,14,FSU Message 14,CargoIMP,Y,01-FEB-14 11.45.53.0000000 AM,SYSTEM,,,1,,1,B,,,,
21.6.1,M,Type of Time Indicator,a,206,,,N,493,47,FSU,14,FSU Message 14,CargoIMP,Y,01-FEB-14 11.45.53.0000000 AM,SYSTEM,,,1,,1,B,,,,
21.6.2,M,Time,nnnn,203,,,N,494,47,FSU,14,FSU Message 14,CargoIMP,Y,01-FEB-14 11.45.53.0000000 AM,SYSTEM,,,1,,1,B,,,,
21.6.3,O,Separator,Hyphen,,,,N,495,47,FSU,14,FSU Message 14,CargoIMP,Y,01-FEB-14 11.45.53.0000000 AM,SYSTEM,,,1,,1,B,,,,
21.6.4,O,Day Change Indicator,a,205,,,N,496,47,FSU,14,FSU Message 14,CargoIMP,Y,01-FEB-14 11.45.53.0000000 AM,SYSTEM,,,1,,1,B,,,,
21.7,O,Separator,Slant,,,,N,497,47,FSU,14,FSU Message 14,CargoIMP,Y,01-FEB-14 11.45.53.0000000 AM,SYSTEM,,,1,,1,B,,,,
21.8,O,Time of Arrival Information AWR,,,,,N,498,47,FSU,14,FSU Message 14,CargoIMP,Y,01-FEB-14 11.45.53.0000000 AM,SYSTEM,,,1,,1,B,,,,
21.8.1,M,Type of Time Indicator,a,206,,,N,499,47,FSU,14,FSU Message 14,CargoIMP,Y,01-FEB-14 11.45.53.0000000 AM,SYSTEM,,,1,,1,B,,,,
21.8.2,M,Time,nnnn,203,,,N,500,47,FSU,14,FSU Message 14,CargoIMP,Y,01-FEB-14 11.45.53.0000000 AM,SYSTEM,,,1,,1,B,,,,
21.8.3,O,Separator,Hyphen,,,,N,501,47,FSU,14,FSU Message 14,CargoIMP,Y,01-FEB-14 11.45.53.0000000 AM,SYSTEM,,,1,,1,B,,,,
21.8.4,O,Day Change Indicator,a,205,,,N,502,47,FSU,14,FSU Message 14,CargoIMP,Y,01-FEB-14 11.45.53.0000000 AM,SYSTEM,,,1,,1,B,,,,
21.9,M,Separator,CRLF,,,,N,503,47,FSU,14,FSU Message 14,CargoIMP,Y,01-FEB-14 11.45.53.0000000 AM,SYSTEM,,,1,,1,B,,,,
22,O,Status Details FOH,,,,,N,504,47,FSU,14,FSU Message 14,CargoIMP,Y,01-FEB-14 11.45.53.0000000 AM,SYSTEM,,,1,,1,B,,,,
22.1,M,Status Code FOH,aaa,400,,FOH,N,505,47,FSU,14,FSU Message 14,CargoIMP,Y,01-FEB-14 11.45.53.0000000 AM,SYSTEM,,,1,,1,B,,,,
22.2,M,Separator,Slant,,,,N,506,47,FSU,14,FSU Message 14,CargoIMP,Y,01-FEB-14 11.45.53.0000000 AM,SYSTEM,,,1,,1,B,,,,
22.3,M,Movement Detail FOH,,,,,N,507,47,FSU,14,FSU Message 14,CargoIMP,Y,01-FEB-14 11.45.53.0000000 AM,SYSTEM,,,1,,1,B,,,,
22.3.1,M,Day of Receipt,nn,202,,,N,508,47,FSU,14,FSU Message 14,CargoIMP,Y,01-FEB-14 11.45.53.0000000 AM,SYSTEM,,,1,,1,B,,,,
22.3.2,M,Month of Receipt,aaa,201,,,N,509,47,FSU,14,FSU Message 14,CargoIMP,Y,01-FEB-14 11.45.53.0000000 AM,SYSTEM,,,1,,1,B,,,,
22.3.3,O,Actual Time,nnnn,203,,,N,510,47,FSU,14,FSU Message 14,CargoIMP,Y,01-FEB-14 11.45.53.0000000 AM,SYSTEM,,,1,,1,B,,,,
22.3.4,M,Separator,Slant,,,,N,511,47,FSU,14,FSU Message 14,CargoIMP,Y,01-FEB-14 11.45.53.0000000 AM,SYSTEM,,,1,,1,B,,,,
22.3.5,M,Airport Code of Receipt,aaa,313,,,N,512,47,FSU,14,FSU Message 14,CargoIMP,Y,01-FEB-14 11.45.53.0000000 AM,SYSTEM,,,1,,1,B,,,,
22.4,M,Quantity Detail FOH,,,,,N,513,47,FSU,14,FSU Message 14,CargoIMP,Y,01-FEB-14 11.45.53.0000000 AM,SYSTEM,,,1,,1,B,,,,
22.4.1,M,Separator,Slant,,,,N,514,47,FSU,14,FSU Message 14,CargoIMP,Y,01-FEB-14 11.45.53.0000000 AM,SYSTEM,,,1,,1,B,,,,
22.4.2,M,Shipment Description Code,a,703,Y,,N,515,47,FSU,14,FSU Message 14,CargoIMP,Y,01-FEB-14 11.45.53.0000000 AM,SYSTEM,,,1,,1,B,,,,
22.4.3,M,Number of Pieces,n[...4],701,,,N,516,47,FSU,14,FSU Message 14,CargoIMP,Y,01-FEB-14 11.45.53.0000000 AM,SYSTEM,,,1,,1,B,,,,
22.4.4,O,Weight Code,a,601,Y,,N,517,47,FSU,14,FSU Message 14,CargoIMP,Y,01-FEB-14 11.45.53.0000000 AM,SYSTEM,,,1,,1,B,,,,
22.4.5,O,Weight,n[...7]p,600,,,N,518,47,FSU,14,FSU Message 14,CargoIMP,Y,01-FEB-14 11.45.53.0000000 AM,SYSTEM,,,1,,1,B,,,,
22.5,O,Received from Detail,,,,,N,519,47,FSU,14,FSU Message 14,CargoIMP,Y,01-FEB-14 11.45.53.0000000 AM,SYSTEM,,,1,,1,B,,,,
22.5.1,M,Separator,Slant,,,,N,520,47,FSU,14,FSU Message 14,CargoIMP,Y,01-FEB-14 11.45.53.0000000 AM,SYSTEM,,,1,,1,B,,,,
22.5.2,M,Name,t[...35],300,,,N,521,47,FSU,14,FSU Message 14,CargoIMP,Y,01-FEB-14 11.45.53.0000000 AM,SYSTEM,,,1,,1,B,,,,
22.6,M,Separator,CRLF,,,,N,522,47,FSU,14,FSU Message 14,CargoIMP,Y,01-FEB-14 11.45.53.0000000 AM,SYSTEM,,,1,,1,B,,,,
22.7,O,Separator,Slant,,,,N,523,47,FSU,14,FSU Message 14,CargoIMP,Y,01-FEB-14 11.45.53.0000000 AM,SYSTEM,,,1,,1,B,,,,
22.8,O,Volume Detail,,,,,N,524,47,FSU,14,FSU Message 14,CargoIMP,Y,01-FEB-14 11.45.53.0000000 AM,SYSTEM,,,1,,1,B,,,,
22.8.1,M,Volume Code,aa,604,Y,,N,525,47,FSU,14,FSU Message 14,CargoIMP,Y,01-FEB-14 11.45.53.0000000 AM,SYSTEM,,,1,,1,B,,,,
22.8.2,M,Volume Amount,n[...9]p,500,,,N,526,47,FSU,14,FSU Message 14,CargoIMP,Y,01-FEB-14 11.45.53.0000000 AM,SYSTEM,,,1,,1,B,,,,
22.9,O,Density Group,,,,,N,527,47,FSU,14,FSU Message 14,CargoIMP,Y,01-FEB-14 11.45.53.0000000 AM,SYSTEM,,,1,,1,B,,,,
22.9.1,M,Density Indicator,aa,603,,DG,N,528,47,FSU,14,FSU Message 14,CargoIMP,Y,01-FEB-14 11.45.53.0000000 AM,SYSTEM,,,1,,1,B,,,,
22.9.2,M,Density Group,n[...2],602,,,N,529,47,FSU,14,FSU Message 14,CargoIMP,Y,01-FEB-14 11.45.53.0000000 AM,SYSTEM,,,1,,1,B,,,,
22.10,O,Separator,CRLF,,,,N,530,47,FSU,14,FSU Message 14,CargoIMP,Y,01-FEB-14 11.45.53.0000000 AM,SYSTEM,,,1,,1,B,,,,
23,O,Other Customs Info,,,,,N,531,47,FSU,14,FSU Message 14,CargoIMP,Y,01-FEB-14 11.45.53.0000000 AM,SYSTEM,,,1,,1,B,,,,
23.1,M,Line Identifier OCI,aaa,103,,OCI,N,532,47,FSU,14,FSU Message 14,CargoIMP,Y,01-FEB-14 11.45.53.0000000 AM,SYSTEM,,,1,,1,B,,,,
23.2,M,Separator,Slant,,,,N,533,47,FSU,14,FSU Message 14,CargoIMP,Y,01-FEB-14 11.45.53.0000000 AM,SYSTEM,,,1,,1,B,,,,
23.3,O,ISO Country Code,aa,304,,,N,534,47,FSU,14,FSU Message 14,CargoIMP,Y,01-FEB-14 11.45.53.0000000 AM,SYSTEM,,,1,,1,B,,,,
23.4,M,Separator,Slant,,,,N,535,47,FSU,14,FSU Message 14,CargoIMP,Y,01-FEB-14 11.45.53.0000000 AM,SYSTEM,,,1,,1,B,,,,
23.5,O,Information Identifier,aaa,103,,,N,536,47,FSU,14,FSU Message 14,CargoIMP,Y,01-FEB-14 11.45.53.0000000 AM,SYSTEM,,,1,,1,B,,,,
23.6,M,Separator,Slant,,,,N,537,47,FSU,14,FSU Message 14,CargoIMP,Y,01-FEB-14 11.45.53.0000000 AM,SYSTEM,,,1,,1,B,,,,
23.7,M,Customs Information,,,,,N,538,47,FSU,14,FSU Message 14,CargoIMP,Y,01-FEB-14 11.45.53.0000000 AM,SYSTEM,,,1,,1,B,,,,
23.7.1,M,Customs Information Identifier,a[...2],941,,,N,539,47,FSU,14,FSU Message 14,CargoIMP,Y,01-FEB-14 11.45.53.0000000 AM,SYSTEM,,,1,,1,B,,,,
23.8,M,Separator,Slant,,,,N,540,47,FSU,14,FSU Message 14,CargoIMP,Y,01-FEB-14 11.45.53.0000000 AM,SYSTEM,,,1,,1,B,,,,
23.9,M,Supplementary Customs  Information,t[...35],940,,,N,541,47,FSU,14,FSU Message 14,CargoIMP,Y,01-FEB-14 11.45.53.0000000 AM,SYSTEM,,,1,,1,B,,,,
23.10,M,Separator,CRLF,,,,N,542,47,FSU,14,FSU Message 14,CargoIMP,Y,01-FEB-14 11.45.53.0000000 AM,SYSTEM,,,1,,1,B,,,,
24,O,ULD Description,,,,,N,543,47,FSU,14,FSU Message 14,CargoIMP,Y,01-FEB-14 11.45.53.0000000 AM,SYSTEM,,,1,,1,B,,,,
24.1,M,Line Identifier,aaa,103,,ULD,N,544,47,FSU,14,FSU Message 14,CargoIMP,Y,01-FEB-14 11.45.53.0000000 AM,SYSTEM,,,1,,1,B,,,,
24.2,M,Separator,Slant,,,,N,545,47,FSU,14,FSU Message 14,CargoIMP,Y,01-FEB-14 11.45.53.0000000 AM,SYSTEM,,,1,,1,B,,,,
24.3,M,ULD Identification,,,,,N,546,47,FSU,14,FSU Message 14,CargoIMP,Y,01-FEB-14 11.45.53.0000000 AM,SYSTEM,,,1,,1,B,,,,
24.3.1,M,ULD Type,amm,802,,,N,547,47,FSU,14,FSU Message 14,CargoIMP,Y,01-FEB-14 11.45.53.0000000 AM,SYSTEM,,,1,,1,B,,,,
24.3.2,M,ULD Serial Number,mnnn(n),115,,,N,548,47,FSU,14,FSU Message 14,CargoIMP,Y,01-FEB-14 11.45.53.0000000 AM,SYSTEM,,,1,,1,B,,,,
24.3.3,M,ULD Owner Code,mm,801,,,N,549,47,FSU,14,FSU Message 14,CargoIMP,Y,01-FEB-14 11.45.53.0000000 AM,SYSTEM,,,1,,1,B,,,,
24.4,O,ULD Position Information,,,,,N,550,47,FSU,14,FSU Message 14,CargoIMP,Y,01-FEB-14 11.45.53.0000000 AM,SYSTEM,,,1,,1,B,,,,
24.4.1,M,Separator,Hyphen,,,,N,551,47,FSU,14,FSU Message 14,CargoIMP,Y,01-FEB-14 11.45.53.0000000 AM,SYSTEM,,,1,,1,B,,,,
24.4.2,M,ULD Loading Indicator,a,811,,,N,552,47,FSU,14,FSU Message 14,CargoIMP,Y,01-FEB-14 11.45.53.0000000 AM,SYSTEM,,,1,,1,B,,,,
24.5,O,Separator,CRLF,,,,N,553,47,FSU,14,FSU Message 14,CargoIMP,Y,01-FEB-14 11.45.53.0000000 AM,SYSTEM,,,1,,1,B,,,,
25,O,Other Service Information,,,,,N,554,47,FSU,14,FSU Message 14,CargoIMP,Y,01-FEB-14 11.45.53.0000000 AM,SYSTEM,,,1,,1,B,,,,
25.1,M,Line Identifier,aaa,103,,OSI,N,555,47,FSU,14,FSU Message 14,CargoIMP,Y,01-FEB-14 11.45.53.0000000 AM,SYSTEM,,,1,,1,B,,,,
25.2,M,OSI Details,,,,,N,556,47,FSU,14,FSU Message 14,CargoIMP,Y,01-FEB-14 11.45.53.0000000 AM,SYSTEM,,,1,,1,B,,,,
25.2.1,M,Separator,Slant,,,,N,557,47,FSU,14,FSU Message 14,CargoIMP,Y,01-FEB-14 11.45.53.0000000 AM,SYSTEM,,,1,,1,B,,,,
25.2.2,M,Other Service Information,t[...65],405,,,N,558,47,FSU,14,FSU Message 14,CargoIMP,Y,01-FEB-14 11.45.53.0000000 AM,SYSTEM,,,1,,1,B,,,,
25.2.3,M,Separator,CRLF,,,,N,559,47,FSU,14,FSU Message 14,CargoIMP,Y,01-FEB-14 11.45.53.0000000 AM,SYSTEM,,,1,,1,B,,,,
