,msgstructdef_id,msgver_id,ref_num_code,cndn_code,msg_data_element_name,data_format,data_element_code,data_element_chk_ind,fixed_val,ignore_record_ind,sort_seq_num,msgver_id,msg_id,msg_typ,msg_ver,rmk,msg_std_code,def_msg_ind,cre_datt_bu,cre_by,mod_datt_bu,mod_by,txn_id,ver_id,eix_id,par_fmtr_ind
4792,6076,69,1,M,Standard Message Identification,,,,,N,1,69,16,FWB,17,FWB Message 17,CargoIMP,,01-FEB-14 11.45.52.0000000 AM,SYSTEM,20-FEB-18 10.00.47.9300000 AM,02276,1.51911E+17,,10,B
4793,6077,69,1.1,M,Message Type,aaa,101,,FWB,N,2,69,16,FWB,17,FWB Message 17,CargoIMP,,01-FEB-14 11.45.52.0000000 AM,SYSTEM,20-FEB-18 10.00.47.9300000 AM,02276,1.51911E+17,,10,B
4794,6078,69,1.2,M,Separator,Slant,,,,N,3,69,16,FWB,17,FWB Message 17,CargoIMP,,01-FEB-14 11.45.52.0000000 AM,SYSTEM,20-FEB-18 10.00.47.9300000 AM,02276,1.51911E+17,,10,B
4795,6079,69,1.3,M,Message Version,n[...3],124,,,N,4,69,16,FWB,17,FWB Message 17,CargoIMP,,01-FEB-14 11.45.52.0000000 AM,SYSTEM,20-FEB-18 10.00.47.9300000 AM,02276,1.51911E+17,,10,B
4796,6080,69,1.4,M,Separator,CRLF,,,,N,5,69,16,FWB,17,FWB Message 17,CargoIMP,,01-FEB-14 11.45.52.0000000 AM,SYSTEM,20-FEB-18 10.00.47.9300000 AM,02276,1.51911E+17,,10,B
4797,6081,69,2,M,AWB Consignment Details,,,,,N,6,69,16,FWB,17,FWB Message 17,CargoIMP,,01-FEB-14 11.45.52.0000000 AM,SYSTEM,20-FEB-18 10.00.47.9300000 AM,02276,1.51911E+17,,10,B
4798,6082,69,2.1,M,AWB Identification,,,,,N,7,69,16,FWB,17,FWB Message 17,CargoIMP,,01-FEB-14 11.45.52.0000000 AM,SYSTEM,20-FEB-18 10.00.47.9300000 AM,02276,1.51911E+17,,10,B
4799,6083,69,2.1.1,M,pcf:Airline Prefix,nnn,112,,,N,8,69,16,FWB,17,FWB Message 17,CargoIMP,,01-FEB-14 11.45.52.0000000 AM,SYSTEM,20-FEB-18 10.00.47.9300000 AM,02276,1.51911E+17,,10,B
4800,6084,69,2.1.2,M,Separator,Hyphen,,,,N,9,69,16,FWB,17,FWB Message 17,CargoIMP,,01-FEB-14 11.45.52.0000000 AM,SYSTEM,20-FEB-18 10.00.47.9300000 AM,02276,1.51911E+17,,10,B
4801,6085,69,2.1.3,M,AWB Serial Number,n[8],113,,,N,10,69,16,FWB,17,FWB Message 17,CargoIMP,,01-FEB-14 11.45.52.0000000 AM,SYSTEM,20-FEB-18 10.00.47.9300000 AM,02276,1.51911E+17,,10,B
4802,6086,69,2.2,M,AWB Origin and Destination,,,,,N,11,69,16,FWB,17,FWB Message 17,CargoIMP,,01-FEB-14 11.45.52.0000000 AM,SYSTEM,20-FEB-18 10.00.47.9300000 AM,02276,1.51911E+17,,10,B
4803,6087,69,2.2.1,M,Airport Code Origin,aaa,313,,,N,12,69,16,FWB,17,FWB Message 17,CargoIMP,,01-FEB-14 11.45.52.0000000 AM,SYSTEM,20-FEB-18 10.00.47.9300000 AM,02276,1.51911E+17,,10,B
4804,6088,69,2.2.2,M,Airport Code Destination,aaa,313,,,N,13,69,16,FWB,17,FWB Message 17,CargoIMP,,01-FEB-14 11.45.52.0000000 AM,SYSTEM,20-FEB-18 10.00.47.9300000 AM,02276,1.51911E+17,,10,B
4805,6089,69,2.3,M,Quantitiy Detail,,,,,N,14,69,16,FWB,17,FWB Message 17,CargoIMP,,01-FEB-14 11.45.52.0000000 AM,SYSTEM,20-FEB-18 10.00.47.9300000 AM,02276,1.51911E+17,,10,B
4806,6090,69,2.3.1,M,Separator,Slant,,,,N,15,69,16,FWB,17,FWB Message 17,CargoIMP,,01-FEB-14 11.45.52.0000000 AM,SYSTEM,20-FEB-18 10.00.47.9300000 AM,02276,1.51911E+17,,10,B
4807,6091,69,2.3.2,M,Shipment Description Code,a,703,,T,N,16,69,16,FWB,17,FWB Message 17,CargoIMP,,01-FEB-14 11.45.52.0000000 AM,SYSTEM,20-FEB-18 10.00.47.9300000 AM,02276,1.51911E+17,,10,B
4808,6092,69,2.3.3,M,Number of pieces,n[...5],701,,,N,17,69,16,FWB,17,FWB Message 17,CargoIMP,,01-FEB-14 11.45.52.0000000 AM,SYSTEM,20-FEB-18 10.00.47.9300000 AM,02276,1.51911E+17,,10,B
4809,6093,69,2.3.4,M,Weight Code,a,601,Y,,N,18,69,16,FWB,17,FWB Message 17,CargoIMP,,01-FEB-14 11.45.52.0000000 AM,SYSTEM,20-FEB-18 10.00.47.9300000 AM,02276,1.51911E+17,,10,B
4810,6094,69,2.3.5,M,Weight,n[...7]p,600,,,N,19,69,16,FWB,17,FWB Message 17,CargoIMP,,01-FEB-14 11.45.52.0000000 AM,SYSTEM,20-FEB-18 10.00.47.9300000 AM,02276,1.51911E+17,,10,B
4811,6095,69,2.4,O,Volume Detail,,,,,N,20,69,16,FWB,17,FWB Message 17,CargoIMP,,01-FEB-14 11.45.52.0000000 AM,SYSTEM,20-FEB-18 10.00.47.9300000 AM,02276,1.51911E+17,,10,B
4812,6096,69,2.4.1,M,Volume Code,aa,604,Y,,N,21,69,16,FWB,17,FWB Message 17,CargoIMP,,01-FEB-14 11.45.52.0000000 AM,SYSTEM,20-FEB-18 10.00.47.9300000 AM,02276,1.51911E+17,,10,B
4813,6097,69,2.4.2,M,Volume Amount,n[..9]p,500,,,N,22,69,16,FWB,17,FWB Message 17,CargoIMP,,01-FEB-14 11.45.52.0000000 AM,SYSTEM,20-FEB-18 10.00.47.9300000 AM,02276,1.51911E+17,,10,B
4814,6098,69,2.5,O,Density Group,,,,,N,23,69,16,FWB,17,FWB Message 17,CargoIMP,,01-FEB-14 11.45.52.0000000 AM,SYSTEM,20-FEB-18 10.00.47.9300000 AM,02276,1.51911E+17,,10,B
4815,6099,69,2.5.1,M,Density Indicator,aa,603,,DG,N,24,69,16,FWB,17,FWB Message 17,CargoIMP,,01-FEB-14 11.45.52.0000000 AM,SYSTEM,20-FEB-18 10.00.47.9300000 AM,02276,1.51911E+17,,10,B
4816,6100,69,2.5.2,M,Density Group,n[..2],602,,,N,25,69,16,FWB,17,FWB Message 17,CargoIMP,,01-FEB-14 11.45.52.0000000 AM,SYSTEM,20-FEB-18 10.00.47.9300000 AM,02276,1.51911E+17,,10,B
4817,6101,69,2.6,M,Separator,CRLF,,,,N,26,69,16,FWB,17,FWB Message 17,CargoIMP,,01-FEB-14 11.45.52.0000000 AM,SYSTEM,20-FEB-18 10.00.47.9300000 AM,02276,1.51911E+17,,10,B
4818,6102,69,3,O,Flight Bookings,,,,,N,27,69,16,FWB,17,FWB Message 17,CargoIMP,,01-FEB-14 11.45.52.0000000 AM,SYSTEM,20-FEB-18 10.00.47.9300000 AM,02276,1.51911E+17,,10,B
4819,6103,69,3.1,M,Line Identifier,aaa,,,FLT,N,28,69,16,FWB,17,FWB Message 17,CargoIMP,,01-FEB-14 11.45.52.0000000 AM,SYSTEM,20-FEB-18 10.00.47.9300000 AM,02276,1.51911E+17,,10,B
4820,6104,69,3.2,M,Flight Identification,,,,,N,29,69,16,FWB,17,FWB Message 17,CargoIMP,,01-FEB-14 11.45.52.0000000 AM,SYSTEM,20-FEB-18 10.00.47.9300000 AM,02276,1.51911E+17,,10,B
4821,6105,69,3.2.1,M,Separator,Slant,,,,N,30,69,16,FWB,17,FWB Message 17,CargoIMP,,01-FEB-14 11.45.52.0000000 AM,SYSTEM,20-FEB-18 10.00.47.9300000 AM,02276,1.51911E+17,,10,B
4822,6106,69,3.2.2,M,cf:Flight Carrier Code,mm(a),312,,,N,31,69,16,FWB,17,FWB Message 17,CargoIMP,,01-FEB-14 11.45.52.0000000 AM,SYSTEM,20-FEB-18 10.00.47.9300000 AM,02276,1.51911E+17,,10,B
4823,6107,69,3.2.3,M,Flight Number,nnn(n)(a),800,,,N,32,69,16,FWB,17,FWB Message 17,CargoIMP,,01-FEB-14 11.45.52.0000000 AM,SYSTEM,20-FEB-18 10.00.47.9300000 AM,02276,1.51911E+17,,10,B
4824,6108,69,3.2.4,M,Separator,Slant,,,,N,33,69,16,FWB,17,FWB Message 17,CargoIMP,,01-FEB-14 11.45.52.0000000 AM,SYSTEM,20-FEB-18 10.00.47.9300000 AM,02276,1.51911E+17,,10,B
4825,6109,69,3.2.5,M,pcf:Day,n(n),202,,,N,34,69,16,FWB,17,FWB Message 17,CargoIMP,,01-FEB-14 11.45.52.0000000 AM,SYSTEM,20-FEB-18 10.00.47.9300000 AM,02276,1.51911E+17,,10,B
4826,11337,69,3.3,M,Separator,CRLF,,,,N,35,69,16,FWB,17,FWB Message 17,CargoIMP,,01-FEB-14 11.45.52.0000000 AM,SYSTEM,20-FEB-18 10.00.47.9300000 AM,02276,1.51911E+17,,10,B
4827,6110,69,4,M,Routing,,,,,N,36,69,16,FWB,17,FWB Message 17,CargoIMP,,01-FEB-14 11.45.52.0000000 AM,SYSTEM,20-FEB-18 10.00.47.9300000 AM,02276,1.51911E+17,,10,B
4828,6111,69,4.1,M,Line Identifier,aaa,103,,RTG,N,37,69,16,FWB,17,FWB Message 17,CargoIMP,,01-FEB-14 11.45.52.0000000 AM,SYSTEM,20-FEB-18 10.00.47.9300000 AM,02276,1.51911E+17,,10,B
4829,6112,69,4.2,M,First Destination,,,,,N,38,69,16,FWB,17,FWB Message 17,CargoIMP,,01-FEB-14 11.45.52.0000000 AM,SYSTEM,20-FEB-18 10.00.47.9300000 AM,02276,1.51911E+17,,10,B
4830,6113,69,4.2.1,M,Separator,Slant,,,,N,39,69,16,FWB,17,FWB Message 17,CargoIMP,,01-FEB-14 11.45.52.0000000 AM,SYSTEM,20-FEB-18 10.00.47.9300000 AM,02276,1.51911E+17,,10,B
4831,6114,69,4.2.2,O,Airport Code,aaa,313,,,N,40,69,16,FWB,17,FWB Message 17,CargoIMP,,01-FEB-14 11.45.52.0000000 AM,SYSTEM,20-FEB-18 10.00.47.9300000 AM,02276,1.51911E+17,,10,B
4832,6115,69,4.2.3,M,cf:DestinationCarrier Code,mm(a),312,,,N,41,69,16,FWB,17,FWB Message 17,CargoIMP,,01-FEB-14 11.45.52.0000000 AM,SYSTEM,20-FEB-18 10.00.47.9300000 AM,02276,1.51911E+17,,10,B
4833,6116,69,4.3,O,Onward Destination,,,,,N,42,69,16,FWB,17,FWB Message 17,CargoIMP,,01-FEB-14 11.45.52.0000000 AM,SYSTEM,20-FEB-18 10.00.47.9300000 AM,02276,1.51911E+17,,10,B
4834,6117,69,4.3.1,M,Separator,Slant,,,,N,43,69,16,FWB,17,FWB Message 17,CargoIMP,,01-FEB-14 11.45.52.0000000 AM,SYSTEM,20-FEB-18 10.00.47.9300000 AM,02276,1.51911E+17,,10,B
4835,6118,69,4.3.2,M,Airport Code,aaa,313,,,N,44,69,16,FWB,17,FWB Message 17,CargoIMP,,01-FEB-14 11.45.52.0000000 AM,SYSTEM,20-FEB-18 10.00.47.9300000 AM,02276,1.51911E+17,,10,B
4836,6119,69,4.3.3,O,cf:OnwardDestinationCarrier Code,mm(a),312,,,N,45,69,16,FWB,17,FWB Message 17,CargoIMP,,01-FEB-14 11.45.52.0000000 AM,SYSTEM,20-FEB-18 10.00.47.9300000 AM,02276,1.51911E+17,,10,B
4837,6768,69,4.4,M,Separator,CRLF,,,,N,46,69,16,FWB,17,FWB Message 17,CargoIMP,,01-FEB-14 11.45.52.0000000 AM,SYSTEM,20-FEB-18 10.00.47.9300000 AM,02276,1.51911E+17,,10,B
4838,6120,69,5,M,Shipper,,,,,N,47,69,16,FWB,17,FWB Message 17,CargoIMP,,01-FEB-14 11.45.52.0000000 AM,SYSTEM,20-FEB-18 10.00.47.9300000 AM,02276,1.51911E+17,,10,B
4839,6138,69,5.1,M,Line Identifier,aaa,103,,SHP,N,48,69,16,FWB,17,FWB Message 17,CargoIMP,,01-FEB-14 11.45.52.0000000 AM,SYSTEM,20-FEB-18 10.00.47.9300000 AM,02276,1.51911E+17,,10,B
4840,6139,69,5.2,O,Account Details,,,,,N,49,69,16,FWB,17,FWB Message 17,CargoIMP,,01-FEB-14 11.45.52.0000000 AM,SYSTEM,20-FEB-18 10.00.47.9300000 AM,02276,1.51911E+17,,10,B
4841,6140,69,5.2.1,M,Separator,Slant,,,,N,50,69,16,FWB,17,FWB Message 17,CargoIMP,,01-FEB-14 11.45.52.0000000 AM,SYSTEM,20-FEB-18 10.00.47.9300000 AM,02276,1.51911E+17,,10,B
4842,6141,69,5.2.2,M,Account Number,t[...14],108,,,N,51,69,16,FWB,17,FWB Message 17,CargoIMP,,01-FEB-14 11.45.52.0000000 AM,SYSTEM,20-FEB-18 10.00.47.9300000 AM,02276,1.51911E+17,,10,B
4843,6142,69,5.3,M,Separator,CRLF,,,,N,52,69,16,FWB,17,FWB Message 17,CargoIMP,,01-FEB-14 11.45.52.0000000 AM,SYSTEM,20-FEB-18 10.00.47.9300000 AM,02276,1.51911E+17,,10,B
4844,6143,69,5.4,M,Name,,,,,N,53,69,16,FWB,17,FWB Message 17,CargoIMP,,01-FEB-14 11.45.52.0000000 AM,SYSTEM,20-FEB-18 10.00.47.9300000 AM,02276,1.51911E+17,,10,B
4845,6144,69,5.4.1,M,Information Identifier,aaa,,,NAM,N,54,69,16,FWB,17,FWB Message 17,CargoIMP,,01-FEB-14 11.45.52.0000000 AM,SYSTEM,20-FEB-18 10.00.47.9300000 AM,02276,1.51911E+17,,10,B
4846,6145,69,5.4.2,M,Separator,Slant,,,,N,55,69,16,FWB,17,FWB Message 17,CargoIMP,,01-FEB-14 11.45.52.0000000 AM,SYSTEM,20-FEB-18 10.00.47.9300000 AM,02276,1.51911E+17,,10,B
4847,6146,69,5.4.3,M,cf:Name,t[...35],300,,,N,56,69,16,FWB,17,FWB Message 17,CargoIMP,,01-FEB-14 11.45.52.0000000 AM,SYSTEM,20-FEB-18 10.00.47.9300000 AM,02276,1.51911E+17,,10,B
4848,6147,69,5.4.4,M,Separator,CRLF,,,,N,57,69,16,FWB,17,FWB Message 17,CargoIMP,,01-FEB-14 11.45.52.0000000 AM,SYSTEM,20-FEB-18 10.00.47.9300000 AM,02276,1.51911E+17,,10,B
4849,6148,69,5.5,M,Street Address,,,,,N,58,69,16,FWB,17,FWB Message 17,CargoIMP,,01-FEB-14 11.45.52.0000000 AM,SYSTEM,20-FEB-18 10.00.47.9300000 AM,02276,1.51911E+17,,10,B
4850,6149,69,5.5.1,M,Information Identifier,aaa,103,,ADR,N,59,69,16,FWB,17,FWB Message 17,CargoIMP,,01-FEB-14 11.45.52.0000000 AM,SYSTEM,20-FEB-18 10.00.47.9300000 AM,02276,1.51911E+17,,10,B
4851,6150,69,5.5.2,M,Separator,Slant,,,,N,60,69,16,FWB,17,FWB Message 17,CargoIMP,,01-FEB-14 11.45.52.0000000 AM,SYSTEM,20-FEB-18 10.00.47.9300000 AM,02276,1.51911E+17,,10,B
4852,6151,69,5.5.3,M,cf:Street Address,t[...35],301,,,N,61,69,16,FWB,17,FWB Message 17,CargoIMP,,01-FEB-14 11.45.52.0000000 AM,SYSTEM,20-FEB-18 10.00.47.9300000 AM,02276,1.51911E+17,,10,B
4853,6152,69,5.5.4,M,Separator,CRLF,,,,N,62,69,16,FWB,17,FWB Message 17,CargoIMP,,01-FEB-14 11.45.52.0000000 AM,SYSTEM,20-FEB-18 10.00.47.9300000 AM,02276,1.51911E+17,,10,B
4854,6153,69,5.6,M,Location,,,,,N,63,69,16,FWB,17,FWB Message 17,CargoIMP,,01-FEB-14 11.45.52.0000000 AM,SYSTEM,20-FEB-18 10.00.47.9300000 AM,02276,1.51911E+17,,10,B
4855,6154,69,5.6.1,M,Information Identifier,aaa,103,,LOC,N,64,69,16,FWB,17,FWB Message 17,CargoIMP,,01-FEB-14 11.45.52.0000000 AM,SYSTEM,20-FEB-18 10.00.47.9300000 AM,02276,1.51911E+17,,10,B
4856,6155,69,5.6.2,M,Separator,Slant,,,,N,65,69,16,FWB,17,FWB Message 17,CargoIMP,,01-FEB-14 11.45.52.0000000 AM,SYSTEM,20-FEB-18 10.00.47.9300000 AM,02276,1.51911E+17,,10,B
4857,6156,69,5.6.3,M,cf:Place,t[..17],302,,,N,66,69,16,FWB,17,FWB Message 17,CargoIMP,,01-FEB-14 11.45.52.0000000 AM,SYSTEM,20-FEB-18 10.00.47.9300000 AM,02276,1.51911E+17,,10,B
4858,6157,69,5.6.4,O,State And Province,,,,,N,67,69,16,FWB,17,FWB Message 17,CargoIMP,,01-FEB-14 11.45.52.0000000 AM,SYSTEM,20-FEB-18 10.00.47.9300000 AM,02276,1.51911E+17,,10,B
4859,6769,69,5.6.4.1,M,Separator,Slant,,,,N,68,69,16,FWB,17,FWB Message 17,CargoIMP,,01-FEB-14 11.45.52.0000000 AM,SYSTEM,20-FEB-18 10.00.47.9300000 AM,02276,1.51911E+17,,10,B
4860,6158,69,5.6.4.2,M,fcf:State,t[...9],303,,,N,69,69,16,FWB,17,FWB Message 17,CargoIMP,,01-FEB-14 11.45.52.0000000 AM,SYSTEM,20-FEB-18 10.00.47.9300000 AM,02276,1.51911E+17,,10,B
4861,6159,69,5.6.5,M,Separator,CRLF,,,,N,70,69,16,FWB,17,FWB Message 17,CargoIMP,,01-FEB-14 11.45.52.0000000 AM,SYSTEM,20-FEB-18 10.00.47.9300000 AM,02276,1.51911E+17,,10,B
4862,6160,69,5.7,M,Coded Location,,,,,N,71,69,16,FWB,17,FWB Message 17,CargoIMP,,01-FEB-14 11.45.52.0000000 AM,SYSTEM,20-FEB-18 10.00.47.9300000 AM,02276,1.51911E+17,,10,B
4863,6161,69,5.7.1,M,Separator,Slant,,,,N,72,69,16,FWB,17,FWB Message 17,CargoIMP,,01-FEB-14 11.45.52.0000000 AM,SYSTEM,20-FEB-18 10.00.47.9300000 AM,02276,1.51911E+17,,10,B
4864,6162,69,5.7.2,M,ISO Country code,aa,304,Y,,N,73,69,16,FWB,17,FWB Message 17,CargoIMP,,01-FEB-14 11.45.52.0000000 AM,SYSTEM,20-FEB-18 10.00.47.9300000 AM,02276,1.51911E+17,,10,B
4865,6163,69,5.7.3,O,Separator,Slant,,,,N,74,69,16,FWB,17,FWB Message 17,CargoIMP,,01-FEB-14 11.45.52.0000000 AM,SYSTEM,20-FEB-18 10.00.47.9300000 AM,02276,1.51911E+17,,10,B
4866,6164,69,5.7.4,O,fcf:Postal Code,t[...9],305,,,N,75,69,16,FWB,17,FWB Message 17,CargoIMP,,01-FEB-14 11.45.52.0000000 AM,SYSTEM,20-FEB-18 10.00.47.9300000 AM,02276,1.51911E+17,,10,B
4867,6165,69,5.8,O,Contact Detail,,,,,N,76,69,16,FWB,17,FWB Message 17,CargoIMP,,01-FEB-14 11.45.52.0000000 AM,SYSTEM,20-FEB-18 10.00.47.9300000 AM,02276,1.51911E+17,,10,B
4868,6166,69,5.8.1,M,Separator,Slant,,,,N,77,69,16,FWB,17,FWB Message 17,CargoIMP,,01-FEB-14 11.45.52.0000000 AM,SYSTEM,20-FEB-18 10.00.47.9300000 AM,02276,1.51911E+17,,10,B
4869,6167,69,5.8.2,M,Contact Identifier,m[...3],122,,,N,78,69,16,FWB,17,FWB Message 17,CargoIMP,,01-FEB-14 11.45.52.0000000 AM,SYSTEM,20-FEB-18 10.00.47.9300000 AM,02276,1.51911E+17,,10,B
4870,6168,69,5.8.3,M,Separator,Slant,,,,N,79,69,16,FWB,17,FWB Message 17,CargoIMP,,01-FEB-14 11.45.52.0000000 AM,SYSTEM,20-FEB-18 10.00.47.9300000 AM,02276,1.51911E+17,,10,B
4871,6169,69,5.8.4,M,pcf:Contact Number,m[..25],123,,,N,80,69,16,FWB,17,FWB Message 17,CargoIMP,,01-FEB-14 11.45.52.0000000 AM,SYSTEM,20-FEB-18 10.00.47.9300000 AM,02276,1.51911E+17,,10,B
4872,6170,69,5.9,M,Separator,CRLF,,,,N,81,69,16,FWB,17,FWB Message 17,CargoIMP,,01-FEB-14 11.45.52.0000000 AM,SYSTEM,20-FEB-18 10.00.47.9300000 AM,02276,1.51911E+17,,10,B
4873,6171,69,6,M,Consignee,,,,,N,82,69,16,FWB,17,FWB Message 17,CargoIMP,,01-FEB-14 11.45.52.0000000 AM,SYSTEM,20-FEB-18 10.00.47.9300000 AM,02276,1.51911E+17,,10,B
4874,6172,69,6.1,M,Line Identifier,aaa,103,,CNE,N,83,69,16,FWB,17,FWB Message 17,CargoIMP,,01-FEB-14 11.45.52.0000000 AM,SYSTEM,20-FEB-18 10.00.47.9300000 AM,02276,1.51911E+17,,10,B
4875,6173,69,6.2,O,Account Detail,,,,,N,84,69,16,FWB,17,FWB Message 17,CargoIMP,,01-FEB-14 11.45.52.0000000 AM,SYSTEM,20-FEB-18 10.00.47.9300000 AM,02276,1.51911E+17,,10,B
4876,6174,69,6.2.1,M,Separator,Slant,,,,N,85,69,16,FWB,17,FWB Message 17,CargoIMP,,01-FEB-14 11.45.52.0000000 AM,SYSTEM,20-FEB-18 10.00.47.9300000 AM,02276,1.51911E+17,,10,B
4877,6175,69,6.2.2,M,Account Number,t[..14],108,,,N,86,69,16,FWB,17,FWB Message 17,CargoIMP,,01-FEB-14 11.45.52.0000000 AM,SYSTEM,20-FEB-18 10.00.47.9300000 AM,02276,1.51911E+17,,10,B
4878,6176,69,6.3,M,Separator,CRLF,,,,N,87,69,16,FWB,17,FWB Message 17,CargoIMP,,01-FEB-14 11.45.52.0000000 AM,SYSTEM,20-FEB-18 10.00.47.9300000 AM,02276,1.51911E+17,,10,B
4879,6177,69,6.4,M,Name,,,,,N,88,69,16,FWB,17,FWB Message 17,CargoIMP,,01-FEB-14 11.45.52.0000000 AM,SYSTEM,20-FEB-18 10.00.47.9300000 AM,02276,1.51911E+17,,10,B
4880,6178,69,6.4.1,M,Information Identifier,aaa,103,,NAM,N,89,69,16,FWB,17,FWB Message 17,CargoIMP,,01-FEB-14 11.45.52.0000000 AM,SYSTEM,20-FEB-18 10.00.47.9300000 AM,02276,1.51911E+17,,10,B
4881,6179,69,6.4.2,M,Separator,Slant,,,,N,90,69,16,FWB,17,FWB Message 17,CargoIMP,,01-FEB-14 11.45.52.0000000 AM,SYSTEM,20-FEB-18 10.00.47.9300000 AM,02276,1.51911E+17,,10,B
4303,6180,69,6.4.3,M,cf:Name,t[..35],300,,,N,91,69,16,FWB,17,FWB Message 17,CargoIMP,,01-FEB-14 11.45.52.0000000 AM,SYSTEM,20-FEB-18 10.00.47.9300000 AM,02276,1.51911E+17,,10,B
4304,6181,69,6.4.4,M,Separator,CRLF,,,,N,92,69,16,FWB,17,FWB Message 17,CargoIMP,,01-FEB-14 11.45.52.0000000 AM,SYSTEM,20-FEB-18 10.00.47.9300000 AM,02276,1.51911E+17,,10,B
4305,6182,69,6.5,M,Street Address,,,,,N,93,69,16,FWB,17,FWB Message 17,CargoIMP,,01-FEB-14 11.45.52.0000000 AM,SYSTEM,20-FEB-18 10.00.47.9300000 AM,02276,1.51911E+17,,10,B
4306,6183,69,6.5.1,M,Information Identifier,aaa,103,,ADR,N,94,69,16,FWB,17,FWB Message 17,CargoIMP,,01-FEB-14 11.45.52.0000000 AM,SYSTEM,20-FEB-18 10.00.47.9300000 AM,02276,1.51911E+17,,10,B
4307,6184,69,6.5.2,M,Separator,Slant,,,,N,95,69,16,FWB,17,FWB Message 17,CargoIMP,,01-FEB-14 11.45.52.0000000 AM,SYSTEM,20-FEB-18 10.00.47.9300000 AM,02276,1.51911E+17,,10,B
4308,6185,69,6.5.3,M,cf:Street Address,t[..35],301,,,N,96,69,16,FWB,17,FWB Message 17,CargoIMP,,01-FEB-14 11.45.52.0000000 AM,SYSTEM,20-FEB-18 10.00.47.9300000 AM,02276,1.51911E+17,,10,B
4309,6186,69,6.5.4,M,Separator,CRLF,,,,N,97,69,16,FWB,17,FWB Message 17,CargoIMP,,01-FEB-14 11.45.52.0000000 AM,SYSTEM,20-FEB-18 10.00.47.9300000 AM,02276,1.51911E+17,,10,B
4310,6187,69,6.6,M,Location,,,,,N,98,69,16,FWB,17,FWB Message 17,CargoIMP,,01-FEB-14 11.45.52.0000000 AM,SYSTEM,20-FEB-18 10.00.47.9300000 AM,02276,1.51911E+17,,10,B
4311,6188,69,6.6.1,M,Information Identifier,aaa,103,,LOC,N,99,69,16,FWB,17,FWB Message 17,CargoIMP,,01-FEB-14 11.45.52.0000000 AM,SYSTEM,20-FEB-18 10.00.47.9300000 AM,02276,1.51911E+17,,10,B
4312,6189,69,6.6.2,M,Separator,Slant,,,,N,100,69,16,FWB,17,FWB Message 17,CargoIMP,,01-FEB-14 11.45.52.0000000 AM,SYSTEM,20-FEB-18 10.00.47.9300000 AM,02276,1.51911E+17,,10,B
4313,6190,69,6.6.3,M,cf:Place,t[..17],302,,,N,101,69,16,FWB,17,FWB Message 17,CargoIMP,,01-FEB-14 11.45.52.0000000 AM,SYSTEM,20-FEB-18 10.00.47.9300000 AM,02276,1.51911E+17,,10,B
4314,6191,69,6.6.4,O,Separator,Slant,,,,N,102,69,16,FWB,17,FWB Message 17,CargoIMP,,01-FEB-14 11.45.52.0000000 AM,SYSTEM,20-FEB-18 10.00.47.9300000 AM,02276,1.51911E+17,,10,B
4315,6192,69,6.6.5,O,fcf:State,t[...9],303,,,N,103,69,16,FWB,17,FWB Message 17,CargoIMP,,01-FEB-14 11.45.52.0000000 AM,SYSTEM,20-FEB-18 10.00.47.9300000 AM,02276,1.51911E+17,,10,B
4316,6193,69,6.6.6,M,Separator,CRLF,,,,N,104,69,16,FWB,17,FWB Message 17,CargoIMP,,01-FEB-14 11.45.52.0000000 AM,SYSTEM,20-FEB-18 10.00.47.9300000 AM,02276,1.51911E+17,,10,B
4317,6194,69,6.7,M,Coded Location,,,,,N,105,69,16,FWB,17,FWB Message 17,CargoIMP,,01-FEB-14 11.45.52.0000000 AM,SYSTEM,20-FEB-18 10.00.47.9300000 AM,02276,1.51911E+17,,10,B
4318,6195,69,6.7.1,M,Separator,Slant,,,,N,106,69,16,FWB,17,FWB Message 17,CargoIMP,,01-FEB-14 11.45.52.0000000 AM,SYSTEM,20-FEB-18 10.00.47.9300000 AM,02276,1.51911E+17,,10,B
4319,6196,69,6.7.2,M,ISO Country Code,aa,304,Y,,N,107,69,16,FWB,17,FWB Message 17,CargoIMP,,01-FEB-14 11.45.52.0000000 AM,SYSTEM,20-FEB-18 10.00.47.9300000 AM,02276,1.51911E+17,,10,B
4320,6197,69,6.7.3,O,Separator,Slant,,,,N,108,69,16,FWB,17,FWB Message 17,CargoIMP,,01-FEB-14 11.45.52.0000000 AM,SYSTEM,20-FEB-18 10.00.47.9300000 AM,02276,1.51911E+17,,10,B
4321,6198,69,6.7.4,O,fcf:Postal Code,t[..9],305,,,N,109,69,16,FWB,17,FWB Message 17,CargoIMP,,01-FEB-14 11.45.52.0000000 AM,SYSTEM,20-FEB-18 10.00.47.9300000 AM,02276,1.51911E+17,,10,B
4322,6199,69,6.8,O,Contact Detail,,,,,N,110,69,16,FWB,17,FWB Message 17,CargoIMP,,01-FEB-14 11.45.52.0000000 AM,SYSTEM,20-FEB-18 10.00.47.9300000 AM,02276,1.51911E+17,,10,B
4323,6200,69,6.8.1,M,Separator,Slant,,,,N,111,69,16,FWB,17,FWB Message 17,CargoIMP,,01-FEB-14 11.45.52.0000000 AM,SYSTEM,20-FEB-18 10.00.47.9300000 AM,02276,1.51911E+17,,10,B
4324,6201,69,6.8.2,M,Contact Identifier,m[..3],122,,,N,112,69,16,FWB,17,FWB Message 17,CargoIMP,,01-FEB-14 11.45.52.0000000 AM,SYSTEM,20-FEB-18 10.00.47.9300000 AM,02276,1.51911E+17,,10,B
4325,6202,69,6.8.3,M,Separator,Slant,,,,N,113,69,16,FWB,17,FWB Message 17,CargoIMP,,01-FEB-14 11.45.52.0000000 AM,SYSTEM,20-FEB-18 10.00.47.9300000 AM,02276,1.51911E+17,,10,B
4326,6203,69,6.8.4,M,pcf:Contact Number,m[...25],123,,,N,114,69,16,FWB,17,FWB Message 17,CargoIMP,,01-FEB-14 11.45.52.0000000 AM,SYSTEM,20-FEB-18 10.00.47.9300000 AM,02276,1.51911E+17,,10,B
4327,6204,69,6.9,M,Separator,CRLF,,,,N,115,69,16,FWB,17,FWB Message 17,CargoIMP,,01-FEB-14 11.45.52.0000000 AM,SYSTEM,20-FEB-18 10.00.47.9300000 AM,02276,1.51911E+17,,10,B
4328,6205,69,7,O,Agent,,,,,N,116,69,16,FWB,17,FWB Message 17,CargoIMP,,01-FEB-14 11.45.52.0000000 AM,SYSTEM,20-FEB-18 10.00.47.9300000 AM,02276,1.51911E+17,,10,B
4329,6206,69,7.1,M,Line Identifier,aaa,103,,AGT,N,117,69,16,FWB,17,FWB Message 17,CargoIMP,,01-FEB-14 11.45.52.0000000 AM,SYSTEM,20-FEB-18 10.00.47.9300000 AM,02276,1.51911E+17,,10,B
4330,6207,69,7.2,M,Account Detail,,,,,N,118,69,16,FWB,17,FWB Message 17,CargoIMP,,01-FEB-14 11.45.52.0000000 AM,SYSTEM,20-FEB-18 10.00.47.9300000 AM,02276,1.51911E+17,,10,B
4331,6208,69,7.2.1,M,Separator,Slant,,,,N,119,69,16,FWB,17,FWB Message 17,CargoIMP,,01-FEB-14 11.45.52.0000000 AM,SYSTEM,20-FEB-18 10.00.47.9300000 AM,02276,1.51911E+17,,10,B
4332,6209,69,7.2.2,O,Account Number,t[...14],108,,,N,120,69,16,FWB,17,FWB Message 17,CargoIMP,,01-FEB-14 11.45.52.0000000 AM,SYSTEM,20-FEB-18 10.00.47.9300000 AM,02276,1.51911E+17,,10,B
4333,6210,69,7.2.3,M,Separator,Slant,,,,N,121,69,16,FWB,17,FWB Message 17,CargoIMP,,01-FEB-14 11.45.52.0000000 AM,SYSTEM,20-FEB-18 10.00.47.9300000 AM,02276,1.51911E+17,,10,B
4334,6211,69,7.2.4,M,fcf:IATA Cargo Agent Numeric code,n[7],311,,,N,122,69,16,FWB,17,FWB Message 17,CargoIMP,,01-FEB-14 11.45.52.0000000 AM,SYSTEM,20-FEB-18 10.00.47.9300000 AM,02276,1.51911E+17,,10,B
4335,6212,69,7.2.5,O,Separator,Slant,,,,N,123,69,16,FWB,17,FWB Message 17,CargoIMP,,01-FEB-14 11.45.52.0000000 AM,SYSTEM,20-FEB-18 10.00.47.9300000 AM,02276,1.51911E+17,,10,B
4336,6213,69,7.2.6,O,IATA Cargo Agent CASS Address,n[4],309,,,N,124,69,16,FWB,17,FWB Message 17,CargoIMP,,01-FEB-14 11.45.52.0000000 AM,SYSTEM,20-FEB-18 10.00.47.9300000 AM,02276,1.51911E+17,,10,B
4337,6214,69,7.2.7,O,Separator,Slant,,,,N,125,69,16,FWB,17,FWB Message 17,CargoIMP,,01-FEB-14 11.45.52.0000000 AM,SYSTEM,20-FEB-18 10.00.47.9300000 AM,02276,1.51911E+17,,10,B
4338,6215,69,7.2.8,O,Participant Identifier,m[...3],319,,,N,126,69,16,FWB,17,FWB Message 17,CargoIMP,,01-FEB-14 11.45.52.0000000 AM,SYSTEM,20-FEB-18 10.00.47.9300000 AM,02276,1.51911E+17,,10,B
4339,6216,69,7.3,M,Separator,CRLF,,,,N,127,69,16,FWB,17,FWB Message 17,CargoIMP,,01-FEB-14 11.45.52.0000000 AM,SYSTEM,20-FEB-18 10.00.47.9300000 AM,02276,1.51911E+17,,10,B
4340,6217,69,7.4,M,Name,,,,,N,128,69,16,FWB,17,FWB Message 17,CargoIMP,,01-FEB-14 11.45.52.0000000 AM,SYSTEM,20-FEB-18 10.00.47.9300000 AM,02276,1.51911E+17,,10,B
4341,6218,69,7.4.1,M,Separator ,Slant,,,,N,129,69,16,FWB,17,FWB Message 17,CargoIMP,,01-FEB-14 11.45.52.0000000 AM,SYSTEM,20-FEB-18 10.00.47.9300000 AM,02276,1.51911E+17,,10,B
4342,6219,69,7.4.2,M,fcf:Name,t[...35],300,,,N,130,69,16,FWB,17,FWB Message 17,CargoIMP,,01-FEB-14 11.45.52.0000000 AM,SYSTEM,20-FEB-18 10.00.47.9300000 AM,02276,1.51911E+17,,10,B
4343,6220,69,7.4.3,M,Separator,CRLF,,,,N,131,69,16,FWB,17,FWB Message 17,CargoIMP,,01-FEB-14 11.45.52.0000000 AM,SYSTEM,20-FEB-18 10.00.47.9300000 AM,02276,1.51911E+17,,10,B
4344,6221,69,7.5,M,Place,,,,,N,132,69,16,FWB,17,FWB Message 17,CargoIMP,,01-FEB-14 11.45.52.0000000 AM,SYSTEM,20-FEB-18 10.00.47.9300000 AM,02276,1.51911E+17,,10,B
4345,6222,69,7.5.1,M,Separator,Slant,,,,N,133,69,16,FWB,17,FWB Message 17,CargoIMP,,01-FEB-14 11.45.52.0000000 AM,SYSTEM,20-FEB-18 10.00.47.9300000 AM,02276,1.51911E+17,,10,B
4346,6223,69,7.5.2,M,fcf:AgentPlace,t[...17],302,,,N,134,69,16,FWB,17,FWB Message 17,CargoIMP,,01-FEB-14 11.45.52.0000000 AM,SYSTEM,20-FEB-18 10.00.47.9300000 AM,02276,1.51911E+17,,10,B
4347,6224,69,7.5.3,M,Separator,CRLF,,,,N,135,69,16,FWB,17,FWB Message 17,CargoIMP,,01-FEB-14 11.45.52.0000000 AM,SYSTEM,20-FEB-18 10.00.47.9300000 AM,02276,1.51911E+17,,10,B
4348,6225,69,8,O,Special Service Request,,,,,N,136,69,16,FWB,17,FWB Message 17,CargoIMP,,01-FEB-14 11.45.52.0000000 AM,SYSTEM,20-FEB-18 10.00.47.9300000 AM,02276,1.51911E+17,,10,B
4349,6226,69,8.1,M,Line Identifier,aaa,103,,SSR,N,137,69,16,FWB,17,FWB Message 17,CargoIMP,,01-FEB-14 11.45.52.0000000 AM,SYSTEM,20-FEB-18 10.00.47.9300000 AM,02276,1.51911E+17,,10,B
4350,6227,69,8.2,M,Separator,Slant,,,,N,138,69,16,FWB,17,FWB Message 17,CargoIMP,,01-FEB-14 11.45.52.0000000 AM,SYSTEM,20-FEB-18 10.00.47.9300000 AM,02276,1.51911E+17,,10,B
4351,6228,69,8.3,M,pcf:Special Service Request,t[...65],404,,,N,139,69,16,FWB,17,FWB Message 17,CargoIMP,,01-FEB-14 11.45.52.0000000 AM,SYSTEM,20-FEB-18 10.00.47.9300000 AM,02276,1.51911E+17,,10,B
4352,6229,69,8.4,M,Separator,CRLF,,,,N,140,69,16,FWB,17,FWB Message 17,CargoIMP,,01-FEB-14 11.45.52.0000000 AM,SYSTEM,20-FEB-18 10.00.47.9300000 AM,02276,1.51911E+17,,10,B
4353,6230,69,9,O,Also Notify,,,,,N,141,69,16,FWB,17,FWB Message 17,CargoIMP,,01-FEB-14 11.45.52.0000000 AM,SYSTEM,20-FEB-18 10.00.47.9300000 AM,02276,1.51911E+17,,10,B
4354,6231,69,9.1,M,Line Identifier,aaa,103,,NFY,N,142,69,16,FWB,17,FWB Message 17,CargoIMP,,01-FEB-14 11.45.52.0000000 AM,SYSTEM,20-FEB-18 10.00.47.9300000 AM,02276,1.51911E+17,,10,B
4355,6232,69,9.2,M,Separator,CRLF,,,,N,143,69,16,FWB,17,FWB Message 17,CargoIMP,,01-FEB-14 11.45.52.0000000 AM,SYSTEM,20-FEB-18 10.00.47.9300000 AM,02276,1.51911E+17,,10,B
4356,6233,69,9.3,M,Name,,,,,N,144,69,16,FWB,17,FWB Message 17,CargoIMP,,01-FEB-14 11.45.52.0000000 AM,SYSTEM,20-FEB-18 10.00.47.9300000 AM,02276,1.51911E+17,,10,B
4357,6234,69,9.3.1,M,Information Identifier,aaa,103,,NAM,N,145,69,16,FWB,17,FWB Message 17,CargoIMP,,01-FEB-14 11.45.52.0000000 AM,SYSTEM,20-FEB-18 10.00.47.9300000 AM,02276,1.51911E+17,,10,B
4358,6235,69,9.3.2,M,Separator,Slant,,,,N,146,69,16,FWB,17,FWB Message 17,CargoIMP,,01-FEB-14 11.45.52.0000000 AM,SYSTEM,20-FEB-18 10.00.47.9300000 AM,02276,1.51911E+17,,10,B
4359,6236,69,9.3.3,M,Name,t[...35],300,,,N,147,69,16,FWB,17,FWB Message 17,CargoIMP,,01-FEB-14 11.45.52.0000000 AM,SYSTEM,20-FEB-18 10.00.47.9300000 AM,02276,1.51911E+17,,10,B
4360,6237,69,9.3.4,M,Separator,CRLF,,,,N,148,69,16,FWB,17,FWB Message 17,CargoIMP,,01-FEB-14 11.45.52.0000000 AM,SYSTEM,20-FEB-18 10.00.47.9300000 AM,02276,1.51911E+17,,10,B
4361,6238,69,9.4,M,Street Address,,,,,N,149,69,16,FWB,17,FWB Message 17,CargoIMP,,01-FEB-14 11.45.52.0000000 AM,SYSTEM,20-FEB-18 10.00.47.9300000 AM,02276,1.51911E+17,,10,B
4362,6239,69,9.4.1,M,Information Identifier,aaa,103,,ADR,N,150,69,16,FWB,17,FWB Message 17,CargoIMP,,01-FEB-14 11.45.52.0000000 AM,SYSTEM,20-FEB-18 10.00.47.9300000 AM,02276,1.51911E+17,,10,B
4363,6240,69,9.4.2,M,Separator,Slant,,,,N,151,69,16,FWB,17,FWB Message 17,CargoIMP,,01-FEB-14 11.45.52.0000000 AM,SYSTEM,20-FEB-18 10.00.47.9300000 AM,02276,1.51911E+17,,10,B
4364,6241,69,9.4.3,M,fcf:Street Address,t[...35],,,,N,152,69,16,FWB,17,FWB Message 17,CargoIMP,,01-FEB-14 11.45.52.0000000 AM,SYSTEM,20-FEB-18 10.00.47.9300000 AM,02276,1.51911E+17,,10,B
4365,6242,69,9.4.4,M,Separator,CRLF,301,,,N,153,69,16,FWB,17,FWB Message 17,CargoIMP,,01-FEB-14 11.45.52.0000000 AM,SYSTEM,20-FEB-18 10.00.47.9300000 AM,02276,1.51911E+17,,10,B
4366,6243,69,9.5,M,Location,,,,,N,154,69,16,FWB,17,FWB Message 17,CargoIMP,,01-FEB-14 11.45.52.0000000 AM,SYSTEM,20-FEB-18 10.00.47.9300000 AM,02276,1.51911E+17,,10,B
4367,6244,69,9.5.1,M,Information Identifier,aaa,103,,LOC,N,155,69,16,FWB,17,FWB Message 17,CargoIMP,,01-FEB-14 11.45.52.0000000 AM,SYSTEM,20-FEB-18 10.00.47.9300000 AM,02276,1.51911E+17,,10,B
4368,6245,69,9.5.2,M,Separator,Slant,,,,N,156,69,16,FWB,17,FWB Message 17,CargoIMP,,01-FEB-14 11.45.52.0000000 AM,SYSTEM,20-FEB-18 10.00.47.9300000 AM,02276,1.51911E+17,,10,B
4369,6246,69,9.5.3,M,Place,t[..17],302,,,N,157,69,16,FWB,17,FWB Message 17,CargoIMP,,01-FEB-14 11.45.52.0000000 AM,SYSTEM,20-FEB-18 10.00.47.9300000 AM,02276,1.51911E+17,,10,B
4370,6247,69,9.5.4,O,Separator,Slant,,,,N,158,69,16,FWB,17,FWB Message 17,CargoIMP,,01-FEB-14 11.45.52.0000000 AM,SYSTEM,20-FEB-18 10.00.47.9300000 AM,02276,1.51911E+17,,10,B
4371,6248,69,9.5.5,O,State/Province,t[...9],303,,,N,159,69,16,FWB,17,FWB Message 17,CargoIMP,,01-FEB-14 11.45.52.0000000 AM,SYSTEM,20-FEB-18 10.00.47.9300000 AM,02276,1.51911E+17,,10,B
4372,6249,69,9.5.6,M,Separator,CRLF,,,,N,160,69,16,FWB,17,FWB Message 17,CargoIMP,,01-FEB-14 11.45.52.0000000 AM,SYSTEM,20-FEB-18 10.00.47.9300000 AM,02276,1.51911E+17,,10,B
4373,6250,69,9.6,M,Coded Location,,,,,N,161,69,16,FWB,17,FWB Message 17,CargoIMP,,01-FEB-14 11.45.52.0000000 AM,SYSTEM,20-FEB-18 10.00.47.9300000 AM,02276,1.51911E+17,,10,B
4374,6251,69,9.6.1,M,Separator,Slant,,,,N,162,69,16,FWB,17,FWB Message 17,CargoIMP,,01-FEB-14 11.45.52.0000000 AM,SYSTEM,20-FEB-18 10.00.47.9300000 AM,02276,1.51911E+17,,10,B
4375,6252,69,9.6.2,M,ISO Country code,aa,304,Y,,N,163,69,16,FWB,17,FWB Message 17,CargoIMP,,01-FEB-14 11.45.52.0000000 AM,SYSTEM,20-FEB-18 10.00.47.9300000 AM,02276,1.51911E+17,,10,B
4376,6253,69,9.6.3,O,Separator,Slant,,,,N,164,69,16,FWB,17,FWB Message 17,CargoIMP,,01-FEB-14 11.45.52.0000000 AM,SYSTEM,20-FEB-18 10.00.47.9300000 AM,02276,1.51911E+17,,10,B
4377,6254,69,9.6.4,O,Postal Code,t[...9],305,,,N,165,69,16,FWB,17,FWB Message 17,CargoIMP,,01-FEB-14 11.45.52.0000000 AM,SYSTEM,20-FEB-18 10.00.47.9300000 AM,02276,1.51911E+17,,10,B
4378,6255,69,9.7,O,Contact Detail,,,,,N,166,69,16,FWB,17,FWB Message 17,CargoIMP,,01-FEB-14 11.45.52.0000000 AM,SYSTEM,20-FEB-18 10.00.47.9300000 AM,02276,1.51911E+17,,10,B
4379,6256,69,9.7.1,M,Separator,Slant,,,,N,167,69,16,FWB,17,FWB Message 17,CargoIMP,,01-FEB-14 11.45.52.0000000 AM,SYSTEM,20-FEB-18 10.00.47.9300000 AM,02276,1.51911E+17,,10,B
4380,6257,69,9.7.2,M,Contact Identifier,m[...3],122,,,N,168,69,16,FWB,17,FWB Message 17,CargoIMP,,01-FEB-14 11.45.52.0000000 AM,SYSTEM,20-FEB-18 10.00.47.9300000 AM,02276,1.51911E+17,,10,B
4381,6258,69,9.7.3,M,Separator,Slant,,,,N,169,69,16,FWB,17,FWB Message 17,CargoIMP,,01-FEB-14 11.45.52.0000000 AM,SYSTEM,20-FEB-18 10.00.47.9300000 AM,02276,1.51911E+17,,10,B
4382,6259,69,9.7.4,M,Contact Number,m[...25],123,,,N,170,69,16,FWB,17,FWB Message 17,CargoIMP,,01-FEB-14 11.45.52.0000000 AM,SYSTEM,20-FEB-18 10.00.47.9300000 AM,02276,1.51911E+17,,10,B
4383,6260,69,9.8,M,Separator,CRLF,,,,N,171,69,16,FWB,17,FWB Message 17,CargoIMP,,01-FEB-14 11.45.52.0000000 AM,SYSTEM,20-FEB-18 10.00.47.9300000 AM,02276,1.51911E+17,,10,B
4384,6261,69,10,O,Accounting Information,,,,,N,172,69,16,FWB,17,FWB Message 17,CargoIMP,,01-FEB-14 11.45.52.0000000 AM,SYSTEM,20-FEB-18 10.00.47.9300000 AM,02276,1.51911E+17,,10,B
4385,6262,69,10.1,M,Line Identifier,aaa,103,,ACC,N,173,69,16,FWB,17,FWB Message 17,CargoIMP,,01-FEB-14 11.45.52.0000000 AM,SYSTEM,20-FEB-18 10.00.47.9300000 AM,02276,1.51911E+17,,10,B
4386,6263,69,10.2,M,Account Detail,,,,,N,174,69,16,FWB,17,FWB Message 17,CargoIMP,,01-FEB-14 11.45.52.0000000 AM,SYSTEM,20-FEB-18 10.00.47.9300000 AM,02276,1.51911E+17,,10,B
4387,6264,69,10.2.1,M,Separator,Slant,,,,N,175,69,16,FWB,17,FWB Message 17,CargoIMP,,01-FEB-14 11.45.52.0000000 AM,SYSTEM,20-FEB-18 10.00.47.9300000 AM,02276,1.51911E+17,,10,B
4388,6265,69,10.2.2,M,Accounting Information Identifer,aaa,411,,,N,176,69,16,FWB,17,FWB Message 17,CargoIMP,,01-FEB-14 11.45.52.0000000 AM,SYSTEM,20-FEB-18 10.00.47.9300000 AM,02276,1.51911E+17,,10,B
4389,6266,69,10.2.3,M,Separator,Slant,,,,N,177,69,16,FWB,17,FWB Message 17,CargoIMP,,01-FEB-14 11.45.52.0000000 AM,SYSTEM,20-FEB-18 10.00.47.9300000 AM,02276,1.51911E+17,,10,B
4390,6267,69,10.2.4,M,pcf:Accounting Information,t[...34],410,,,N,178,69,16,FWB,17,FWB Message 17,CargoIMP,,01-FEB-14 11.45.52.0000000 AM,SYSTEM,20-FEB-18 10.00.47.9300000 AM,02276,1.51911E+17,,10,B
4391,6268,69,10.2.5,M,Separator,CRLF,,,,N,179,69,16,FWB,17,FWB Message 17,CargoIMP,,01-FEB-14 11.45.52.0000000 AM,SYSTEM,20-FEB-18 10.00.47.9300000 AM,02276,1.51911E+17,,10,B
4392,6269,69,11,M,Charge Declarations,,,,,N,180,69,16,FWB,17,FWB Message 17,CargoIMP,,01-FEB-14 11.45.52.0000000 AM,SYSTEM,20-FEB-18 10.00.47.9300000 AM,02276,1.51911E+17,,10,B
4393,6270,69,11.1,M,Line Identifer,aaa,103,,CVD,N,181,69,16,FWB,17,FWB Message 17,CargoIMP,,01-FEB-14 11.45.52.0000000 AM,SYSTEM,20-FEB-18 10.00.47.9300000 AM,02276,1.51911E+17,,10,B
4394,6271,69,11.2,M,Separator,Slant,,,,N,182,69,16,FWB,17,FWB Message 17,CargoIMP,,01-FEB-14 11.45.52.0000000 AM,SYSTEM,20-FEB-18 10.00.47.9300000 AM,02276,1.51911E+17,,10,B
4395,6272,69,11.3,M,ISO Currency Code,aaa,606,,,N,183,69,16,FWB,17,FWB Message 17,CargoIMP,,01-FEB-14 11.45.52.0000000 AM,SYSTEM,20-FEB-18 10.00.47.9300000 AM,02276,1.51911E+17,,10,B
4396,6273,69,11.4,M,Separator,Slant,,,,N,184,69,16,FWB,17,FWB Message 17,CargoIMP,,01-FEB-14 11.45.52.0000000 AM,SYSTEM,20-FEB-18 10.00.47.9300000 AM,02276,1.51911E+17,,10,B
4397,6274,69,11.5,O,Charge code,aa,503,,,N,185,69,16,FWB,17,FWB Message 17,CargoIMP,,01-FEB-14 11.45.52.0000000 AM,SYSTEM,20-FEB-18 10.00.47.9300000 AM,02276,1.51911E+17,,10,B
4398,6275,69,11.6,M,Separator,Slant,,,,N,186,69,16,FWB,17,FWB Message 17,CargoIMP,,01-FEB-14 11.45.52.0000000 AM,SYSTEM,20-FEB-18 10.00.47.9300000 AM,02276,1.51911E+17,,10,B
4399,6276,69,11.7,O,Prepaid Charge Declarations,,,,,N,187,69,16,FWB,17,FWB Message 17,CargoIMP,,01-FEB-14 11.45.52.0000000 AM,SYSTEM,20-FEB-18 10.00.47.9300000 AM,02276,1.51911E+17,,10,B
4400,6277,69,11.7.1,M,pcf:Prepaib Weight,a,403,,,N,188,69,16,FWB,17,FWB Message 17,CargoIMP,,01-FEB-14 11.45.52.0000000 AM,SYSTEM,20-FEB-18 10.00.47.9300000 AM,02276,1.51911E+17,,10,B
4401,6278,69,11.7.2,M,pcf:Prepaid Other Charges,a,403,,,N,189,69,16,FWB,17,FWB Message 17,CargoIMP,,01-FEB-14 11.45.52.0000000 AM,SYSTEM,20-FEB-18 10.00.47.9300000 AM,02276,1.51911E+17,,10,B
4402,6279,69,11.8,M,Value for Carriage Declaration,,,,,N,190,69,16,FWB,17,FWB Message 17,CargoIMP,,01-FEB-14 11.45.52.0000000 AM,SYSTEM,20-FEB-18 10.00.47.9300000 AM,02276,1.51911E+17,,10,B
4403,6280,69,11.8.1,M,Separator,Slant,,,,N,191,69,16,FWB,17,FWB Message 17,CargoIMP,,01-FEB-14 11.45.52.0000000 AM,SYSTEM,20-FEB-18 10.00.47.9300000 AM,02276,1.51911E+17,,10,B
4524,6281,69,11.8.2,M,Declared Value for Carriage,n[...12]p,510,,,N,192,69,16,FWB,17,FWB Message 17,CargoIMP,,01-FEB-14 11.45.52.0000000 AM,SYSTEM,20-FEB-18 10.00.47.9300000 AM,02276,1.51911E+17,,10,B
4525,6763,69,11.8.3,M,No Value Declared,aaa,,,NVD,N,193,69,16,FWB,17,FWB Message 17,CargoIMP,,01-FEB-14 11.45.52.0000000 AM,SYSTEM,20-FEB-18 10.00.47.9300000 AM,02276,1.51911E+17,,10,B
4526,6282,69,11.9,M,Separator,Slant,,,,N,194,69,16,FWB,17,FWB Message 17,CargoIMP,,01-FEB-14 11.45.52.0000000 AM,SYSTEM,20-FEB-18 10.00.47.9300000 AM,02276,1.51911E+17,,10,B
4527,6283,69,11.10,M,Value for Customs Declaration,,,,,N,195,69,16,FWB,17,FWB Message 17,CargoIMP,,01-FEB-14 11.45.52.0000000 AM,SYSTEM,20-FEB-18 10.00.47.9300000 AM,02276,1.51911E+17,,10,B
4528,6284,69,11.10.1,M,Declared Value for Customs,n[...12]p,509,,,N,196,69,16,FWB,17,FWB Message 17,CargoIMP,,01-FEB-14 11.45.52.0000000 AM,SYSTEM,20-FEB-18 10.00.47.9300000 AM,02276,1.51911E+17,,10,B
4529,6764,69,11.10.2,M,No Customs Value,aaa,,,NCV,N,197,69,16,FWB,17,FWB Message 17,CargoIMP,,01-FEB-14 11.45.52.0000000 AM,SYSTEM,20-FEB-18 10.00.47.9300000 AM,02276,1.51911E+17,,10,B
4530,6285,69,11.11,M,Value for Insurance Declaration,,,,,N,198,69,16,FWB,17,FWB Message 17,CargoIMP,,01-FEB-14 11.45.52.0000000 AM,SYSTEM,20-FEB-18 10.00.47.9300000 AM,02276,1.51911E+17,,10,B
4531,6286,69,11.11.1,M,Separator,Slant,,,,N,199,69,16,FWB,17,FWB Message 17,CargoIMP,,01-FEB-14 11.45.52.0000000 AM,SYSTEM,20-FEB-18 10.00.47.9300000 AM,02276,1.51911E+17,,10,B
4532,6287,69,11.11.2,M,Amount of Insurance,n[...11]p,508,,,N,200,69,16,FWB,17,FWB Message 17,CargoIMP,,01-FEB-14 11.45.52.0000000 AM,SYSTEM,20-FEB-18 10.00.47.9300000 AM,02276,1.51911E+17,,10,B
4533,6765,69,11.11.3,M,No Value,aaa,,,XXX,N,201,69,16,FWB,17,FWB Message 17,CargoIMP,,01-FEB-14 11.45.52.0000000 AM,SYSTEM,20-FEB-18 10.00.47.9300000 AM,02276,1.51911E+17,,10,B
4534,6288,69,11.12,M,Separator,CRLF,,,,N,202,69,16,FWB,17,FWB Message 17,CargoIMP,,01-FEB-14 11.45.52.0000000 AM,SYSTEM,20-FEB-18 10.00.47.9300000 AM,02276,1.51911E+17,,10,B
4535,6289,69,12,M,Rate Description,,,,,N,203,69,16,FWB,17,FWB Message 17,CargoIMP,,01-FEB-14 11.45.52.0000000 AM,SYSTEM,20-FEB-18 10.00.47.9300000 AM,02276,1.51911E+17,,10,B
4536,6425,69,12.1,M,Line Identfier,aaa,103,,RTD,N,204,69,16,FWB,17,FWB Message 17,CargoIMP,,01-FEB-14 11.45.52.0000000 AM,SYSTEM,20-FEB-18 10.00.47.9300000 AM,02276,1.51911E+17,,10,B
4537,6426,69,12.2,M,pcf:Charge Line Count,,,,,N,205,69,16,FWB,17,FWB Message 17,CargoIMP,,01-FEB-14 11.45.52.0000000 AM,SYSTEM,20-FEB-18 10.00.47.9300000 AM,02276,1.51911E+17,,10,B
4538,6427,69,12.2.1,M,Separator,Slant,,,,N,206,69,16,FWB,17,FWB Message 17,CargoIMP,,01-FEB-14 11.45.52.0000000 AM,SYSTEM,20-FEB-18 10.00.47.9300000 AM,02276,1.51911E+17,,10,B
4539,6428,69,12.2.2,M,pcf:AWb Rate Line Number,n[...2],106,,,N,207,69,16,FWB,17,FWB Message 17,CargoIMP,,01-FEB-14 11.45.52.0000000 AM,SYSTEM,20-FEB-18 10.00.47.9300000 AM,02276,1.51911E+17,,10,B
4540,6429,69,12.3,O,RCP Details,,,,,N,208,69,16,FWB,17,FWB Message 17,CargoIMP,,01-FEB-14 11.45.52.0000000 AM,SYSTEM,20-FEB-18 10.00.47.9300000 AM,02276,1.51911E+17,,10,B
4541,6430,69,12.3.1,M,Separator,Slant,,,,N,209,69,16,FWB,17,FWB Message 17,CargoIMP,,01-FEB-14 11.45.52.0000000 AM,SYSTEM,20-FEB-18 10.00.47.9300000 AM,02276,1.51911E+17,,10,B
4542,6431,69,12.3.2,M,AWB Column Identifer,a,105,,P,N,210,69,16,FWB,17,FWB Message 17,CargoIMP,,01-FEB-14 11.45.52.0000000 AM,SYSTEM,20-FEB-18 10.00.47.9300000 AM,02276,1.51911E+17,,10,B
4543,6432,69,12.3.3,M,Number of Piceses,n[...5],701,,,N,211,69,16,FWB,17,FWB Message 17,CargoIMP,,01-FEB-14 11.45.52.0000000 AM,SYSTEM,20-FEB-18 10.00.47.9300000 AM,02276,1.51911E+17,,10,B
4544,6433,69,12.3.4,M,Rate Combination Point,aaa,,,,N,212,69,16,FWB,17,FWB Message 17,CargoIMP,,01-FEB-14 11.45.52.0000000 AM,SYSTEM,20-FEB-18 10.00.47.9300000 AM,02276,1.51911E+17,,10,B
4545,6434,69,12.4,O,Gross Weight Details,,,,,N,213,69,16,FWB,17,FWB Message 17,CargoIMP,,01-FEB-14 11.45.52.0000000 AM,SYSTEM,20-FEB-18 10.00.47.9300000 AM,02276,1.51911E+17,,10,B
4546,6435,69,12.4.1,M,Separator,Slant,,,,N,214,69,16,FWB,17,FWB Message 17,CargoIMP,,01-FEB-14 11.45.52.0000000 AM,SYSTEM,20-FEB-18 10.00.47.9300000 AM,02276,1.51911E+17,,10,B
4547,6436,69,12.4.2,M,Weight Code,a,601,Y,,N,215,69,16,FWB,17,FWB Message 17,CargoIMP,,01-FEB-14 11.45.52.0000000 AM,SYSTEM,20-FEB-18 10.00.47.9300000 AM,02276,1.51911E+17,,10,B
4548,6437,69,12.4.3,M,Gross Weight,n[...7]p,600,,,N,216,69,16,FWB,17,FWB Message 17,CargoIMP,,01-FEB-14 11.45.52.0000000 AM,SYSTEM,20-FEB-18 10.00.47.9300000 AM,02276,1.51911E+17,,10,B
4549,6438,69,12.5,O,Rate Class Details,,,,,N,217,69,16,FWB,17,FWB Message 17,CargoIMP,,01-FEB-14 11.45.52.0000000 AM,SYSTEM,20-FEB-18 10.00.47.9300000 AM,02276,1.51911E+17,,10,B
4550,6439,69,12.5.1,M,Separator,Slant,,,,N,218,69,16,FWB,17,FWB Message 17,CargoIMP,,01-FEB-14 11.45.52.0000000 AM,SYSTEM,20-FEB-18 10.00.47.9300000 AM,02276,1.51911E+17,,10,B
4551,6440,69,12.5.2,M,AWB Column Identifier,a,105,,C,N,219,69,16,FWB,17,FWB Message 17,CargoIMP,,01-FEB-14 11.45.52.0000000 AM,SYSTEM,20-FEB-18 10.00.47.9300000 AM,02276,1.51911E+17,,10,B
4552,6441,69,12.5.3,M,Rate Class Code,a,507,,,N,220,69,16,FWB,17,FWB Message 17,CargoIMP,,01-FEB-14 11.45.52.0000000 AM,SYSTEM,20-FEB-18 10.00.47.9300000 AM,02276,1.51911E+17,,10,B
4553,6442,69,12.6,O,Commodity Item Number Details,,,,,N,221,69,16,FWB,17,FWB Message 17,CargoIMP,,01-FEB-14 11.45.52.0000000 AM,SYSTEM,20-FEB-18 10.00.47.9300000 AM,02276,1.51911E+17,,10,B
4554,6443,69,12.6.1,M,Separator,Slant,,,,N,222,69,16,FWB,17,FWB Message 17,CargoIMP,,01-FEB-14 11.45.52.0000000 AM,SYSTEM,20-FEB-18 10.00.47.9300000 AM,02276,1.51911E+17,,10,B
4555,6444,69,12.6.2,M,AWB Column Identifier,a,105,,S,N,223,69,16,FWB,17,FWB Message 17,CargoIMP,,01-FEB-14 11.45.52.0000000 AM,SYSTEM,20-FEB-18 10.00.47.9300000 AM,02276,1.51911E+17,,10,B
4556,6445,69,12.6.3,M,Commodity Item Number,n[4...7],707,,,N,224,69,16,FWB,17,FWB Message 17,CargoIMP,,01-FEB-14 11.45.52.0000000 AM,SYSTEM,20-FEB-18 10.00.47.9300000 AM,02276,1.51911E+17,,10,B
4557,6446,69,12.6.4,M,ULD Rate Class Type,n(a)(a),,,,N,225,69,16,FWB,17,FWB Message 17,CargoIMP,,01-FEB-14 11.45.52.0000000 AM,SYSTEM,20-FEB-18 10.00.47.9300000 AM,02276,1.51911E+17,,10,B
4558,6447,69,12.6.5,M,Rate Class Code And Percentage,,,,,N,226,69,16,FWB,17,FWB Message 17,CargoIMP,,01-FEB-14 11.45.52.0000000 AM,SYSTEM,20-FEB-18 10.00.47.9300000 AM,02276,1.51911E+17,,10,B
4559,6448,69,12.6.5.1,M,Rate Class Code,a,,,,N,227,69,16,FWB,17,FWB Message 17,CargoIMP,,01-FEB-14 11.45.52.0000000 AM,SYSTEM,20-FEB-18 10.00.47.9300000 AM,02276,1.51911E+17,,10,B
4560,541500,69,12.6.5.2,O,Class Rate Percentage,n[...3],,,,N,228,69,16,FWB,17,FWB Message 17,CargoIMP,,01-FEB-14 11.45.52.0000000 AM,SYSTEM,20-FEB-18 10.00.47.9300000 AM,02276,1.51911E+17,,10,B
4561,6449,69,12.7,O,Chargeable Weight Details,,,,,N,229,69,16,FWB,17,FWB Message 17,CargoIMP,,01-FEB-14 11.45.52.0000000 AM,SYSTEM,20-FEB-18 10.00.47.9300000 AM,02276,1.51911E+17,,10,B
4562,6450,69,12.7.1,M,Separator,Slant,,,,N,230,69,16,FWB,17,FWB Message 17,CargoIMP,,01-FEB-14 11.45.52.0000000 AM,SYSTEM,20-FEB-18 10.00.47.9300000 AM,02276,1.51911E+17,,10,B
4563,6451,69,12.7.2,M,AWB Column Identifier,a,105,,W,N,231,69,16,FWB,17,FWB Message 17,CargoIMP,,01-FEB-14 11.45.52.0000000 AM,SYSTEM,20-FEB-18 10.00.47.9300000 AM,02276,1.51911E+17,,10,B
4564,6452,69,12.7.3,M,Chargeable Weight,n[...7]p,600,,,N,232,69,16,FWB,17,FWB Message 17,CargoIMP,,01-FEB-14 11.45.52.0000000 AM,SYSTEM,20-FEB-18 10.00.47.9300000 AM,02276,1.51911E+17,,10,B
4565,6453,69,12.8,O,Rate Or Charge Details,,,,,N,233,69,16,FWB,17,FWB Message 17,CargoIMP,,01-FEB-14 11.45.52.0000000 AM,SYSTEM,20-FEB-18 10.00.47.9300000 AM,02276,1.51911E+17,,10,B
4566,6454,69,12.8.1,M,Separator,Slant,,,,N,234,69,16,FWB,17,FWB Message 17,CargoIMP,,01-FEB-14 11.45.52.0000000 AM,SYSTEM,20-FEB-18 10.00.47.9300000 AM,02276,1.51911E+17,,10,B
4567,6455,69,12.8.2,M,AWB Column Identifier,a,105,,R,N,235,69,16,FWB,17,FWB Message 17,CargoIMP,,01-FEB-14 11.45.52.0000000 AM,SYSTEM,20-FEB-18 10.00.47.9300000 AM,02276,1.51911E+17,,10,B
4568,6456,69,12.8.3,M,pcf:Rate or Charge,n[...8]p,506,,,N,236,69,16,FWB,17,FWB Message 17,CargoIMP,,01-FEB-14 11.45.52.0000000 AM,SYSTEM,20-FEB-18 10.00.47.9300000 AM,02276,1.51911E+17,,10,B
4569,6457,69,12.8.4,M,pcf:Discount,n[...8]p,,,,N,237,69,16,FWB,17,FWB Message 17,CargoIMP,,01-FEB-14 11.45.52.0000000 AM,SYSTEM,20-FEB-18 10.00.47.9300000 AM,02276,1.51911E+17,,10,B
4570,6458,69,12.9,O,Total Details,,,,,N,238,69,16,FWB,17,FWB Message 17,CargoIMP,,01-FEB-14 11.45.52.0000000 AM,SYSTEM,20-FEB-18 10.00.47.9300000 AM,02276,1.51911E+17,,10,B
4571,6459,69,12.9.1,M,Separator,Slant,,,,N,239,69,16,FWB,17,FWB Message 17,CargoIMP,,01-FEB-14 11.45.52.0000000 AM,SYSTEM,20-FEB-18 10.00.47.9300000 AM,02276,1.51911E+17,,10,B
4572,6460,69,12.9.2,M,AWB Column Identifier,a,105,,T,N,240,69,16,FWB,17,FWB Message 17,CargoIMP,,01-FEB-14 11.45.52.0000000 AM,SYSTEM,20-FEB-18 10.00.47.9300000 AM,02276,1.51911E+17,,10,B
4573,6461,69,12.9.3,M,Charge Amount,n[...12]p,501,,,N,241,69,16,FWB,17,FWB Message 17,CargoIMP,,01-FEB-14 11.45.52.0000000 AM,SYSTEM,20-FEB-18 10.00.47.9300000 AM,02276,1.51911E+17,,10,B
4574,6462,69,12.9.4,M,Discount Amount,n[...12]p,,,,N,242,69,16,FWB,17,FWB Message 17,CargoIMP,,01-FEB-14 11.45.52.0000000 AM,SYSTEM,20-FEB-18 10.00.47.9300000 AM,02276,1.51911E+17,,10,B
4575,6463,69,12.10,O,Separator,CRLF,,,,N,243,69,16,FWB,17,FWB Message 17,CargoIMP,,01-FEB-14 11.45.52.0000000 AM,SYSTEM,20-FEB-18 10.00.47.9300000 AM,02276,1.51911E+17,,10,B
4576,6464,69,12.11,O,Goods Description,,,,,N,244,69,16,FWB,17,FWB Message 17,CargoIMP,,01-FEB-14 11.45.52.0000000 AM,SYSTEM,20-FEB-18 10.00.47.9300000 AM,02276,1.51911E+17,,10,B
4577,6465,69,12.11.1,M,Separator,Slant,,,,N,245,69,16,FWB,17,FWB Message 17,CargoIMP,,01-FEB-14 11.45.52.0000000 AM,SYSTEM,20-FEB-18 10.00.47.9300000 AM,02276,1.51911E+17,,10,B
4578,6466,69,12.11.2,M,AWB Column Identifier,a,105,,N,N,246,69,16,FWB,17,FWB Message 17,CargoIMP,,01-FEB-14 11.45.52.0000000 AM,SYSTEM,20-FEB-18 10.00.47.9300000 AM,02276,1.51911E+17,,10,B
4579,6467,69,12.11.3,M,Goods Data Identifier,a,710,,G,N,247,69,16,FWB,17,FWB Message 17,CargoIMP,,01-FEB-14 11.45.52.0000000 AM,SYSTEM,20-FEB-18 10.00.47.9300000 AM,02276,1.51911E+17,,10,B
4580,6468,69,12.11.4,M,Separator,Slant,,,,N,248,69,16,FWB,17,FWB Message 17,CargoIMP,,01-FEB-14 11.45.52.0000000 AM,SYSTEM,20-FEB-18 10.00.47.9300000 AM,02276,1.51911E+17,,10,B
4581,6469,69,12.11.5,M,fcf:Nature and Quantity of Goods,t[...20],709,,,N,249,69,16,FWB,17,FWB Message 17,CargoIMP,,01-FEB-14 11.45.52.0000000 AM,SYSTEM,20-FEB-18 10.00.47.9300000 AM,02276,1.51911E+17,,10,B
4582,6470,69,12.12,O,Consolidation,,,,,N,250,69,16,FWB,17,FWB Message 17,CargoIMP,,01-FEB-14 11.45.52.0000000 AM,SYSTEM,20-FEB-18 10.00.47.9300000 AM,02276,1.51911E+17,,10,B
4583,6471,69,12.12.1,M,Separator,Slant,,,,N,251,69,16,FWB,17,FWB Message 17,CargoIMP,,01-FEB-14 11.45.52.0000000 AM,SYSTEM,20-FEB-18 10.00.47.9300000 AM,02276,1.51911E+17,,10,B
4584,6472,69,12.12.2,M,AWB Column Identifier,a,105,,N,N,252,69,16,FWB,17,FWB Message 17,CargoIMP,,01-FEB-14 11.45.52.0000000 AM,SYSTEM,20-FEB-18 10.00.47.9300000 AM,02276,1.51911E+17,,10,B
4585,6473,69,12.12.3,M,Goods Data Identifier,a,710,,C,N,253,69,16,FWB,17,FWB Message 17,CargoIMP,,01-FEB-14 11.45.52.0000000 AM,SYSTEM,20-FEB-18 10.00.47.9300000 AM,02276,1.51911E+17,,10,B
4586,6474,69,12.12.4,M,Separator,Slant,,,,N,254,69,16,FWB,17,FWB Message 17,CargoIMP,,01-FEB-14 11.45.52.0000000 AM,SYSTEM,20-FEB-18 10.00.47.9300000 AM,02276,1.51911E+17,,10,B
4587,6475,69,12.12.5,M,Consolidation Nature And Quantity Of Goods,t[...20],709,,,N,255,69,16,FWB,17,FWB Message 17,CargoIMP,,01-FEB-14 11.45.52.0000000 AM,SYSTEM,20-FEB-18 10.00.47.9300000 AM,02276,1.51911E+17,,10,B
4588,6476,69,12.13,O,Dimensions,,,,,N,256,69,16,FWB,17,FWB Message 17,CargoIMP,,01-FEB-14 11.45.52.0000000 AM,SYSTEM,20-FEB-18 10.00.47.9300000 AM,02276,1.51911E+17,,10,B
4589,6477,69,12.13.1,M,Separator,Slant,,,,N,257,69,16,FWB,17,FWB Message 17,CargoIMP,,01-FEB-14 11.45.52.0000000 AM,SYSTEM,20-FEB-18 10.00.47.9300000 AM,02276,1.51911E+17,,10,B
4590,6478,69,12.13.2,M,AWB Column Identifier,a,105,,N,N,258,69,16,FWB,17,FWB Message 17,CargoIMP,,01-FEB-14 11.45.52.0000000 AM,SYSTEM,20-FEB-18 10.00.47.9300000 AM,02276,1.51911E+17,,10,B
4591,6479,69,12.13.3,M,Goods Data Identifier,a,710,,D,N,259,69,16,FWB,17,FWB Message 17,CargoIMP,,01-FEB-14 11.45.52.0000000 AM,SYSTEM,20-FEB-18 10.00.47.9300000 AM,02276,1.51911E+17,,10,B
4592,6480,69,12.13.4,M,Separator,Slant,,,,N,260,69,16,FWB,17,FWB Message 17,CargoIMP,,01-FEB-14 11.45.52.0000000 AM,SYSTEM,20-FEB-18 10.00.47.9300000 AM,02276,1.51911E+17,,10,B
4593,6481,69,12.13.5,O,Weight Code,a,601,Y,,N,261,69,16,FWB,17,FWB Message 17,CargoIMP,,01-FEB-14 11.45.52.0000000 AM,SYSTEM,20-FEB-18 10.00.47.9300000 AM,02276,1.51911E+17,,10,B
3533,6482,69,12.13.6,M,Weight,n[...7]p,600,,,N,262,69,16,FWB,17,FWB Message 17,CargoIMP,,01-FEB-14 11.45.52.0000000 AM,SYSTEM,20-FEB-18 10.00.47.9300000 AM,02276,1.51911E+17,,10,B
3534,6483,69,12.13.7,O,pcf:Separator,Slant,,,,N,263,69,16,FWB,17,FWB Message 17,CargoIMP,,01-FEB-14 11.45.52.0000000 AM,SYSTEM,20-FEB-18 10.00.47.9300000 AM,02276,1.51911E+17,,10,B
3535,6484,69,12.13.8,O,Measurement Unit,,,,,N,264,69,16,FWB,17,FWB Message 17,CargoIMP,,01-FEB-14 11.45.52.0000000 AM,SYSTEM,20-FEB-18 10.00.47.9300000 AM,02276,1.51911E+17,,10,B
3536,6766,69,12.13.8.1,M,NoDimensionAvailable,aaa,,,NDA,N,265,69,16,FWB,17,FWB Message 17,CargoIMP,,01-FEB-14 11.45.52.0000000 AM,SYSTEM,20-FEB-18 10.00.47.9300000 AM,02276,1.51911E+17,,10,B
3537,6767,69,12.13.8.2,M,pcf:Measurement Unit Code,m[...3],611,,,N,266,69,16,FWB,17,FWB Message 17,CargoIMP,,01-FEB-14 11.45.52.0000000 AM,SYSTEM,20-FEB-18 10.00.47.9300000 AM,02276,1.51911E+17,,10,B
3538,6485,69,12.13.9,O,No Dimensions Available,,,,,N,267,69,16,FWB,17,FWB Message 17,CargoIMP,,01-FEB-14 11.45.52.0000000 AM,SYSTEM,20-FEB-18 10.00.47.9300000 AM,02276,1.51911E+17,,10,B
3539,6486,69,12.13.9.1,M,Length Dimension,n[...5],608,,,N,268,69,16,FWB,17,FWB Message 17,CargoIMP,,01-FEB-14 11.45.52.0000000 AM,SYSTEM,20-FEB-18 10.00.47.9300000 AM,02276,1.51911E+17,,10,B
3540,6487,69,12.13.9.2,M,pcf:SeparatorHyphen,Hyphen,,,,N,269,69,16,FWB,17,FWB Message 17,CargoIMP,,01-FEB-14 11.45.52.0000000 AM,SYSTEM,20-FEB-18 10.00.47.9300000 AM,02276,1.51911E+17,,10,B
3541,6488,69,12.13.9.3,M,Width Dimension,n[...5],609,,,N,270,69,16,FWB,17,FWB Message 17,CargoIMP,,01-FEB-14 11.45.52.0000000 AM,SYSTEM,20-FEB-18 10.00.47.9300000 AM,02276,1.51911E+17,,10,B
3542,6489,69,12.13.9.4,M,pcf:SeparatorHyphen,Hyphen,,,,N,271,69,16,FWB,17,FWB Message 17,CargoIMP,,01-FEB-14 11.45.52.0000000 AM,SYSTEM,20-FEB-18 10.00.47.9300000 AM,02276,1.51911E+17,,10,B
3543,6490,69,12.13.9.5,M,Height Dimension,n[...5],610,,,N,272,69,16,FWB,17,FWB Message 17,CargoIMP,,01-FEB-14 11.45.52.0000000 AM,SYSTEM,20-FEB-18 10.00.47.9300000 AM,02276,1.51911E+17,,10,B
3544,6491,69,12.13.9.6,M,Separator,Slant,,,,N,273,69,16,FWB,17,FWB Message 17,CargoIMP,,01-FEB-14 11.45.52.0000000 AM,SYSTEM,20-FEB-18 10.00.47.9300000 AM,02276,1.51911E+17,,10,B
3545,6492,69,12.13.9.7,M,Numbers of Pieces,n[...4],701,,,N,274,69,16,FWB,17,FWB Message 17,CargoIMP,,01-FEB-14 11.45.52.0000000 AM,SYSTEM,20-FEB-18 10.00.47.9300000 AM,02276,1.51911E+17,,10,B
3546,6493,69,12.14,O,Volume,,,,,N,275,69,16,FWB,17,FWB Message 17,CargoIMP,,01-FEB-14 11.45.52.0000000 AM,SYSTEM,20-FEB-18 10.00.47.9300000 AM,02276,1.51911E+17,,10,B
3547,6494,69,12.14.1,M,Separator,Slant,,,,N,276,69,16,FWB,17,FWB Message 17,CargoIMP,,01-FEB-14 11.45.52.0000000 AM,SYSTEM,20-FEB-18 10.00.47.9300000 AM,02276,1.51911E+17,,10,B
3548,6495,69,12.14.2,M,AWB Column Identifier,a,105,,N,N,277,69,16,FWB,17,FWB Message 17,CargoIMP,,01-FEB-14 11.45.52.0000000 AM,SYSTEM,20-FEB-18 10.00.47.9300000 AM,02276,1.51911E+17,,10,B
3549,6496,69,12.14.3,M,Goods Data Identifier,a,710,,V,N,278,69,16,FWB,17,FWB Message 17,CargoIMP,,01-FEB-14 11.45.52.0000000 AM,SYSTEM,20-FEB-18 10.00.47.9300000 AM,02276,1.51911E+17,,10,B
3550,6497,69,12.14.4,M,Separator,Slant,,,,N,279,69,16,FWB,17,FWB Message 17,CargoIMP,,01-FEB-14 11.45.52.0000000 AM,SYSTEM,20-FEB-18 10.00.47.9300000 AM,02276,1.51911E+17,,10,B
3551,6498,69,12.14.5,M,Volume Code,aa,604,Y,,N,280,69,16,FWB,17,FWB Message 17,CargoIMP,,01-FEB-14 11.45.52.0000000 AM,SYSTEM,20-FEB-18 10.00.47.9300000 AM,02276,1.51911E+17,,10,B
3552,6499,69,12.14.6,M,Volume Amount,n[...9]p,500,,,N,281,69,16,FWB,17,FWB Message 17,CargoIMP,,01-FEB-14 11.45.52.0000000 AM,SYSTEM,20-FEB-18 10.00.47.9300000 AM,02276,1.51911E+17,,10,B
3553,6500,69,12.15,O,ULD Number,,,,,N,282,69,16,FWB,17,FWB Message 17,CargoIMP,,01-FEB-14 11.45.52.0000000 AM,SYSTEM,20-FEB-18 10.00.47.9300000 AM,02276,1.51911E+17,,10,B
3554,6501,69,12.15.1,M,Separator,Slant,,,,N,283,69,16,FWB,17,FWB Message 17,CargoIMP,,01-FEB-14 11.45.52.0000000 AM,SYSTEM,20-FEB-18 10.00.47.9300000 AM,02276,1.51911E+17,,10,B
3555,6502,69,12.15.2,M,AWB Column Identifier,a,105,,N,N,284,69,16,FWB,17,FWB Message 17,CargoIMP,,01-FEB-14 11.45.52.0000000 AM,SYSTEM,20-FEB-18 10.00.47.9300000 AM,02276,1.51911E+17,,10,B
3556,6503,69,12.15.3,M,Goods Data Identifier,a,710,,U,N,285,69,16,FWB,17,FWB Message 17,CargoIMP,,01-FEB-14 11.45.52.0000000 AM,SYSTEM,20-FEB-18 10.00.47.9300000 AM,02276,1.51911E+17,,10,B
3557,6504,69,12.15.4,M,Separator,Slant,,,,N,286,69,16,FWB,17,FWB Message 17,CargoIMP,,01-FEB-14 11.45.52.0000000 AM,SYSTEM,20-FEB-18 10.00.47.9300000 AM,02276,1.51911E+17,,10,B
3558,6505,69,12.15.5,M,ULD Type,amm,802,,,N,287,69,16,FWB,17,FWB Message 17,CargoIMP,,01-FEB-14 11.45.52.0000000 AM,SYSTEM,20-FEB-18 10.00.47.9300000 AM,02276,1.51911E+17,,10,B
3559,6506,69,12.15.6,M,ULD Serial Number,mnnn(n),115,,,N,288,69,16,FWB,17,FWB Message 17,CargoIMP,,01-FEB-14 11.45.52.0000000 AM,SYSTEM,20-FEB-18 10.00.47.9300000 AM,02276,1.51911E+17,,10,B
3560,6507,69,12.15.7,M,ULD Owner Code,mm,801,,,N,289,69,16,FWB,17,FWB Message 17,CargoIMP,,01-FEB-14 11.45.52.0000000 AM,SYSTEM,20-FEB-18 10.00.47.9300000 AM,02276,1.51911E+17,,10,B
3561,6508,69,12.16,O,Shippers Load and Count,,,,,N,290,69,16,FWB,17,FWB Message 17,CargoIMP,,01-FEB-14 11.45.52.0000000 AM,SYSTEM,20-FEB-18 10.00.47.9300000 AM,02276,1.51911E+17,,10,B
3562,6509,69,12.16.1,M,Separator,Slant,,,,N,291,69,16,FWB,17,FWB Message 17,CargoIMP,,01-FEB-14 11.45.52.0000000 AM,SYSTEM,20-FEB-18 10.00.47.9300000 AM,02276,1.51911E+17,,10,B
3563,6510,69,12.16.2,M,AWB Column Identifier,a,105,,N,N,292,69,16,FWB,17,FWB Message 17,CargoIMP,,01-FEB-14 11.45.52.0000000 AM,SYSTEM,20-FEB-18 10.00.47.9300000 AM,02276,1.51911E+17,,10,B
3564,6511,69,12.16.3,M,Goods Data Identifier,a,710,,S,N,293,69,16,FWB,17,FWB Message 17,CargoIMP,,01-FEB-14 11.45.52.0000000 AM,SYSTEM,20-FEB-18 10.00.47.9300000 AM,02276,1.51911E+17,,10,B
3565,6512,69,12.16.4,M,Separator,Slant,,,,N,294,69,16,FWB,17,FWB Message 17,CargoIMP,,01-FEB-14 11.45.52.0000000 AM,SYSTEM,20-FEB-18 10.00.47.9300000 AM,02276,1.51911E+17,,10,B
3566,6513,69,12.16.5,M,SLAC,n[...5],714,,,N,295,69,16,FWB,17,FWB Message 17,CargoIMP,,01-FEB-14 11.45.52.0000000 AM,SYSTEM,20-FEB-18 10.00.47.9300000 AM,02276,1.51911E+17,,10,B
3567,6514,69,12.17,O,Harmonised Commodity Code,,,,,N,296,69,16,FWB,17,FWB Message 17,CargoIMP,,01-FEB-14 11.45.52.0000000 AM,SYSTEM,20-FEB-18 10.00.47.9300000 AM,02276,1.51911E+17,,10,B
3568,6515,69,12.17.1,M,Separator,Slant,,,,N,297,69,16,FWB,17,FWB Message 17,CargoIMP,,01-FEB-14 11.45.52.0000000 AM,SYSTEM,20-FEB-18 10.00.47.9300000 AM,02276,1.51911E+17,,10,B
3569,6516,69,12.17.2,M,AWB Column Identifier,a,105,,N,N,298,69,16,FWB,17,FWB Message 17,CargoIMP,,01-FEB-14 11.45.52.0000000 AM,SYSTEM,20-FEB-18 10.00.47.9300000 AM,02276,1.51911E+17,,10,B
3570,6517,69,12.17.3,M,Goods Data Identifier,a,710,,H,N,299,69,16,FWB,17,FWB Message 17,CargoIMP,,01-FEB-14 11.45.52.0000000 AM,SYSTEM,20-FEB-18 10.00.47.9300000 AM,02276,1.51911E+17,,10,B
3571,6518,69,12.17.4,M,Separator,Slant,,,,N,300,69,16,FWB,17,FWB Message 17,CargoIMP,,01-FEB-14 11.45.52.0000000 AM,SYSTEM,20-FEB-18 10.00.47.9300000 AM,02276,1.51911E+17,,10,B
3572,6519,69,12.17.5,M,Harmonised Commodity Code,t[6...18],900,,,N,301,69,16,FWB,17,FWB Message 17,CargoIMP,,01-FEB-14 11.45.52.0000000 AM,SYSTEM,20-FEB-18 10.00.47.9300000 AM,02276,1.51911E+17,,10,B
3573,6520,69,12.18,O,Country of Origin of Goods,,,,,N,302,69,16,FWB,17,FWB Message 17,CargoIMP,,01-FEB-14 11.45.52.0000000 AM,SYSTEM,20-FEB-18 10.00.47.9300000 AM,02276,1.51911E+17,,10,B
3574,6521,69,12.18.1,M,Separator,Slant,,,,N,303,69,16,FWB,17,FWB Message 17,CargoIMP,,01-FEB-14 11.45.52.0000000 AM,SYSTEM,20-FEB-18 10.00.47.9300000 AM,02276,1.51911E+17,,10,B
3575,6522,69,12.18.2,M,AWB Column Identifier,a,105,,N,N,304,69,16,FWB,17,FWB Message 17,CargoIMP,,01-FEB-14 11.45.52.0000000 AM,SYSTEM,20-FEB-18 10.00.47.9300000 AM,02276,1.51911E+17,,10,B
3576,6523,69,12.18.3,M,Goods Data Identifier,a,710,,O,N,305,69,16,FWB,17,FWB Message 17,CargoIMP,,01-FEB-14 11.45.52.0000000 AM,SYSTEM,20-FEB-18 10.00.47.9300000 AM,02276,1.51911E+17,,10,B
3577,6524,69,12.18.4,M,Separator,Slant,,,,N,306,69,16,FWB,17,FWB Message 17,CargoIMP,,01-FEB-14 11.45.52.0000000 AM,SYSTEM,20-FEB-18 10.00.47.9300000 AM,02276,1.51911E+17,,10,B
3578,6525,69,12.18.5,M,ISO Country Code,aa,304,Y,,N,307,69,16,FWB,17,FWB Message 17,CargoIMP,,01-FEB-14 11.45.52.0000000 AM,SYSTEM,20-FEB-18 10.00.47.9300000 AM,02276,1.51911E+17,,10,B
3579,6526,69,12.19,O,Service Code Details,,,,,N,308,69,16,FWB,17,FWB Message 17,CargoIMP,,01-FEB-14 11.45.52.0000000 AM,SYSTEM,20-FEB-18 10.00.47.9300000 AM,02276,1.51911E+17,,10,B
3580,6527,69,12.19.1,M,Separator,Slant,,,,N,309,69,16,FWB,17,FWB Message 17,CargoIMP,,01-FEB-14 11.45.52.0000000 AM,SYSTEM,20-FEB-18 10.00.47.9300000 AM,02276,1.51911E+17,,10,B
3581,6528,69,12.19.2,M,pcf:Service Code,a,505,,,N,310,69,16,FWB,17,FWB Message 17,CargoIMP,,01-FEB-14 11.45.52.0000000 AM,SYSTEM,20-FEB-18 10.00.47.9300000 AM,02276,1.51911E+17,,10,B
3582,6529,69,12.20,O,cf:Line Separator,CRLF,,,,N,311,69,16,FWB,17,FWB Message 17,CargoIMP,,01-FEB-14 11.45.52.0000000 AM,SYSTEM,20-FEB-18 10.00.47.9300000 AM,02276,1.51911E+17,,10,B
3583,6530,69,13,O,Other Charges,,,,,N,312,69,16,FWB,17,FWB Message 17,CargoIMP,,01-FEB-14 11.45.52.0000000 AM,SYSTEM,20-FEB-18 10.00.47.9300000 AM,02276,1.51911E+17,,10,B
3584,6531,69,13.1,M,Line Identifier,aaa,103,,OTH,N,313,69,16,FWB,17,FWB Message 17,CargoIMP,,01-FEB-14 11.45.52.0000000 AM,SYSTEM,20-FEB-18 10.00.47.9300000 AM,02276,1.51911E+17,,10,B
3585,6532,69,13.2,M,Charge Line,,,,,N,314,69,16,FWB,17,FWB Message 17,CargoIMP,,01-FEB-14 11.45.52.0000000 AM,SYSTEM,20-FEB-18 10.00.47.9300000 AM,02276,1.51911E+17,,10,B
3586,6533,69,13.2.1,M,Separator,Slant,,,,N,315,69,16,FWB,17,FWB Message 17,CargoIMP,,01-FEB-14 11.45.52.0000000 AM,SYSTEM,20-FEB-18 10.00.47.9300000 AM,02276,1.51911E+17,,10,B
3587,6534,69,13.2.2,M,PC Indicator,a,403,,,N,316,69,16,FWB,17,FWB Message 17,CargoIMP,,01-FEB-14 11.45.52.0000000 AM,SYSTEM,20-FEB-18 10.00.47.9300000 AM,02276,1.51911E+17,,10,B
3588,6535,69,13.2.3,M,Separator,Slant,,,,N,317,69,16,FWB,17,FWB Message 17,CargoIMP,,01-FEB-14 11.45.52.0000000 AM,SYSTEM,20-FEB-18 10.00.47.9300000 AM,02276,1.51911E+17,,10,B
3589,6536,69,13.2.4,M,pcf:Other Charge Items,,,,,N,318,69,16,FWB,17,FWB Message 17,CargoIMP,,01-FEB-14 11.45.52.0000000 AM,SYSTEM,20-FEB-18 10.00.47.9300000 AM,02276,1.51911E+17,,10,B
3590,6537,69,13.2.4.1,M,Other Charge Code,aa,504,,,N,319,69,16,FWB,17,FWB Message 17,CargoIMP,,01-FEB-14 11.45.52.0000000 AM,SYSTEM,20-FEB-18 10.00.47.9300000 AM,02276,1.51911E+17,,10,B
3591,6538,69,13.2.4.2,M,pcf:Entitlement Code,a,315,,,N,320,69,16,FWB,17,FWB Message 17,CargoIMP,,01-FEB-14 11.45.52.0000000 AM,SYSTEM,20-FEB-18 10.00.47.9300000 AM,02276,1.51911E+17,,10,B
3592,6539,69,13.2.4.3,M,Charge Amount,n[...12]p,501,,,N,321,69,16,FWB,17,FWB Message 17,CargoIMP,,01-FEB-14 11.45.52.0000000 AM,SYSTEM,20-FEB-18 10.00.47.9300000 AM,02276,1.51911E+17,,10,B
3593,6540,69,13.3,M,Separator,CRLF,,,,N,322,69,16,FWB,17,FWB Message 17,CargoIMP,,01-FEB-14 11.45.52.0000000 AM,SYSTEM,20-FEB-18 10.00.47.9300000 AM,02276,1.51911E+17,,10,B
3594,6541,69,14,O,Prepaid Charge Summary,,,,,N,323,69,16,FWB,17,FWB Message 17,CargoIMP,,01-FEB-14 11.45.52.0000000 AM,SYSTEM,20-FEB-18 10.00.47.9300000 AM,02276,1.51911E+17,,10,B
3595,6542,69,14.1,M,pcf:PPD Identifier,aaa,103,,PPD,N,324,69,16,FWB,17,FWB Message 17,CargoIMP,,01-FEB-14 11.45.52.0000000 AM,SYSTEM,20-FEB-18 10.00.47.9300000 AM,02276,1.51911E+17,,10,B
3596,6543,69,14.2,O,Total Weight Charge,,,,,N,325,69,16,FWB,17,FWB Message 17,CargoIMP,,01-FEB-14 11.45.52.0000000 AM,SYSTEM,20-FEB-18 10.00.47.9300000 AM,02276,1.51911E+17,,10,B
3597,6544,69,14.2.1,M,Separator,Slant,,,,N,326,69,16,FWB,17,FWB Message 17,CargoIMP,,01-FEB-14 11.45.52.0000000 AM,SYSTEM,20-FEB-18 10.00.47.9300000 AM,02276,1.51911E+17,,10,B
3598,6545,69,14.2.2,M,Charge Identifier,aa,502,,WT,N,327,69,16,FWB,17,FWB Message 17,CargoIMP,,01-FEB-14 11.45.52.0000000 AM,SYSTEM,20-FEB-18 10.00.47.9300000 AM,02276,1.51911E+17,,10,B
3599,6546,69,14.2.3,M,Weight Charge Amount,n[...12]p,501,,,N,328,69,16,FWB,17,FWB Message 17,CargoIMP,,01-FEB-14 11.45.52.0000000 AM,SYSTEM,20-FEB-18 10.00.47.9300000 AM,02276,1.51911E+17,,10,B
3600,6547,69,14.3,O,Valuation Charge,,,,,N,329,69,16,FWB,17,FWB Message 17,CargoIMP,,01-FEB-14 11.45.52.0000000 AM,SYSTEM,20-FEB-18 10.00.47.9300000 AM,02276,1.51911E+17,,10,B
3601,6548,69,14.3.1,M,Separator,Slant,,,,N,330,69,16,FWB,17,FWB Message 17,CargoIMP,,01-FEB-14 11.45.52.0000000 AM,SYSTEM,20-FEB-18 10.00.47.9300000 AM,02276,1.51911E+17,,10,B
3602,6549,69,14.3.2,M,Charge Identifier,aa,502,,VC,N,331,69,16,FWB,17,FWB Message 17,CargoIMP,,01-FEB-14 11.45.52.0000000 AM,SYSTEM,20-FEB-18 10.00.47.9300000 AM,02276,1.51911E+17,,10,B
3603,6550,69,14.3.3,M,Valuation Charge Amount,n[...12]p,501,,,N,332,69,16,FWB,17,FWB Message 17,CargoIMP,,01-FEB-14 11.45.52.0000000 AM,SYSTEM,20-FEB-18 10.00.47.9300000 AM,02276,1.51911E+17,,10,B
3604,6551,69,14.4,O,Taxes,,,,,N,333,69,16,FWB,17,FWB Message 17,CargoIMP,,01-FEB-14 11.45.52.0000000 AM,SYSTEM,20-FEB-18 10.00.47.9300000 AM,02276,1.51911E+17,,10,B
3605,6552,69,14.4.1,M,Separator,Slant,,,,N,334,69,16,FWB,17,FWB Message 17,CargoIMP,,01-FEB-14 11.45.52.0000000 AM,SYSTEM,20-FEB-18 10.00.47.9300000 AM,02276,1.51911E+17,,10,B
3606,6553,69,14.4.2,M,Charge Identifier,aa,502,,TX,N,335,69,16,FWB,17,FWB Message 17,CargoIMP,,01-FEB-14 11.45.52.0000000 AM,SYSTEM,20-FEB-18 10.00.47.9300000 AM,02276,1.51911E+17,,10,B
3607,6554,69,14.4.3,M,Taxes Charge Amount,n[...12]p,,,,N,336,69,16,FWB,17,FWB Message 17,CargoIMP,,01-FEB-14 11.45.52.0000000 AM,SYSTEM,20-FEB-18 10.00.47.9300000 AM,02276,1.51911E+17,,10,B
3608,6555,69,14.5,M,Separator,CRLF,,,,N,337,69,16,FWB,17,FWB Message 17,CargoIMP,,01-FEB-14 11.45.52.0000000 AM,SYSTEM,20-FEB-18 10.00.47.9300000 AM,02276,1.51911E+17,,10,B
3609,6556,69,14.6,O,Total Other Charges Due Agent,,,,,N,338,69,16,FWB,17,FWB Message 17,CargoIMP,,01-FEB-14 11.45.52.0000000 AM,SYSTEM,20-FEB-18 10.00.47.9300000 AM,02276,1.51911E+17,,10,B
3610,6557,69,14.6.1,M,Separator,Slant,,,,N,339,69,16,FWB,17,FWB Message 17,CargoIMP,,01-FEB-14 11.45.52.0000000 AM,SYSTEM,20-FEB-18 10.00.47.9300000 AM,02276,1.51911E+17,,10,B
3611,6558,69,14.6.2,M,Charge Identifier,aa,502,,OA,N,340,69,16,FWB,17,FWB Message 17,CargoIMP,,01-FEB-14 11.45.52.0000000 AM,SYSTEM,20-FEB-18 10.00.47.9300000 AM,02276,1.51911E+17,,10,B
3612,6559,69,14.6.3,M,Agent Charge Amount,n[...12]p,501,,,N,341,69,16,FWB,17,FWB Message 17,CargoIMP,,01-FEB-14 11.45.52.0000000 AM,SYSTEM,20-FEB-18 10.00.47.9300000 AM,02276,1.51911E+17,,10,B
3613,6560,69,14.7,O,Total Other Charges Due Carrier,,,,,N,342,69,16,FWB,17,FWB Message 17,CargoIMP,,01-FEB-14 11.45.52.0000000 AM,SYSTEM,20-FEB-18 10.00.47.9300000 AM,02276,1.51911E+17,,10,B
3614,6561,69,14.7.1,M,Separator,Slant,,,,N,343,69,16,FWB,17,FWB Message 17,CargoIMP,,01-FEB-14 11.45.52.0000000 AM,SYSTEM,20-FEB-18 10.00.47.9300000 AM,02276,1.51911E+17,,10,B
3615,6562,69,14.7.2,M,Charge Identifier,aa,502,,OC,N,344,69,16,FWB,17,FWB Message 17,CargoIMP,,01-FEB-14 11.45.52.0000000 AM,SYSTEM,20-FEB-18 10.00.47.9300000 AM,02276,1.51911E+17,,10,B
3616,6563,69,14.7.3,M,Carrier Charge Amount,n[...12]p,501,,,N,345,69,16,FWB,17,FWB Message 17,CargoIMP,,01-FEB-14 11.45.52.0000000 AM,SYSTEM,20-FEB-18 10.00.47.9300000 AM,02276,1.51911E+17,,10,B
3617,6564,69,14.8,M,Charge Summary Total,,,,,N,346,69,16,FWB,17,FWB Message 17,CargoIMP,,01-FEB-14 11.45.52.0000000 AM,SYSTEM,20-FEB-18 10.00.47.9300000 AM,02276,1.51911E+17,,10,B
3618,6565,69,14.8.1,M,Separator,Slant,,,,N,347,69,16,FWB,17,FWB Message 17,CargoIMP,,01-FEB-14 11.45.52.0000000 AM,SYSTEM,20-FEB-18 10.00.47.9300000 AM,02276,1.51911E+17,,10,B
3619,6566,69,14.8.2,M,Charge Identifier,aa,502,,CT,N,348,69,16,FWB,17,FWB Message 17,CargoIMP,,01-FEB-14 11.45.52.0000000 AM,SYSTEM,20-FEB-18 10.00.47.9300000 AM,02276,1.51911E+17,,10,B
3620,6567,69,14.8.3,M,Total Charge Amount,n[...12]p,501,,,N,349,69,16,FWB,17,FWB Message 17,CargoIMP,,01-FEB-14 11.45.52.0000000 AM,SYSTEM,20-FEB-18 10.00.47.9300000 AM,02276,1.51911E+17,,10,B
3621,6568,69,14.9,M,Separator,CRLF,,,,N,350,69,16,FWB,17,FWB Message 17,CargoIMP,,01-FEB-14 11.45.52.0000000 AM,SYSTEM,20-FEB-18 10.00.47.9300000 AM,02276,1.51911E+17,,10,B
3622,6569,69,15,O,Collect Charge Summary,,,,,N,351,69,16,FWB,17,FWB Message 17,CargoIMP,,01-FEB-14 11.45.52.0000000 AM,SYSTEM,20-FEB-18 10.00.47.9300000 AM,02276,1.51911E+17,,10,B
3623,6570,69,15.1,M,Line Identifier,aaa,103,,COL,N,352,69,16,FWB,17,FWB Message 17,CargoIMP,,01-FEB-14 11.45.52.0000000 AM,SYSTEM,20-FEB-18 10.00.47.9300000 AM,02276,1.51911E+17,,10,B
3624,6571,69,15.2,O,Collect Total Weight Charge,,,,,N,353,69,16,FWB,17,FWB Message 17,CargoIMP,,01-FEB-14 11.45.52.0000000 AM,SYSTEM,20-FEB-18 10.00.47.9300000 AM,02276,1.51911E+17,,10,B
3625,6572,69,15.2.1,M,Separator,Slant,,,,N,354,69,16,FWB,17,FWB Message 17,CargoIMP,,01-FEB-14 11.45.52.0000000 AM,SYSTEM,20-FEB-18 10.00.47.9300000 AM,02276,1.51911E+17,,10,B
3626,6573,69,15.2.2,M,Charge Identifier,aa,502,,WT,N,355,69,16,FWB,17,FWB Message 17,CargoIMP,,01-FEB-14 11.45.52.0000000 AM,SYSTEM,20-FEB-18 10.00.47.9300000 AM,02276,1.51911E+17,,10,B
3627,6574,69,15.2.3,M,Weight Charge Amount,n[...12]p,501,,,N,356,69,16,FWB,17,FWB Message 17,CargoIMP,,01-FEB-14 11.45.52.0000000 AM,SYSTEM,20-FEB-18 10.00.47.9300000 AM,02276,1.51911E+17,,10,B
3923,6575,69,15.3,O,Valuation Charge,,,,,N,357,69,16,FWB,17,FWB Message 17,CargoIMP,,01-FEB-14 11.45.52.0000000 AM,SYSTEM,20-FEB-18 10.00.47.9300000 AM,02276,1.51911E+17,,10,B
3924,6576,69,15.3.1,M,Separator,Slant,,,,N,358,69,16,FWB,17,FWB Message 17,CargoIMP,,01-FEB-14 11.45.52.0000000 AM,SYSTEM,20-FEB-18 10.00.47.9300000 AM,02276,1.51911E+17,,10,B
3925,6577,69,15.3.2,M,Charge Identifier,aa,502,,VC,N,359,69,16,FWB,17,FWB Message 17,CargoIMP,,01-FEB-14 11.45.52.0000000 AM,SYSTEM,20-FEB-18 10.00.47.9300000 AM,02276,1.51911E+17,,10,B
3926,6578,69,15.3.3,M,Valuation Charge Amount,n[...12]p,501,,,N,360,69,16,FWB,17,FWB Message 17,CargoIMP,,01-FEB-14 11.45.52.0000000 AM,SYSTEM,20-FEB-18 10.00.47.9300000 AM,02276,1.51911E+17,,10,B
3927,6579,69,15.4,O,Taxes,,,,,N,361,69,16,FWB,17,FWB Message 17,CargoIMP,,01-FEB-14 11.45.52.0000000 AM,SYSTEM,20-FEB-18 10.00.47.9300000 AM,02276,1.51911E+17,,10,B
3928,6580,69,15.4.1,M,Separator,Slant,,,,N,362,69,16,FWB,17,FWB Message 17,CargoIMP,,01-FEB-14 11.45.52.0000000 AM,SYSTEM,20-FEB-18 10.00.47.9300000 AM,02276,1.51911E+17,,10,B
3929,6581,69,15.4.2,M,Charge Identifier,aa,502,,TX,N,363,69,16,FWB,17,FWB Message 17,CargoIMP,,01-FEB-14 11.45.52.0000000 AM,SYSTEM,20-FEB-18 10.00.47.9300000 AM,02276,1.51911E+17,,10,B
3930,6582,69,15.4.3,M,Taxes Charge Amount,n[...12]p,,,,N,364,69,16,FWB,17,FWB Message 17,CargoIMP,,01-FEB-14 11.45.52.0000000 AM,SYSTEM,20-FEB-18 10.00.47.9300000 AM,02276,1.51911E+17,,10,B
3931,6583,69,15.5,M,Separator,CRLF,,,,N,365,69,16,FWB,17,FWB Message 17,CargoIMP,,01-FEB-14 11.45.52.0000000 AM,SYSTEM,20-FEB-18 10.00.47.9300000 AM,02276,1.51911E+17,,10,B
3932,6584,69,15.6,O,Total Other Charges Due Agent,,,,,N,366,69,16,FWB,17,FWB Message 17,CargoIMP,,01-FEB-14 11.45.52.0000000 AM,SYSTEM,20-FEB-18 10.00.47.9300000 AM,02276,1.51911E+17,,10,B
3933,6585,69,15.6.1,M,Separator,Slant,,,,N,367,69,16,FWB,17,FWB Message 17,CargoIMP,,01-FEB-14 11.45.52.0000000 AM,SYSTEM,20-FEB-18 10.00.47.9300000 AM,02276,1.51911E+17,,10,B
3934,6586,69,15.6.2,M,Charge Identifier,aa,502,,OA,N,368,69,16,FWB,17,FWB Message 17,CargoIMP,,01-FEB-14 11.45.52.0000000 AM,SYSTEM,20-FEB-18 10.00.47.9300000 AM,02276,1.51911E+17,,10,B
3935,6587,69,15.6.3,M,Agent Charge Amount,n[...12]p,501,,,N,369,69,16,FWB,17,FWB Message 17,CargoIMP,,01-FEB-14 11.45.52.0000000 AM,SYSTEM,20-FEB-18 10.00.47.9300000 AM,02276,1.51911E+17,,10,B
3936,6588,69,15.7,O,Total Other Charges Due Carrier,,,,,N,370,69,16,FWB,17,FWB Message 17,CargoIMP,,01-FEB-14 11.45.52.0000000 AM,SYSTEM,20-FEB-18 10.00.47.9300000 AM,02276,1.51911E+17,,10,B
3937,6589,69,15.7.1,M,Separator,Slant,,,,N,371,69,16,FWB,17,FWB Message 17,CargoIMP,,01-FEB-14 11.45.52.0000000 AM,SYSTEM,20-FEB-18 10.00.47.9300000 AM,02276,1.51911E+17,,10,B
3938,6590,69,15.7.2,M,Charge Identifier,aa,502,,OC,N,372,69,16,FWB,17,FWB Message 17,CargoIMP,,01-FEB-14 11.45.52.0000000 AM,SYSTEM,20-FEB-18 10.00.47.9300000 AM,02276,1.51911E+17,,10,B
3939,6591,69,15.7.3,M,Carrier Charge Amount,n[...12]p,501,,,N,373,69,16,FWB,17,FWB Message 17,CargoIMP,,01-FEB-14 11.45.52.0000000 AM,SYSTEM,20-FEB-18 10.00.47.9300000 AM,02276,1.51911E+17,,10,B
3940,6592,69,15.8,M,Charge Summary Total,,,,,N,374,69,16,FWB,17,FWB Message 17,CargoIMP,,01-FEB-14 11.45.52.0000000 AM,SYSTEM,20-FEB-18 10.00.47.9300000 AM,02276,1.51911E+17,,10,B
3941,6593,69,15.8.1,M,Separator,Slant,,,,N,375,69,16,FWB,17,FWB Message 17,CargoIMP,,01-FEB-14 11.45.52.0000000 AM,SYSTEM,20-FEB-18 10.00.47.9300000 AM,02276,1.51911E+17,,10,B
3942,6594,69,15.8.2,M,Charge Identifier,aa,502,,CT,N,376,69,16,FWB,17,FWB Message 17,CargoIMP,,01-FEB-14 11.45.52.0000000 AM,SYSTEM,20-FEB-18 10.00.47.9300000 AM,02276,1.51911E+17,,10,B
3943,6595,69,15.8.3,M,Total Charge Amount,n[...12]p,501,,,N,377,69,16,FWB,17,FWB Message 17,CargoIMP,,01-FEB-14 11.45.52.0000000 AM,SYSTEM,20-FEB-18 10.00.47.9300000 AM,02276,1.51911E+17,,10,B
3944,6596,69,15.9,M,Separator,CRLF,,,,N,378,69,16,FWB,17,FWB Message 17,CargoIMP,,01-FEB-14 11.45.52.0000000 AM,SYSTEM,20-FEB-18 10.00.47.9300000 AM,02276,1.51911E+17,,10,B
3945,6597,69,16,O,Shippers Certification,,,,,N,379,69,16,FWB,17,FWB Message 17,CargoIMP,,01-FEB-14 11.45.52.0000000 AM,SYSTEM,20-FEB-18 10.00.47.9300000 AM,02276,1.51911E+17,,10,B
3946,6598,69,16.1,M,Line Identifier,aaa,103,,CER,N,380,69,16,FWB,17,FWB Message 17,CargoIMP,,01-FEB-14 11.45.52.0000000 AM,SYSTEM,20-FEB-18 10.00.47.9300000 AM,02276,1.51911E+17,,10,B
3947,6599,69,16.2,M,Separator,Slant,,,,N,381,69,16,FWB,17,FWB Message 17,CargoIMP,,01-FEB-14 11.45.52.0000000 AM,SYSTEM,20-FEB-18 10.00.47.9300000 AM,02276,1.51911E+17,,10,B
3948,6600,69,16.3,M,Shippers Certification Signature,t[...20],414,,,N,382,69,16,FWB,17,FWB Message 17,CargoIMP,,01-FEB-14 11.45.52.0000000 AM,SYSTEM,20-FEB-18 10.00.47.9300000 AM,02276,1.51911E+17,,10,B
3949,6601,69,16.4,M,Separator,CRLF,,,,N,383,69,16,FWB,17,FWB Message 17,CargoIMP,,01-FEB-14 11.45.52.0000000 AM,SYSTEM,20-FEB-18 10.00.47.9300000 AM,02276,1.51911E+17,,10,B
3950,6602,69,17,M,Carriers Execution,,,,,N,384,69,16,FWB,17,FWB Message 17,CargoIMP,,01-FEB-14 11.45.52.0000000 AM,SYSTEM,20-FEB-18 10.00.47.9300000 AM,02276,1.51911E+17,,10,B
3951,6603,69,17.1,M,Line Identifier,aaa,103,,ISU,N,385,69,16,FWB,17,FWB Message 17,CargoIMP,,01-FEB-14 11.45.52.0000000 AM,SYSTEM,20-FEB-18 10.00.47.9300000 AM,02276,1.51911E+17,,10,B
3952,6604,69,17.2,M,AWB Issue Details,,,,,N,386,69,16,FWB,17,FWB Message 17,CargoIMP,,01-FEB-14 11.45.52.0000000 AM,SYSTEM,20-FEB-18 10.00.47.9300000 AM,02276,1.51911E+17,,10,B
3953,6605,69,17.2.1,M,Separator,Slant,,,,N,387,69,16,FWB,17,FWB Message 17,CargoIMP,,01-FEB-14 11.45.52.0000000 AM,SYSTEM,20-FEB-18 10.00.47.9300000 AM,02276,1.51911E+17,,10,B
3954,6606,69,17.2.2,M,Day,nn,202,,,N,388,69,16,FWB,17,FWB Message 17,CargoIMP,,01-FEB-14 11.45.52.0000000 AM,SYSTEM,20-FEB-18 10.00.47.9300000 AM,02276,1.51911E+17,,10,B
3955,6607,69,17.2.3,M,Month,aaa,201,,,N,389,69,16,FWB,17,FWB Message 17,CargoIMP,,01-FEB-14 11.45.52.0000000 AM,SYSTEM,20-FEB-18 10.00.47.9300000 AM,02276,1.51911E+17,,10,B
3956,6608,69,17.2.4,M,Year,nn,200,,,N,390,69,16,FWB,17,FWB Message 17,CargoIMP,,01-FEB-14 11.45.52.0000000 AM,SYSTEM,20-FEB-18 10.00.47.9300000 AM,02276,1.51911E+17,,10,B
3957,6609,69,17.2.5,M,Separator,Slant,,,,N,391,69,16,FWB,17,FWB Message 17,CargoIMP,,01-FEB-14 11.45.52.0000000 AM,SYSTEM,20-FEB-18 10.00.47.9300000 AM,02276,1.51911E+17,,10,B
3958,6610,69,17.2.6,M,fcf:Place,t[...17],302,,,N,392,69,16,FWB,17,FWB Message 17,CargoIMP,,01-FEB-14 11.45.52.0000000 AM,SYSTEM,20-FEB-18 10.00.47.9300000 AM,02276,1.51911E+17,,10,B
3959,6611,69,17.2.7,M,Airport City,aaa,,,,N,393,69,16,FWB,17,FWB Message 17,CargoIMP,,01-FEB-14 11.45.52.0000000 AM,SYSTEM,20-FEB-18 10.00.47.9300000 AM,02276,1.51911E+17,,10,B
3960,6612,69,17.3,O,Authorisation,,,,,N,394,69,16,FWB,17,FWB Message 17,CargoIMP,,01-FEB-14 11.45.52.0000000 AM,SYSTEM,20-FEB-18 10.00.47.9300000 AM,02276,1.51911E+17,,10,B
3961,6613,69,17.3.1,M,Separator,Slant,,,,N,395,69,16,FWB,17,FWB Message 17,CargoIMP,,01-FEB-14 11.45.52.0000000 AM,SYSTEM,20-FEB-18 10.00.47.9300000 AM,02276,1.51911E+17,,10,B
3962,6614,69,17.3.2,M,Signature,t[...20],414,,,N,396,69,16,FWB,17,FWB Message 17,CargoIMP,,01-FEB-14 11.45.52.0000000 AM,SYSTEM,20-FEB-18 10.00.47.9300000 AM,02276,1.51911E+17,,10,B
3963,6615,69,17.4,M,Separator,CRLF,,,,N,397,69,16,FWB,17,FWB Message 17,CargoIMP,,01-FEB-14 11.45.52.0000000 AM,SYSTEM,20-FEB-18 10.00.47.9300000 AM,02276,1.51911E+17,,10,B
3964,6616,69,18,O,Other Service Information,,,,,N,398,69,16,FWB,17,FWB Message 17,CargoIMP,,01-FEB-14 11.45.52.0000000 AM,SYSTEM,20-FEB-18 10.00.47.9300000 AM,02276,1.51911E+17,,10,B
3965,6617,69,18.1,M,Line Identifier,aaa,103,,OSI,N,399,69,16,FWB,17,FWB Message 17,CargoIMP,,01-FEB-14 11.45.52.0000000 AM,SYSTEM,20-FEB-18 10.00.47.9300000 AM,02276,1.51911E+17,,10,B
3966,6618,69,18.2,M,Separator,Slant,,,,N,400,69,16,FWB,17,FWB Message 17,CargoIMP,,01-FEB-14 11.45.52.0000000 AM,SYSTEM,20-FEB-18 10.00.47.9300000 AM,02276,1.51911E+17,,10,B
3967,6619,69,18.3,M,Other Service Information,t[...65],405,,,N,401,69,16,FWB,17,FWB Message 17,CargoIMP,,01-FEB-14 11.45.52.0000000 AM,SYSTEM,20-FEB-18 10.00.47.9300000 AM,02276,1.51911E+17,,10,B
3968,6620,69,18.4,M,Separator,CRLF,,,,N,402,69,16,FWB,17,FWB Message 17,CargoIMP,,01-FEB-14 11.45.52.0000000 AM,SYSTEM,20-FEB-18 10.00.47.9300000 AM,02276,1.51911E+17,,10,B
3969,6621,69,19,O,CC Charges in Destination Currency,,,,,N,403,69,16,FWB,17,FWB Message 17,CargoIMP,,01-FEB-14 11.45.52.0000000 AM,SYSTEM,20-FEB-18 10.00.47.9300000 AM,02276,1.51911E+17,,10,B
3970,6622,69,19.1,M,Line Identifier,aaa,103,,CDC,N,404,69,16,FWB,17,FWB Message 17,CargoIMP,,01-FEB-14 11.45.52.0000000 AM,SYSTEM,20-FEB-18 10.00.47.9300000 AM,02276,1.51911E+17,,10,B
3971,6623,69,19.2,M,Separator,Slant,,,,N,405,69,16,FWB,17,FWB Message 17,CargoIMP,,01-FEB-14 11.45.52.0000000 AM,SYSTEM,20-FEB-18 10.00.47.9300000 AM,02276,1.51911E+17,,10,B
3972,6624,69,19.3,M,Destination Currency,,,,,N,406,69,16,FWB,17,FWB Message 17,CargoIMP,,01-FEB-14 11.45.52.0000000 AM,SYSTEM,20-FEB-18 10.00.47.9300000 AM,02276,1.51911E+17,,10,B
3973,6625,69,19.3.1,M,ISO Currency Code,aaa,606,,,N,407,69,16,FWB,17,FWB Message 17,CargoIMP,,01-FEB-14 11.45.52.0000000 AM,SYSTEM,20-FEB-18 10.00.47.9300000 AM,02276,1.51911E+17,,10,B
3974,6626,69,19.4,M,Currency Conversion Rate,,,,,N,408,69,16,FWB,17,FWB Message 17,CargoIMP,,01-FEB-14 11.45.52.0000000 AM,SYSTEM,20-FEB-18 10.00.47.9300000 AM,02276,1.51911E+17,,10,B
3975,6627,69,19.4.1,M,Rate of Exchange,n[...11]p,607,,,N,409,69,16,FWB,17,FWB Message 17,CargoIMP,,01-FEB-14 11.45.52.0000000 AM,SYSTEM,20-FEB-18 10.00.47.9300000 AM,02276,1.51911E+17,,10,B
3976,6628,69,19.5,M,Separator,Slant,,,,N,410,69,16,FWB,17,FWB Message 17,CargoIMP,,01-FEB-14 11.45.52.0000000 AM,SYSTEM,20-FEB-18 10.00.47.9300000 AM,02276,1.51911E+17,,10,B
3977,6629,69,19.6,M,CC Charges in Destination Currency,,,,,N,411,69,16,FWB,17,FWB Message 17,CargoIMP,,01-FEB-14 11.45.52.0000000 AM,SYSTEM,20-FEB-18 10.00.47.9300000 AM,02276,1.51911E+17,,10,B
3978,6630,69,19.6.1,M,Destination Currency Charge Amount,n[...12]p,501,,,N,412,69,16,FWB,17,FWB Message 17,CargoIMP,,01-FEB-14 11.45.52.0000000 AM,SYSTEM,20-FEB-18 10.00.47.9300000 AM,02276,1.51911E+17,,10,B
3979,6631,69,19.7,M,Separator,Slant,,,,N,413,69,16,FWB,17,FWB Message 17,CargoIMP,,01-FEB-14 11.45.52.0000000 AM,SYSTEM,20-FEB-18 10.00.47.9300000 AM,02276,1.51911E+17,,10,B
3980,6632,69,19.8,M,Charges at Destination,,,,,N,414,69,16,FWB,17,FWB Message 17,CargoIMP,,01-FEB-14 11.45.52.0000000 AM,SYSTEM,20-FEB-18 10.00.47.9300000 AM,02276,1.51911E+17,,10,B
3981,6633,69,19.8.1,M,Destination Charge Amount,n[...12]p,501,,,N,415,69,16,FWB,17,FWB Message 17,CargoIMP,,01-FEB-14 11.45.52.0000000 AM,SYSTEM,20-FEB-18 10.00.47.9300000 AM,02276,1.51911E+17,,10,B
3982,6634,69,19.9,M,Separator,Slant,,,,N,416,69,16,FWB,17,FWB Message 17,CargoIMP,,01-FEB-14 11.45.52.0000000 AM,SYSTEM,20-FEB-18 10.00.47.9300000 AM,02276,1.51911E+17,,10,B
3983,6635,69,19.10,M,Total Collect Charges,,,,,N,417,69,16,FWB,17,FWB Message 17,CargoIMP,,01-FEB-14 11.45.52.0000000 AM,SYSTEM,20-FEB-18 10.00.47.9300000 AM,02276,1.51911E+17,,10,B
3984,6636,69,19.10.1,M,Total Charge Amount,n[...12]p,501,,,N,418,69,16,FWB,17,FWB Message 17,CargoIMP,,01-FEB-14 11.45.52.0000000 AM,SYSTEM,20-FEB-18 10.00.47.9300000 AM,02276,1.51911E+17,,10,B
3985,6637,69,19.11,M,Separator,CRLF,,,,N,419,69,16,FWB,17,FWB Message 17,CargoIMP,,01-FEB-14 11.45.52.0000000 AM,SYSTEM,20-FEB-18 10.00.47.9300000 AM,02276,1.51911E+17,,10,B
3986,6638,69,20,M,Sender Reference,,,,,N,420,69,16,FWB,17,FWB Message 17,CargoIMP,,01-FEB-14 11.45.52.0000000 AM,SYSTEM,20-FEB-18 10.00.47.9300000 AM,02276,1.51911E+17,,10,B
3987,6639,69,20.1,M,Line Identifier,aaa,103,,REF,N,421,69,16,FWB,17,FWB Message 17,CargoIMP,,01-FEB-14 11.45.52.0000000 AM,SYSTEM,20-FEB-18 10.00.47.9300000 AM,02276,1.51911E+17,,10,B
3988,6640,69,20.2,M,Separator,Slant,,,,N,422,69,16,FWB,17,FWB Message 17,CargoIMP,,01-FEB-14 11.45.52.0000000 AM,SYSTEM,20-FEB-18 10.00.47.9300000 AM,02276,1.51911E+17,,10,B
3989,6641,69,20.3,O,pcf:Sender Office Message Address,,,,,N,423,69,16,FWB,17,FWB Message 17,CargoIMP,,01-FEB-14 11.45.52.0000000 AM,SYSTEM,20-FEB-18 10.00.47.9300000 AM,02276,1.51911E+17,,10,B
3990,6642,69,20.3.1,M,Sender Office Airport Code,aaa,313,,,N,424,69,16,FWB,17,FWB Message 17,CargoIMP,,01-FEB-14 11.45.52.0000000 AM,SYSTEM,20-FEB-18 10.00.47.9300000 AM,02276,1.51911E+17,,10,B
3991,6643,69,20.3.2,M,Office Function Designator,mm,107,,,N,425,69,16,FWB,17,FWB Message 17,CargoIMP,,01-FEB-14 11.45.52.0000000 AM,SYSTEM,20-FEB-18 10.00.47.9300000 AM,02276,1.51911E+17,,10,B
3992,6644,69,20.3.3,M,Company Designator,mm,308,,,N,426,69,16,FWB,17,FWB Message 17,CargoIMP,,01-FEB-14 11.45.52.0000000 AM,SYSTEM,20-FEB-18 10.00.47.9300000 AM,02276,1.51911E+17,,10,B
3993,6645,69,20.4,O,Separator,Slant,,,,N,427,69,16,FWB,17,FWB Message 17,CargoIMP,,01-FEB-14 11.45.52.0000000 AM,SYSTEM,20-FEB-18 10.00.47.9300000 AM,02276,1.51911E+17,,10,B
3994,6646,69,20.5,O,Sender Office File Reference,,,,,N,428,69,16,FWB,17,FWB Message 17,CargoIMP,,01-FEB-14 11.45.52.0000000 AM,SYSTEM,20-FEB-18 10.00.47.9300000 AM,02276,1.51911E+17,,10,B
3995,6647,69,20.5.1,M,pcf:File Reference,t[...15],117,,,N,429,69,16,FWB,17,FWB Message 17,CargoIMP,,01-FEB-14 11.45.52.0000000 AM,SYSTEM,20-FEB-18 10.00.47.9300000 AM,02276,1.51911E+17,,10,B
3996,6648,69,20.6,O,Sender Participant Identification,,,,,N,430,69,16,FWB,17,FWB Message 17,CargoIMP,,01-FEB-14 11.45.52.0000000 AM,SYSTEM,20-FEB-18 10.00.47.9300000 AM,02276,1.51911E+17,,10,B
3997,6649,69,20.6.1,O,Separator,Slant,,,,N,431,69,16,FWB,17,FWB Message 17,CargoIMP,,01-FEB-14 11.45.52.0000000 AM,SYSTEM,20-FEB-18 10.00.47.9300000 AM,02276,1.51911E+17,,10,B
3998,6650,69,20.6.2,M,Participant Identifier,m[...3],319,,,N,432,69,16,FWB,17,FWB Message 17,CargoIMP,,01-FEB-14 11.45.52.0000000 AM,SYSTEM,20-FEB-18 10.00.47.9300000 AM,02276,1.51911E+17,,10,B
3999,6651,69,20.6.3,M,Separator,Slant,,,,N,433,69,16,FWB,17,FWB Message 17,CargoIMP,,01-FEB-14 11.45.52.0000000 AM,SYSTEM,20-FEB-18 10.00.47.9300000 AM,02276,1.51911E+17,,10,B
4000,6652,69,20.6.4,M,Participant Code,t[...17],320,,,N,434,69,16,FWB,17,FWB Message 17,CargoIMP,,01-FEB-14 11.45.52.0000000 AM,SYSTEM,20-FEB-18 10.00.47.9300000 AM,02276,1.51911E+17,,10,B
4001,6653,69,20.6.5,M,Separator,Slant,,,,N,435,69,16,FWB,17,FWB Message 17,CargoIMP,,01-FEB-14 11.45.52.0000000 AM,SYSTEM,20-FEB-18 10.00.47.9300000 AM,02276,1.51911E+17,,10,B
4002,6654,69,20.6.6,M,Sender Participant Airport Code,aaa,313,,,N,436,69,16,FWB,17,FWB Message 17,CargoIMP,,01-FEB-14 11.45.52.0000000 AM,SYSTEM,20-FEB-18 10.00.47.9300000 AM,02276,1.51911E+17,,10,B
4003,6655,69,20.7,M,Separator,CRLF,,,,N,437,69,16,FWB,17,FWB Message 17,CargoIMP,,01-FEB-14 11.45.52.0000000 AM,SYSTEM,20-FEB-18 10.00.47.9300000 AM,02276,1.51911E+17,,10,B
4004,6656,69,21,O,Customs Origin,,,,,N,438,69,16,FWB,17,FWB Message 17,CargoIMP,,01-FEB-14 11.45.52.0000000 AM,SYSTEM,20-FEB-18 10.00.47.9300000 AM,02276,1.51911E+17,,10,B
4005,6657,69,21.1,M,Line Identifier,aaa,103,,COR,N,439,69,16,FWB,17,FWB Message 17,CargoIMP,,01-FEB-14 11.45.52.0000000 AM,SYSTEM,20-FEB-18 10.00.47.9300000 AM,02276,1.51911E+17,,10,B
4006,6658,69,21.2,M,Separator,Slant,,,,N,440,69,16,FWB,17,FWB Message 17,CargoIMP,,01-FEB-14 11.45.52.0000000 AM,SYSTEM,20-FEB-18 10.00.47.9300000 AM,02276,1.51911E+17,,10,B
4007,6659,69,21.3,M,Customs Origin Code,m[...2],906,,,N,441,69,16,FWB,17,FWB Message 17,CargoIMP,,01-FEB-14 11.45.52.0000000 AM,SYSTEM,20-FEB-18 10.00.47.9300000 AM,02276,1.51911E+17,,10,B
4008,6660,69,21.4,M,Separator,CRLF,,,,N,442,69,16,FWB,17,FWB Message 17,CargoIMP,,01-FEB-14 11.45.52.0000000 AM,SYSTEM,20-FEB-18 10.00.47.9300000 AM,02276,1.51911E+17,,10,B
4009,6661,69,22,O,Commission Information,,,,,N,443,69,16,FWB,17,FWB Message 17,CargoIMP,,01-FEB-14 11.45.52.0000000 AM,SYSTEM,20-FEB-18 10.00.47.9300000 AM,02276,1.51911E+17,,10,B
4010,6662,69,22.1,M,Line Identifier,aaa,103,,COI,N,444,69,16,FWB,17,FWB Message 17,CargoIMP,,01-FEB-14 11.45.52.0000000 AM,SYSTEM,20-FEB-18 10.00.47.9300000 AM,02276,1.51911E+17,,10,B
4011,6663,69,22.2,M,Separator,Slant,,,,N,445,69,16,FWB,17,FWB Message 17,CargoIMP,,01-FEB-14 11.45.52.0000000 AM,SYSTEM,20-FEB-18 10.00.47.9300000 AM,02276,1.51911E+17,,10,B
4012,6664,69,22.3,O,No Commission Indication,,,,,N,446,69,16,FWB,17,FWB Message 17,CargoIMP,,01-FEB-14 11.45.52.0000000 AM,SYSTEM,20-FEB-18 10.00.47.9300000 AM,02276,1.51911E+17,,10,B
4013,6665,69,22.3.1,M,CASS Indicator,a[...2],,,,N,447,69,16,FWB,17,FWB Message 17,CargoIMP,,01-FEB-14 11.45.52.0000000 AM,SYSTEM,20-FEB-18 10.00.47.9300000 AM,02276,1.51911E+17,,10,B
4014,6666,69,22.4,M,Separator,Slant,,,,N,448,69,16,FWB,17,FWB Message 17,CargoIMP,,01-FEB-14 11.45.52.0000000 AM,SYSTEM,20-FEB-18 10.00.47.9300000 AM,02276,1.51911E+17,,10,B
4015,6667,69,22.5,O,Commission Amount,,,,,N,449,69,16,FWB,17,FWB Message 17,CargoIMP,,01-FEB-14 11.45.52.0000000 AM,SYSTEM,20-FEB-18 10.00.47.9300000 AM,02276,1.51911E+17,,10,B
4016,6668,69,22.5.1,M,CASS Settlement Factor,n[...12]p,613,,,N,450,69,16,FWB,17,FWB Message 17,CargoIMP,,01-FEB-14 11.45.52.0000000 AM,SYSTEM,20-FEB-18 10.00.47.9300000 AM,02276,1.51911E+17,,10,B
4017,6669,69,22.6,M,Separator,Slant,,,,N,451,69,16,FWB,17,FWB Message 17,CargoIMP,,01-FEB-14 11.45.52.0000000 AM,SYSTEM,20-FEB-18 10.00.47.9300000 AM,02276,1.51911E+17,,10,B
4018,6670,69,22.7,M,Commission Percentage,,,,,N,452,69,16,FWB,17,FWB Message 17,CargoIMP,,01-FEB-14 11.45.52.0000000 AM,SYSTEM,20-FEB-18 10.00.47.9300000 AM,02276,1.51911E+17,,10,B
4019,6671,69,22.7.1,M,CASS Settlement Factor,n[...12]p,613,,,N,453,69,16,FWB,17,FWB Message 17,CargoIMP,,01-FEB-14 11.45.52.0000000 AM,SYSTEM,20-FEB-18 10.00.47.9300000 AM,02276,1.51911E+17,,10,B
4020,6672,69,22.8,M,Separator,CRLF,,,,N,454,69,16,FWB,17,FWB Message 17,CargoIMP,,01-FEB-14 11.45.52.0000000 AM,SYSTEM,20-FEB-18 10.00.47.9300000 AM,02276,1.51911E+17,,10,B
4021,6673,69,23,O,Sales Incentive Information,,,,,N,455,69,16,FWB,17,FWB Message 17,CargoIMP,,01-FEB-14 11.45.52.0000000 AM,SYSTEM,20-FEB-18 10.00.47.9300000 AM,02276,1.51911E+17,,10,B
4022,6674,69,23.1,M,Line Identifier,aaa,103,,SII,N,456,69,16,FWB,17,FWB Message 17,CargoIMP,,01-FEB-14 11.45.52.0000000 AM,SYSTEM,20-FEB-18 10.00.47.9300000 AM,02276,1.51911E+17,,10,B
4023,6675,69,23.2,M,Separator,Slant,,,,N,457,69,16,FWB,17,FWB Message 17,CargoIMP,,01-FEB-14 11.45.52.0000000 AM,SYSTEM,20-FEB-18 10.00.47.9300000 AM,02276,1.51911E+17,,10,B
4024,6676,69,23.3,M,Sales Incentive Detail,,,,,N,458,69,16,FWB,17,FWB Message 17,CargoIMP,,01-FEB-14 11.45.52.0000000 AM,SYSTEM,20-FEB-18 10.00.47.9300000 AM,02276,1.51911E+17,,10,B
4025,6677,69,23.3.1,M,Charge Amount,n[...12]p,501,,,N,459,69,16,FWB,17,FWB Message 17,CargoIMP,,01-FEB-14 11.45.52.0000000 AM,SYSTEM,20-FEB-18 10.00.47.9300000 AM,02276,1.51911E+17,,10,B
4026,6678,69,23.4,O,Separator,Slant,,,,N,460,69,16,FWB,17,FWB Message 17,CargoIMP,,01-FEB-14 11.45.52.0000000 AM,SYSTEM,20-FEB-18 10.00.47.9300000 AM,02276,1.51911E+17,,10,B
4027,6679,69,23.5,O,Sales Incentive Indication,,,,,N,461,69,16,FWB,17,FWB Message 17,CargoIMP,,01-FEB-14 11.45.52.0000000 AM,SYSTEM,20-FEB-18 10.00.47.9300000 AM,02276,1.51911E+17,,10,B
4028,6680,69,23.5.1,M,CASS Indicator,a[...2],614,,,N,462,69,16,FWB,17,FWB Message 17,CargoIMP,,01-FEB-14 11.45.52.0000000 AM,SYSTEM,20-FEB-18 10.00.47.9300000 AM,02276,1.51911E+17,,10,B
4029,6681,69,23.6,M,Separator,CRLF,,,,N,463,69,16,FWB,17,FWB Message 17,CargoIMP,,01-FEB-14 11.45.52.0000000 AM,SYSTEM,20-FEB-18 10.00.47.9300000 AM,02276,1.51911E+17,,10,B
4030,6682,69,24,O,Agent Reference Data,,,,,N,464,69,16,FWB,17,FWB Message 17,CargoIMP,,01-FEB-14 11.45.52.0000000 AM,SYSTEM,20-FEB-18 10.00.47.9300000 AM,02276,1.51911E+17,,10,B
4031,6683,69,24.1,M,Line Identifier,aaa,103,,ARD,N,465,69,16,FWB,17,FWB Message 17,CargoIMP,,01-FEB-14 11.45.52.0000000 AM,SYSTEM,20-FEB-18 10.00.47.9300000 AM,02276,1.51911E+17,,10,B
4032,6684,69,24.2,M,Separator,Slant,,,,N,466,69,16,FWB,17,FWB Message 17,CargoIMP,,01-FEB-14 11.45.52.0000000 AM,SYSTEM,20-FEB-18 10.00.47.9300000 AM,02276,1.51911E+17,,10,B
4033,6685,69,24.3,M,Agent Reference,,,,,N,467,69,16,FWB,17,FWB Message 17,CargoIMP,,01-FEB-14 11.45.52.0000000 AM,SYSTEM,20-FEB-18 10.00.47.9300000 AM,02276,1.51911E+17,,10,B
4034,6686,69,24.3.1,M,File Reference,t[...15],117,,,N,468,69,16,FWB,17,FWB Message 17,CargoIMP,,01-FEB-14 11.45.52.0000000 AM,SYSTEM,20-FEB-18 10.00.47.9300000 AM,02276,1.51911E+17,,10,B
4035,6687,69,24.4,M,Separator,CRLF,,,,N,469,69,16,FWB,17,FWB Message 17,CargoIMP,,01-FEB-14 11.45.52.0000000 AM,SYSTEM,20-FEB-18 10.00.47.9300000 AM,02276,1.51911E+17,,10,B
4036,6688,69,25,O,Special Handling Details,,,,,N,470,69,16,FWB,17,FWB Message 17,CargoIMP,,01-FEB-14 11.45.52.0000000 AM,SYSTEM,20-FEB-18 10.00.47.9300000 AM,02276,1.51911E+17,,10,B
4037,6689,69,25.1,M,Line Identifier,aaa,103,,SPH,N,471,69,16,FWB,17,FWB Message 17,CargoIMP,,01-FEB-14 11.45.52.0000000 AM,SYSTEM,20-FEB-18 10.00.47.9300000 AM,02276,1.51911E+17,,10,B
4038,6690,69,25.2,M,Special Handling Requirements,,,,,N,472,69,16,FWB,17,FWB Message 17,CargoIMP,,01-FEB-14 11.45.52.0000000 AM,SYSTEM,20-FEB-18 10.00.47.9300000 AM,02276,1.51911E+17,,10,B
4039,6691,69,25.2.1,M,Separator,Slant,,,,N,473,69,16,FWB,17,FWB Message 17,CargoIMP,,01-FEB-14 11.45.52.0000000 AM,SYSTEM,20-FEB-18 10.00.47.9300000 AM,02276,1.51911E+17,,10,B
4040,6692,69,25.2.2,M,Special Handling Code,aaa,705,,,N,474,69,16,FWB,17,FWB Message 17,CargoIMP,,01-FEB-14 11.45.52.0000000 AM,SYSTEM,20-FEB-18 10.00.47.9300000 AM,02276,1.51911E+17,,10,B
4041,6693,69,25.3,M,Separator,CRLF,,,,N,475,69,16,FWB,17,FWB Message 17,CargoIMP,,01-FEB-14 11.45.52.0000000 AM,SYSTEM,20-FEB-18 10.00.47.9300000 AM,02276,1.51911E+17,,10,B
4042,6694,69,26,O,Nominated Handling Party,,,,,N,476,69,16,FWB,17,FWB Message 17,CargoIMP,,01-FEB-14 11.45.52.0000000 AM,SYSTEM,20-FEB-18 10.00.47.9300000 AM,02276,1.51911E+17,,10,B
4043,6695,69,26.1,M,Line Identifier,aaa,103,,NOM,N,477,69,16,FWB,17,FWB Message 17,CargoIMP,,01-FEB-14 11.45.52.0000000 AM,SYSTEM,20-FEB-18 10.00.47.9300000 AM,02276,1.51911E+17,,10,B
4044,6696,69,26.2,M,Separator,Slant,,,,N,478,69,16,FWB,17,FWB Message 17,CargoIMP,,01-FEB-14 11.45.52.0000000 AM,SYSTEM,20-FEB-18 10.00.47.9300000 AM,02276,1.51911E+17,,10,B
4045,6697,69,26.3,M,Name,t[...35],300,,,N,479,69,16,FWB,17,FWB Message 17,CargoIMP,,01-FEB-14 11.45.52.0000000 AM,SYSTEM,20-FEB-18 10.00.47.9300000 AM,02276,1.51911E+17,,10,B
4046,6698,69,26.4,M,Separator,Slant,,,,N,480,69,16,FWB,17,FWB Message 17,CargoIMP,,01-FEB-14 11.45.52.0000000 AM,SYSTEM,20-FEB-18 10.00.47.9300000 AM,02276,1.51911E+17,,10,B
4047,6699,69,26.5,M,Place,t[...17],302,,,N,481,69,16,FWB,17,FWB Message 17,CargoIMP,,01-FEB-14 11.45.52.0000000 AM,SYSTEM,20-FEB-18 10.00.47.9300000 AM,02276,1.51911E+17,,10,B
4048,6700,69,26.6,M,Separator,CRLF,,,,N,482,69,16,FWB,17,FWB Message 17,CargoIMP,,01-FEB-14 11.45.52.0000000 AM,SYSTEM,20-FEB-18 10.00.47.9300000 AM,02276,1.51911E+17,,10,B
4049,6701,69,27,O,Shipment Reference Information,,,,,N,483,69,16,FWB,17,FWB Message 17,CargoIMP,,01-FEB-14 11.45.52.0000000 AM,SYSTEM,20-FEB-18 10.00.47.9300000 AM,02276,1.51911E+17,,10,B
4050,6702,69,27.1,M,Line Identifier,aaa,103,,SRI,N,484,69,16,FWB,17,FWB Message 17,CargoIMP,,01-FEB-14 11.45.52.0000000 AM,SYSTEM,20-FEB-18 10.00.47.9300000 AM,02276,1.51911E+17,,10,B
4051,6703,69,27.2,M,Separator,Slant,,,,N,485,69,16,FWB,17,FWB Message 17,CargoIMP,,01-FEB-14 11.45.52.0000000 AM,SYSTEM,20-FEB-18 10.00.47.9300000 AM,02276,1.51911E+17,,10,B
4052,6704,69,27.3,M,Reference Number,t[...14],132,,,N,486,69,16,FWB,17,FWB Message 17,CargoIMP,,01-FEB-14 11.45.52.0000000 AM,SYSTEM,20-FEB-18 10.00.47.9300000 AM,02276,1.51911E+17,,10,B
4053,6705,69,27.4,O,Separator,Slant,,,,N,487,69,16,FWB,17,FWB Message 17,CargoIMP,,01-FEB-14 11.45.52.0000000 AM,SYSTEM,20-FEB-18 10.00.47.9300000 AM,02276,1.51911E+17,,10,B
4054,6706,69,27.5,O,Supplementary Shipment Information,t[...12],133,,,N,488,69,16,FWB,17,FWB Message 17,CargoIMP,,01-FEB-14 11.45.52.0000000 AM,SYSTEM,20-FEB-18 10.00.47.9300000 AM,02276,1.51911E+17,,10,B
4055,6707,69,27.6,M,Separator,CRLF,,,,N,489,69,16,FWB,17,FWB Message 17,CargoIMP,,01-FEB-14 11.45.52.0000000 AM,SYSTEM,20-FEB-18 10.00.47.9300000 AM,02276,1.51911E+17,,10,B
4056,6708,69,28,O,Other Participant Information,,,,,N,490,69,16,FWB,17,FWB Message 17,CargoIMP,,01-FEB-14 11.45.52.0000000 AM,SYSTEM,20-FEB-18 10.00.47.9300000 AM,02276,1.51911E+17,,10,B
4057,6709,69,28.1,M,cf:OPI Identifier,aaa,103,,OPI,N,491,69,16,FWB,17,FWB Message 17,CargoIMP,,01-FEB-14 11.45.52.0000000 AM,SYSTEM,20-FEB-18 10.00.47.9300000 AM,02276,1.51911E+17,,10,B
4058,6710,69,28.2,M,Separator,Slant,,,,N,492,69,16,FWB,17,FWB Message 17,CargoIMP,,01-FEB-14 11.45.52.0000000 AM,SYSTEM,20-FEB-18 10.00.47.9300000 AM,02276,1.51911E+17,,10,B
4059,6711,69,28.3,M,Name,t[...35],300,,,N,493,69,16,FWB,17,FWB Message 17,CargoIMP,,01-FEB-14 11.45.52.0000000 AM,SYSTEM,20-FEB-18 10.00.47.9300000 AM,02276,1.51911E+17,,10,B
4060,6712,69,28.4,M,Separator,CRLF,,,,N,494,69,16,FWB,17,FWB Message 17,CargoIMP,,01-FEB-14 11.45.52.0000000 AM,SYSTEM,20-FEB-18 10.00.47.9300000 AM,02276,1.51911E+17,,10,B
4061,6713,69,28.5,M,Separator,Slant,,,,N,495,69,16,FWB,17,FWB Message 17,CargoIMP,,01-FEB-14 11.45.52.0000000 AM,SYSTEM,20-FEB-18 10.00.47.9300000 AM,02276,1.51911E+17,,10,B
4062,6714,69,28.6,O,Other Participant Office Message Address,,,,,N,496,69,16,FWB,17,FWB Message 17,CargoIMP,,01-FEB-14 11.45.52.0000000 AM,SYSTEM,20-FEB-18 10.00.47.9300000 AM,02276,1.51911E+17,,10,B
4063,6715,69,28.6.1,M,Airport Code,aaa,313,,,N,497,69,16,FWB,17,FWB Message 17,CargoIMP,,01-FEB-14 11.45.52.0000000 AM,SYSTEM,20-FEB-18 10.00.47.9300000 AM,02276,1.51911E+17,,10,B
4064,6716,69,28.6.2,M,Office Function Designator,mm,107,,,N,498,69,16,FWB,17,FWB Message 17,CargoIMP,,01-FEB-14 11.45.52.0000000 AM,SYSTEM,20-FEB-18 10.00.47.9300000 AM,02276,1.51911E+17,,10,B
4065,6717,69,28.6.3,M,Company Designator,mm,308,,,N,499,69,16,FWB,17,FWB Message 17,CargoIMP,,01-FEB-14 11.45.52.0000000 AM,SYSTEM,20-FEB-18 10.00.47.9300000 AM,02276,1.51911E+17,,10,B
4066,6718,69,28.7,O,Separator,Slant,,,,N,500,69,16,FWB,17,FWB Message 17,CargoIMP,,01-FEB-14 11.45.52.0000000 AM,SYSTEM,20-FEB-18 10.00.47.9300000 AM,02276,1.51911E+17,,10,B
4067,6719,69,28.8,O,Other Participant Office File Reference,,,,,N,501,69,16,FWB,17,FWB Message 17,CargoIMP,,01-FEB-14 11.45.52.0000000 AM,SYSTEM,20-FEB-18 10.00.47.9300000 AM,02276,1.51911E+17,,10,B
4068,6720,69,28.8.1,M,File Reference,t[...15],117,,,N,502,69,16,FWB,17,FWB Message 17,CargoIMP,,01-FEB-14 11.45.52.0000000 AM,SYSTEM,20-FEB-18 10.00.47.9300000 AM,02276,1.51911E+17,,10,B
4069,6721,69,28.9,O,Other Participant Identification,,,,,N,503,69,16,FWB,17,FWB Message 17,CargoIMP,,01-FEB-14 11.45.52.0000000 AM,SYSTEM,20-FEB-18 10.00.47.9300000 AM,02276,1.51911E+17,,10,B
4070,6722,69,28.9.1,M,Separator,Slant,,,,N,504,69,16,FWB,17,FWB Message 17,CargoIMP,,01-FEB-14 11.45.52.0000000 AM,SYSTEM,20-FEB-18 10.00.47.9300000 AM,02276,1.51911E+17,,10,B
4071,6723,69,28.9.2,M,Participant Identifier,m[...3],319,,,N,505,69,16,FWB,17,FWB Message 17,CargoIMP,,01-FEB-14 11.45.52.0000000 AM,SYSTEM,20-FEB-18 10.00.47.9300000 AM,02276,1.51911E+17,,10,B
4072,6724,69,28.9.3,M,Separator,Slant,,,,N,506,69,16,FWB,17,FWB Message 17,CargoIMP,,01-FEB-14 11.45.52.0000000 AM,SYSTEM,20-FEB-18 10.00.47.9300000 AM,02276,1.51911E+17,,10,B
4073,6725,69,28.9.4,M,Participant Code,m[...17],320,,,N,507,69,16,FWB,17,FWB Message 17,CargoIMP,,01-FEB-14 11.45.52.0000000 AM,SYSTEM,20-FEB-18 10.00.47.9300000 AM,02276,1.51911E+17,,10,B
4074,6726,69,28.9.5,M,Separator,Slant,,,,N,508,69,16,FWB,17,FWB Message 17,CargoIMP,,01-FEB-14 11.45.52.0000000 AM,SYSTEM,20-FEB-18 10.00.47.9300000 AM,02276,1.51911E+17,,10,B
4075,6727,69,28.9.6,M,Aiport Code,aaa,313,,,N,509,69,16,FWB,17,FWB Message 17,CargoIMP,,01-FEB-14 11.45.52.0000000 AM,SYSTEM,20-FEB-18 10.00.47.9300000 AM,02276,1.51911E+17,,10,B
4076,6728,69,28.10,M,Separator,CRLF,,,,N,510,69,16,FWB,17,FWB Message 17,CargoIMP,,01-FEB-14 11.45.52.0000000 AM,SYSTEM,20-FEB-18 10.00.47.9300000 AM,02276,1.51911E+17,,10,B
4077,6729,69,29,O,Other Customs Security and Regulatory Control Information,,,,,N,511,69,16,FWB,17,FWB Message 17,CargoIMP,,01-FEB-14 11.45.52.0000000 AM,SYSTEM,20-FEB-18 10.00.47.9300000 AM,02276,1.51911E+17,,10,B
4078,6730,69,29.1,M,Line Identifier,aaa,103,,OCI,N,512,69,16,FWB,17,FWB Message 17,CargoIMP,,01-FEB-14 11.45.52.0000000 AM,SYSTEM,20-FEB-18 10.00.47.9300000 AM,02276,1.51911E+17,,10,B
4079,6731,69,29.2,M,Separator,Slant,,,,N,513,69,16,FWB,17,FWB Message 17,CargoIMP,,01-FEB-14 11.45.52.0000000 AM,SYSTEM,20-FEB-18 10.00.47.9300000 AM,02276,1.51911E+17,,10,B
4080,6732,69,29.3,O,ISO Country Code,aa,304,Y,,N,514,69,16,FWB,17,FWB Message 17,CargoIMP,,01-FEB-14 11.45.52.0000000 AM,SYSTEM,20-FEB-18 10.00.47.9300000 AM,02276,1.51911E+17,,10,B
4081,6733,69,29.4,M,Separator,Slant,,,,N,515,69,16,FWB,17,FWB Message 17,CargoIMP,,01-FEB-14 11.45.52.0000000 AM,SYSTEM,20-FEB-18 10.00.47.9300000 AM,02276,1.51911E+17,,10,B
4082,6734,69,29.5,O,Information Identifier,aaa,103,,,N,516,69,16,FWB,17,FWB Message 17,CargoIMP,,01-FEB-14 11.45.52.0000000 AM,SYSTEM,20-FEB-18 10.00.47.9300000 AM,02276,1.51911E+17,,10,B
4083,6735,69,29.6,M,Separator,Slant,,,,N,517,69,16,FWB,17,FWB Message 17,CargoIMP,,01-FEB-14 11.45.52.0000000 AM,SYSTEM,20-FEB-18 10.00.47.9300000 AM,02276,1.51911E+17,,10,B
4084,6736,69,29.7,M,pcf:Customs Security and Regulatory Control Information Identifier,a[...2],941,,,N,518,69,16,FWB,17,FWB Message 17,CargoIMP,,01-FEB-14 11.45.52.0000000 AM,SYSTEM,20-FEB-18 10.00.47.9300000 AM,02276,1.51911E+17,,10,B
4085,6737,69,29.8,M,Separator,Slant,,,,N,519,69,16,FWB,17,FWB Message 17,CargoIMP,,01-FEB-14 11.45.52.0000000 AM,SYSTEM,20-FEB-18 10.00.47.9300000 AM,02276,1.51911E+17,,10,B
4086,6738,69,29.9,M,Supplementary Customs Security and Regulatory Control Information,t[...35],940,,,N,520,69,16,FWB,17,FWB Message 17,CargoIMP,,01-FEB-14 11.45.52.0000000 AM,SYSTEM,20-FEB-18 10.00.47.9300000 AM,02276,1.51911E+17,,10,B
4087,6739,69,29.10,M,Separator,CRLF,,,,N,521,69,16,FWB,17,FWB Message 17,CargoIMP,,01-FEB-14 11.45.52.0000000 AM,SYSTEM,20-FEB-18 10.00.47.9300000 AM,02276,1.51911E+17,,10,B
